asset_id,co2_tons,methane_leakage_tons,energy_consumption_mwh,date
WEL000952,3954.07,89.29,4174.62,2023-01-28
REF001984,375.98,175.55,46160.86,2019-06-17
WEL002582,4646.97,48.7,12018.34,2020-03-04
WEL002150,975.19,115.3,19794.94,2021-07-02
PIP001828,3981.91,142.15,35147.49,2019-09-09
WEL001141,1142.63,9.51,45892.26,2022-08-11
REF002284,1820.68,124.07,6822.25,2024-11-16
WEL000474,1754.29,197.09,5253.96,2018-11-01
REF001268,4739.76,33.29,148.32,2024-10-15
WEL002749,2983.76,24.14,16166.99,2022-02-19
WEL002477,4385.57,100.37,34792.18,2023-10-25
WEL000074,1597.64,14.17,14855.23,2023-05-05
REF001242,3797.84,181.21,34883.29,2024-04-27
REF002286,3626.19,162.06,45946.14,2024-07-15
WEL002062,1801.45,12.93,23213.49,2018-08-10
REF000439,3158.21,157.88,49094.83,2019-11-13
PIP000644,772.22,158.31,38677.36,2021-07-02
PIP002019,4415.6,137.8,12231.26,2021-12-11
REF001611,3740.18,52.92,49792.18,2023-04-18
REF001043,1596.45,18.14,4407.16,2019-09-13
REF000224,3978.35,5.66,19523.92,2021-08-17
REF000342,2846.44,121.04,11218.12,2020-08-03
PIP002352,1877.66,23.06,4521.52,2018-03-30
REF001810,2443.45,95.45,41625.18,2020-07-24
REF002860,4498.33,66.38,15978.31,2018-01-29
PIP002632,1057.49,71.31,29575.47,2019-08-22
PIP000242,4996.9,41.57,30010.9,2024-12-04
REF002752,3675.75,111.65,19580.77,2021-11-23
PIP000685,1200.0,199.83,5148.08,2020-10-31
REF001624,221.1,29.36,36957.9,2019-10-21
PIP000007,2251.1,49.46,27943.09,2021-06-17
WEL000112,4940.71,175.86,29740.3,2021-05-27
WEL002900,4956.45,5.9,10499.64,2020-10-19
REF002362,2094.23,117.03,14739.32,2018-08-23
PIP001301,2660.39,92.53,41014.8,2019-10-13
PIP001296,2765.35,60.75,26525.31,2019-07-07
WEL002632,112.76,49.41,44761.52,2021-04-29
REF001191,2324.11,192.89,33861.23,2022-04-18
REF001390,4172.67,47.75,49092.56,2021-12-23
WEL000694,3402.49,166.62,30687.15,2019-10-14
REF000446,4188.82,179.27,22023.64,2023-09-11
PIP001316,4850.08,191.46,26876.24,2023-12-14
REF002141,1439.2,185.02,39162.97,2018-09-06
WEL001474,1068.25,171.16,29418.58,2019-03-21
PIP002884,2532.39,110.21,13513.47,2024-03-25
PIP000800,4855.67,172.31,38601.27,2018-03-23
REF002708,4429.98,23.04,9245.21,2021-12-17
PIP000659,1779.44,65.52,399.09,2018-05-01
WEL001101,1470.04,106.62,11997.38,2022-10-05
PIP001733,275.84,57.53,19140.36,2023-03-10
REF002568,1777.38,86.19,17854.84,2019-01-16
REF002974,3501.87,87.82,9075.93,2020-09-17
WEL002350,2430.7,97.1,16118.72,2023-10-19
REF000013,1587.42,85.73,15940.79,2019-03-12
WEL002406,1497.7,193.07,3235.36,2023-07-08
PIP000130,1570.57,83.45,25357.47,2021-02-19
WEL002479,3608.69,3.41,26334.75,2019-03-04
REF002984,2458.02,46.76,26898.82,2023-04-21
WEL002089,2537.75,136.81,22711.49,2021-03-21
REF001776,2349.99,92.19,47466.18,2020-09-09
REF002123,704.06,11.52,43354.95,2023-04-13
REF000950,1241.77,66.33,17003.33,2019-02-14
PIP002960,2273.65,71.15,13720.77,2020-11-30
PIP001110,2511.21,87.66,39493.42,2021-07-27
REF002856,4137.89,186.26,22219.0,2019-04-30
PIP002698,4885.36,187.01,15932.3,2020-10-23
REF002861,2275.39,128.61,18964.52,2022-05-02
WEL002599,3797.68,68.08,7611.73,2024-03-20
REF001255,1485.47,20.52,48855.53,2022-02-07
REF002569,2247.07,64.47,19175.46,2024-03-07
PIP002043,3184.88,132.54,40425.54,2022-06-25
PIP001594,2494.46,185.38,31124.86,2021-03-27
PIP000878,1307.13,163.45,34450.48,2018-08-14
REF001929,2025.17,18.65,49570.05,2019-05-09
REF000071,4547.47,111.84,28463.39,2018-06-04
PIP000994,2750.78,15.17,37180.17,2020-04-12
WEL002360,1381.04,177.07,46877.69,2021-07-17
REF000173,752.03,149.96,42292.9,2022-07-18
WEL001394,996.03,150.68,1092.78,2018-08-19
PIP000141,1192.75,41.56,7386.83,2018-09-06
PIP000613,4493.66,34.55,41693.8,2024-10-22
PIP001381,3974.82,151.28,17475.43,2024-05-29
REF002523,1577.35,90.22,17079.45,2024-01-19
REF000533,1224.61,7.61,39259.29,2023-06-09
REF001698,807.25,156.93,41026.34,2024-03-21
REF001423,2143.26,126.2,3363.74,2021-06-25
REF000009,4012.96,90.99,17825.65,2022-04-19
REF002267,841.67,149.61,13990.16,2024-07-25
REF000498,4657.61,31.08,23134.86,2019-08-22
REF000866,2606.11,45.15,13731.58,2021-03-05
REF000699,4515.23,136.62,19386.12,2018-11-29
PIP001973,3261.82,101.41,19554.21,2024-11-21
WEL001584,1004.68,81.63,26135.22,2024-10-01
PIP002042,1924.84,198.57,30124.91,2022-10-06
WEL000046,3527.96,101.39,21963.17,2019-02-27
WEL000675,4957.2,145.79,1882.98,2021-01-22
REF000939,2049.37,121.0,3027.95,2023-06-21
PIP000029,1800.45,143.76,34891.87,2024-12-04
WEL002778,2206.79,120.31,19851.29,2023-08-14
REF002259,1222.89,88.62,17384.95,2021-05-11
WEL002034,4520.66,28.47,17221.92,2019-10-15
WEL000143,1451.55,60.38,14994.42,2021-12-30
WEL002613,1915.06,116.11,6862.96,2022-05-05
REF002556,1005.86,139.28,47920.26,2024-08-21
PIP002680,3957.91,132.58,34822.54,2023-05-14
REF000337,1953.44,3.43,22577.26,2022-01-07
PIP001159,4697.82,75.59,40698.18,2018-07-30
WEL000120,2531.52,0.94,36652.44,2018-07-03
PIP002153,1956.98,136.28,49634.63,2021-08-15
REF002642,2361.27,183.77,12817.38,2020-10-09
PIP002613,819.5,184.95,30311.3,2022-12-21
PIP002662,1251.14,8.65,20450.96,2023-01-25
PIP001420,2423.84,19.28,26042.26,2023-08-03
REF002393,1997.52,89.0,45661.39,2021-01-04
REF001000,4702.53,169.11,21844.14,2021-01-16
WEL002700,4607.76,185.45,7081.53,2018-08-30
WEL001643,3039.64,20.77,29305.88,2018-07-05
REF000480,778.27,62.33,4960.61,2024-01-08
PIP002338,566.69,97.65,18212.97,2023-09-26
PIP000523,1812.98,14.38,4621.76,2018-05-13
WEL001692,4781.77,61.44,43952.44,2019-07-04
PIP000115,1837.45,29.45,45430.64,2022-08-12
PIP002188,244.6,169.54,30325.26,2023-08-05
PIP000795,3548.95,190.42,2502.58,2024-02-19
WEL001155,2768.46,111.96,36783.41,2020-04-24
REF000805,3890.77,88.88,7900.35,2019-09-21
PIP002285,2260.51,89.31,30833.18,2024-12-21
REF001973,2483.41,151.34,7125.54,2024-10-06
REF000271,320.1,132.79,15087.84,2020-07-22
PIP000279,3936.0,191.83,28237.22,2021-01-20
REF000554,122.44,181.86,30684.26,2023-05-02
REF000724,3518.36,126.6,44148.63,2021-04-23
REF000960,4156.1,44.48,39367.67,2018-02-23
PIP000354,2122.1,34.91,17889.66,2019-07-22
REF000937,1191.49,142.7,48925.71,2020-02-07
REF001206,1141.84,21.88,41409.37,2020-08-22
PIP000457,429.63,13.16,46226.58,2024-11-16
WEL000029,1484.99,56.63,42132.48,2019-01-23
REF002978,1463.57,29.5,14107.67,2024-05-16
WEL002810,725.23,39.68,47172.26,2020-01-05
WEL002580,2646.1,105.03,44827.77,2022-08-21
REF002448,3856.03,49.69,40270.2,2022-09-23
WEL002223,580.89,16.48,32214.85,2021-04-22
PIP002390,1060.35,98.26,4005.75,2021-10-01
PIP001809,4844.83,102.31,16035.16,2023-07-27
WEL002787,3065.58,31.1,114.08,2019-12-26
WEL002537,2051.53,111.53,5512.07,2018-01-22
PIP002165,4852.89,44.79,42961.64,2024-02-02
REF002044,1606.41,161.17,45499.13,2022-05-29
REF002331,3237.48,55.96,17262.6,2024-09-23
PIP002051,2151.85,29.21,18068.73,2018-05-17
REF000449,1757.29,60.24,37245.27,2021-09-15
PIP001653,635.99,104.27,3957.51,2023-05-05
WEL000391,558.48,9.67,7860.06,2018-09-05
WEL000293,4179.27,100.33,33834.6,2024-12-04
REF001788,1960.71,100.01,44615.01,2020-01-17
PIP000891,316.67,37.31,2377.31,2023-06-23
REF001120,1934.94,168.4,30543.97,2019-05-12
REF001710,884.97,14.27,37628.43,2020-03-22
REF000933,351.32,55.4,3708.42,2023-10-04
WEL001428,4638.27,30.28,23845.25,2019-05-29
REF000352,4823.41,146.34,15010.81,2024-01-30
WEL001287,1492.54,188.66,34889.53,2024-06-26
PIP001718,1201.19,171.6,24406.66,2023-02-10
WEL000101,4188.44,195.71,14122.25,2019-02-17
WEL001562,2348.58,45.8,32945.28,2020-06-13
PIP002307,3776.02,132.5,7055.47,2022-07-29
WEL000341,2167.1,135.2,14631.07,2020-05-08
WEL000080,4680.56,17.64,1587.68,2021-03-17
PIP000267,2144.02,41.97,8823.15,2020-10-20
WEL001399,2499.62,34.81,49642.61,2023-03-25
REF000066,1368.18,99.16,15716.31,2019-12-22
PIP001156,2424.57,189.23,27088.43,2019-12-21
REF001826,3338.97,89.06,2471.45,2024-08-26
PIP002337,4911.32,158.82,17096.55,2024-02-04
PIP002308,4600.54,100.41,37754.62,2023-05-07
WEL001532,277.86,23.1,45219.22,2022-10-29
REF001260,1903.4,158.47,10218.0,2024-08-10
REF000820,3634.99,137.78,33453.3,2018-07-22
PIP002619,1460.85,94.79,1212.84,2023-12-13
PIP000245,1971.0,127.19,48963.19,2022-01-10
REF001533,929.89,69.17,18011.86,2018-06-17
REF002148,883.14,169.13,22000.37,2018-10-16
WEL000770,1691.46,42.0,44949.93,2024-03-22
REF000877,3085.53,128.06,46376.18,2018-05-29
REF000335,456.57,2.27,48578.81,2024-05-25
REF002791,4539.89,154.54,44751.42,2019-03-01
REF002645,4274.31,136.19,3093.28,2018-09-17
REF001879,1228.2,17.8,17930.52,2024-10-04
PIP000543,4621.39,121.1,33660.62,2024-02-06
PIP000449,1429.46,147.31,4421.62,2020-08-06
REF001762,3609.14,100.88,49670.83,2023-05-06
REF001401,2197.04,18.64,38243.0,2023-02-20
PIP002601,1528.44,67.01,39264.62,2019-02-25
REF002593,2882.66,91.34,49277.17,2023-10-30
PIP001908,4362.17,112.57,2775.26,2018-12-25
REF001272,891.07,176.22,24827.47,2023-09-23
REF002159,4601.34,7.35,31463.26,2022-05-06
REF002895,1291.66,12.88,9564.96,2018-06-10
WEL000027,3132.22,117.65,17191.61,2024-06-18
WEL002953,4017.3,192.92,7279.88,2019-10-10
PIP001977,462.45,2.5,25922.29,2022-02-23
WEL001686,1316.88,113.19,44848.93,2023-03-18
WEL000756,1419.57,27.5,17270.01,2021-06-21
WEL001941,2970.12,168.48,7561.6,2020-03-26
WEL001075,2229.92,156.11,1598.04,2019-01-25
REF002336,3375.6,137.75,33126.01,2021-05-27
WEL001956,3648.87,70.41,40344.54,2019-04-15
PIP002057,4874.33,147.86,16047.94,2022-08-26
WEL002878,762.52,140.36,13999.84,2023-01-06
WEL000909,53.36,0.46,39898.96,2018-08-20
REF001424,3391.43,160.39,26066.16,2023-09-19
WEL001709,3676.61,24.75,10772.6,2021-07-21
WEL000048,2095.2,199.46,27357.43,2024-07-15
PIP001618,3841.69,158.21,1919.25,2021-01-01
PIP000265,950.14,159.56,6247.06,2019-06-22
WEL001391,484.75,188.62,9087.56,2022-10-06
PIP000069,1508.75,199.75,49847.09,2024-02-22
PIP002822,3301.76,107.64,35247.38,2019-12-26
REF002126,3121.27,143.62,40867.08,2020-12-07
WEL000318,2825.14,140.54,34896.55,2023-10-18
REF001906,1820.01,150.0,49192.69,2023-10-07
PIP000163,2268.88,53.98,3494.96,2019-05-11
PIP000827,641.14,79.54,38477.57,2023-02-22
REF002881,900.0,120.92,4221.22,2024-02-27
WEL001048,2601.32,31.52,46604.44,2019-09-11
WEL000295,3516.42,65.08,34160.62,2021-02-08
REF001496,3586.61,113.3,25878.56,2020-11-08
PIP000883,1459.09,44.93,47365.29,2018-04-22
REF000262,686.19,19.4,41560.77,2020-02-05
PIP001291,2266.36,99.57,41441.32,2018-05-19
WEL002874,173.69,102.57,15136.3,2021-10-04
WEL001381,4673.31,24.16,9030.94,2021-07-27
WEL001643,4238.28,0.55,44019.37,2019-07-07
REF001478,1692.82,71.97,29339.54,2018-02-18
REF000330,4494.32,122.11,40999.99,2021-02-23
REF002901,1152.47,110.47,8952.12,2023-08-01
WEL002798,2816.5,198.28,19251.63,2019-08-18
PIP001460,757.46,46.08,43074.29,2020-06-18
WEL002109,2422.77,162.12,44662.98,2020-10-23
REF001658,135.77,85.66,11073.79,2022-06-23
REF002113,476.71,32.66,1905.91,2024-02-23
WEL001577,2464.13,157.72,42393.66,2019-05-09
REF000050,2994.95,117.33,34129.1,2023-12-22
REF001142,4534.22,21.24,2641.52,2020-02-29
WEL000186,744.88,37.68,44801.62,2022-03-20
PIP001785,966.4,75.31,30020.38,2021-03-07
REF001412,2003.92,108.93,36437.37,2019-11-21
REF001111,3180.76,117.35,38733.07,2018-07-27
REF000434,3749.31,49.32,13447.39,2018-06-10
PIP002000,951.96,123.83,42065.25,2022-01-20
WEL001459,2802.85,135.84,44840.24,2022-01-27
WEL002511,3538.34,69.53,38658.13,2020-09-19
WEL001311,3754.27,110.88,42407.65,2023-12-02
WEL002234,4990.24,33.51,12594.53,2018-02-08
PIP001115,4953.26,116.75,21130.21,2019-07-12
REF001740,2817.69,134.02,42226.7,2022-07-29
REF001493,2128.87,57.85,49701.55,2023-05-24
REF000336,1387.56,147.47,41784.53,2020-06-17
REF002150,4583.07,132.42,45969.98,2020-12-15
PIP000598,2109.06,146.9,32854.27,2022-10-30
WEL002762,936.74,48.93,12021.12,2024-03-14
PIP001249,4621.56,59.39,34168.91,2021-10-04
PIP001822,4749.68,57.85,44323.8,2023-12-02
WEL001399,3845.93,27.74,24335.61,2018-12-15
WEL001903,2767.79,142.49,29143.66,2018-04-07
PIP000223,1408.67,49.61,25101.08,2023-02-18
WEL002222,1274.69,6.39,571.89,2023-10-26
REF000374,3419.75,89.86,15492.01,2018-02-25
WEL001069,1186.28,61.57,7248.97,2018-03-08
WEL000002,881.0,42.64,42418.34,2018-10-16
PIP000697,3895.37,92.45,4176.28,2024-02-08
PIP002907,4362.52,162.91,14915.11,2022-01-16
PIP002894,2822.16,185.45,42016.69,2019-05-22
WEL002727,2095.39,121.56,45007.41,2020-10-06
WEL000495,959.62,148.41,31079.68,2019-10-04
REF001234,4198.72,27.1,36721.62,2021-07-28
PIP002710,456.89,75.65,28271.29,2020-11-22
PIP000479,3602.76,193.32,23521.62,2021-03-15
PIP000994,1745.02,111.94,129.25,2023-02-03
PIP002698,537.03,133.31,34904.1,2020-05-10
WEL000453,1449.21,117.94,20233.59,2018-09-13
PIP001100,4552.52,15.55,7745.96,2019-07-07
REF001452,1237.27,118.82,30485.92,2022-01-26
PIP001192,2383.2,66.87,45610.61,2022-08-08
WEL000343,1121.56,13.89,8059.34,2019-07-18
WEL001250,47.29,42.81,33546.99,2023-07-30
PIP000622,3017.17,144.14,633.39,2021-09-12
PIP000287,267.97,133.38,30847.05,2023-06-29
REF000549,2972.05,78.63,20856.83,2018-06-26
PIP000853,1932.92,168.55,21310.92,2020-10-07
REF000861,4836.5,75.05,5321.43,2019-02-22
WEL001489,3289.7,93.79,22290.68,2019-05-10
PIP001737,2952.97,94.94,42966.39,2021-04-04
PIP002408,2746.37,14.83,41005.84,2018-08-26
REF000171,4782.24,139.98,11798.96,2019-02-19
PIP000422,3558.65,123.68,33315.44,2022-03-16
REF001302,4407.23,95.48,48386.64,2024-12-25
PIP001084,2582.71,144.5,32398.01,2020-09-29
REF002488,1054.46,194.59,5322.3,2019-05-10
REF002968,2928.34,69.09,7692.21,2018-09-27
WEL000537,752.56,198.63,24209.24,2023-12-19
WEL001689,3370.11,166.22,20299.26,2020-05-12
PIP002785,1184.01,134.19,998.75,2020-09-02
PIP002144,4063.08,160.22,31271.3,2018-10-31
WEL000137,168.12,150.12,35001.6,2024-06-08
PIP002462,4171.73,123.85,7761.85,2022-05-23
REF001915,3324.24,25.54,38009.64,2022-02-28
WEL000805,4595.77,113.5,27023.28,2019-05-04
PIP002690,956.76,29.86,15814.84,2022-04-30
WEL000361,3466.94,106.24,40022.7,2023-03-18
REF001682,4191.85,124.93,30171.22,2018-03-04
PIP001138,1626.82,34.81,19163.29,2023-06-19
WEL000549,4944.19,81.75,13244.11,2021-07-25
WEL000244,2996.94,135.79,19663.6,2023-07-21
WEL001961,4214.43,156.58,24690.63,2020-11-19
REF001038,4179.04,189.03,45207.7,2021-01-04
PIP001864,516.94,31.71,36357.13,2020-01-29
WEL000683,4338.62,9.99,18715.52,2022-03-02
WEL001570,2535.39,197.99,643.12,2021-11-06
REF001497,3865.07,27.88,15640.32,2019-01-30
WEL002327,2671.98,199.43,38150.02,2023-12-27
PIP001722,2297.58,101.47,26727.98,2022-03-10
REF001481,1591.84,1.0,19688.06,2021-02-07
WEL002818,2189.79,126.24,23390.11,2022-11-01
PIP000159,4392.06,74.38,10630.07,2019-01-02
PIP000618,117.12,152.61,39910.65,2022-12-10
WEL001466,4892.12,153.02,40379.62,2019-01-07
REF001112,4271.04,67.88,4980.68,2020-04-15
REF002060,3214.42,92.48,13544.15,2019-02-22
REF002096,1862.3,55.88,44056.09,2019-05-11
REF001569,1288.3,112.87,36631.73,2020-11-13
REF001469,521.78,92.09,18685.97,2018-08-08
PIP001891,3499.37,167.96,48002.19,2023-01-09
REF000683,1531.3,71.3,9658.23,2021-05-02
REF002675,1926.13,148.54,7492.94,2018-04-13
WEL001177,4989.87,111.61,37186.06,2022-05-17
PIP002976,2018.27,56.07,12180.82,2024-03-12
PIP001952,1735.26,57.21,15205.41,2021-04-23
WEL002975,4343.87,151.55,49216.21,2023-12-07
PIP001635,3751.75,120.78,2886.6,2023-04-21
WEL000171,2267.74,112.24,36478.1,2021-06-09
WEL002616,2924.22,145.99,22600.33,2023-09-24
WEL001108,1807.56,89.68,11554.52,2024-02-28
PIP000687,1403.05,51.89,8718.74,2018-07-30
REF001373,2445.08,3.94,37833.5,2021-03-16
PIP002203,4246.26,141.32,9902.04,2019-02-22
WEL001730,505.0,158.51,39384.07,2021-11-12
PIP000577,3671.5,53.87,36769.28,2023-12-28
WEL001475,4528.11,139.06,30843.53,2023-02-15
REF002337,2904.49,133.12,4529.38,2018-06-09
WEL000183,4990.59,18.06,22828.72,2023-07-15
WEL001604,3615.85,37.83,37138.83,2021-10-30
REF002979,1585.58,199.73,48808.65,2023-08-30
PIP001613,670.68,146.09,42927.25,2022-11-18
WEL000789,4857.61,168.24,21735.76,2021-11-06
REF002854,4626.42,63.76,21601.29,2021-03-01
PIP002870,3623.22,157.26,34166.57,2019-05-06
WEL002251,1703.9,196.66,47312.15,2020-05-11
WEL000543,3395.19,5.7,28400.05,2022-07-26
PIP001963,1505.78,18.99,46582.34,2021-01-10
PIP001050,2200.98,36.31,38613.06,2020-02-09
PIP001152,807.9,49.6,28665.57,2021-01-26
PIP002593,1019.79,133.83,43844.76,2023-11-08
REF001760,1722.72,78.36,2945.85,2023-01-05
REF001186,2800.6,150.9,38908.31,2021-05-31
WEL000341,1595.12,54.43,29205.86,2018-09-01
WEL002414,4812.91,21.64,42353.26,2021-12-10
REF000212,3715.75,51.76,48167.28,2019-02-07
WEL002210,4525.01,67.4,15019.69,2024-03-30
PIP000213,3926.94,185.05,30782.39,2018-03-17
REF001632,4803.01,127.21,2713.27,2024-06-26
REF002326,337.74,43.42,16502.95,2023-06-05
REF002135,2677.15,34.32,8367.52,2018-09-28
PIP001428,1038.83,90.44,34409.83,2022-09-08
REF001272,2554.28,82.61,20181.34,2023-05-21
REF001652,3021.11,152.5,12934.1,2023-10-09
PIP002424,1988.83,16.98,21594.36,2021-01-11
WEL001944,3023.1,10.25,20534.51,2020-03-31
WEL000246,2629.02,51.34,6336.02,2020-12-10
WEL000655,2384.39,102.2,25088.81,2019-03-16
WEL000253,976.65,59.41,20789.89,2018-02-13
PIP001261,1680.67,66.89,23702.26,2018-06-01
REF002704,4707.37,188.81,22398.67,2020-10-25
WEL001004,2036.13,77.92,33034.87,2021-05-27
REF002266,504.38,3.0,40078.23,2023-08-11
REF002663,3947.05,164.39,836.18,2018-11-09
REF001061,4796.75,76.82,16762.97,2021-10-28
PIP002152,4805.66,183.72,46674.88,2019-03-20
WEL002614,2764.84,153.32,25705.5,2018-12-02
PIP000527,1270.64,168.1,3612.35,2019-06-07
REF000107,2068.05,191.88,33792.06,2022-07-25
PIP001275,4369.66,59.07,44598.38,2023-08-13
REF002782,3820.57,137.78,30318.75,2019-08-29
PIP001551,2751.73,53.65,34348.41,2024-07-03
REF001748,284.86,34.68,1673.42,2022-11-02
REF000967,3826.56,164.69,35935.3,2023-10-25
REF000067,4915.62,13.15,32895.69,2020-04-08
PIP001835,1505.81,54.49,33882.74,2019-06-01
WEL000641,1687.71,104.44,18298.63,2023-03-03
REF000828,3557.36,193.26,47050.09,2024-09-07
REF001945,2593.54,43.06,11636.05,2019-04-17
REF001157,2271.62,115.34,35355.67,2022-06-03
WEL000691,1930.07,82.55,23529.38,2024-05-12
REF000756,2052.79,174.66,38863.54,2024-03-26
PIP000066,1793.18,158.56,33436.69,2020-04-26
PIP002014,3614.99,147.12,36425.07,2024-04-12
WEL000121,921.92,117.41,37451.98,2020-01-16
PIP001480,116.78,5.02,35603.12,2024-04-24
PIP001469,429.08,16.23,20960.37,2018-07-10
WEL001165,4366.92,57.99,22226.39,2020-11-10
PIP000283,600.31,182.73,32135.84,2019-12-13
REF002047,2303.82,178.19,44197.15,2020-10-15
PIP000606,2083.48,86.8,27354.41,2018-07-13
REF001099,90.13,153.38,2696.38,2024-04-17
WEL001694,427.67,159.68,40027.92,2024-01-21
PIP000928,793.14,0.79,25615.82,2020-02-09
REF001825,2525.94,73.56,6007.26,2021-02-28
WEL000814,3457.34,124.41,614.98,2024-03-30
WEL001799,4558.72,26.64,28145.33,2022-05-12
REF001422,1173.09,139.28,39270.31,2024-11-21
REF000042,3553.08,122.81,15902.79,2018-04-12
PIP001189,3228.87,58.54,23748.51,2020-06-28
WEL002487,4608.94,143.29,11874.6,2018-12-25
WEL001418,4413.84,126.93,10596.93,2018-10-25
WEL002813,3312.38,95.16,33880.84,2019-01-03
WEL001083,2043.25,55.97,6814.76,2024-03-10
REF000834,198.21,28.07,14021.34,2021-04-15
PIP002659,1248.84,132.25,13888.28,2019-06-13
PIP002515,4093.86,95.23,29966.3,2019-04-05
PIP001367,3021.67,132.48,6736.37,2022-06-03
PIP000543,2705.93,158.91,31575.2,2018-07-27
REF001080,1290.2,36.63,1122.67,2021-09-13
WEL002037,2103.42,55.21,44674.86,2022-07-22
WEL000494,2805.1,104.12,42477.09,2018-09-24
WEL002421,3683.24,26.68,8423.86,2018-12-24
PIP000422,2926.49,72.68,8876.84,2022-04-29
REF001491,3400.52,144.57,34145.91,2023-07-10
PIP002224,1363.94,10.98,39050.88,2019-08-26
REF001849,364.19,109.71,38772.13,2018-08-03
REF001447,377.43,188.47,13386.48,2023-04-10
REF000286,4413.88,173.13,43314.79,2018-09-03
WEL001151,4364.68,111.12,21435.64,2023-11-07
PIP001884,1011.77,69.54,10628.52,2023-11-08
PIP002926,4859.46,125.19,13309.62,2023-01-29
WEL000586,1200.05,1.48,15287.79,2023-10-10
WEL002202,971.5,175.02,31322.77,2019-12-19
WEL002545,2958.43,12.59,38020.94,2024-01-19
PIP001989,2552.15,120.49,49357.46,2020-09-12
WEL001516,4677.97,44.93,16537.63,2021-03-14
WEL002789,3664.45,70.34,12289.79,2018-08-25
REF001653,1939.12,98.55,460.73,2023-03-05
WEL000038,2978.73,179.27,14151.32,2018-03-30
WEL002136,774.17,139.41,4817.91,2018-04-13
PIP001456,2863.28,97.15,33692.01,2020-03-18
PIP000858,2946.55,83.09,10675.67,2019-05-25
WEL000836,3307.51,136.72,28497.76,2024-09-18
WEL001440,2831.47,62.95,35145.71,2018-07-19
REF001338,1800.7,176.11,31925.89,2020-09-16
PIP002283,4308.65,47.83,38086.45,2024-10-05
REF000885,4038.95,192.02,12042.59,2024-05-11
REF001124,4621.37,190.09,19336.56,2021-08-02
REF001713,2708.23,18.54,34744.22,2021-02-06
WEL000445,3970.89,39.26,29440.81,2024-02-06
PIP000882,1700.92,102.18,29254.86,2018-11-17
REF001894,4512.8,179.83,20058.4,2022-06-28
WEL001779,603.7,34.49,1262.96,2024-02-24
PIP001409,2873.06,162.4,16140.06,2022-04-07
WEL001754,2685.43,83.17,1972.7,2019-07-11
PIP001141,2054.74,44.7,38229.08,2019-09-25
WEL002524,4574.72,24.48,48295.83,2018-06-30
PIP001146,3608.56,67.42,35592.25,2020-04-04
PIP000786,1752.54,63.39,14214.08,2023-12-11
REF000503,1181.9,22.98,5523.54,2018-10-18
WEL001467,4960.18,106.75,29523.33,2020-07-08
REF000376,1728.72,27.73,31141.12,2018-03-11
PIP000390,71.82,125.27,26619.83,2020-07-16
REF000611,208.33,138.9,2075.89,2019-12-25
REF002231,1295.6,105.67,45390.86,2024-09-30
PIP002475,4346.16,66.41,13671.56,2022-03-15
PIP002082,4066.19,67.96,30488.15,2020-06-16
PIP000741,2555.19,91.62,33377.35,2018-06-15
PIP001678,2333.31,192.13,25150.45,2021-12-21
PIP000905,3622.65,165.91,16972.21,2019-04-16
PIP002055,794.4,196.47,4821.16,2020-06-01
REF001809,3795.57,133.85,32683.24,2018-09-11
WEL001308,506.0,109.3,40818.59,2023-06-18
WEL000687,1886.84,61.01,45977.97,2023-04-17
PIP000326,4371.65,57.39,14271.53,2022-03-26
PIP001781,728.75,25.87,39933.35,2020-04-28
REF002890,3705.9,115.34,15420.12,2020-12-03
WEL000770,1638.87,93.6,23474.06,2024-02-24
REF002140,891.08,172.73,1766.62,2020-03-11
REF001014,282.43,189.47,16604.33,2022-04-20
WEL001382,2659.7,187.06,41852.08,2023-03-01
WEL001442,93.37,53.93,24778.64,2023-03-12
REF002309,3223.4,44.02,34967.38,2021-09-18
WEL001747,1844.92,123.55,10340.24,2019-08-28
REF000292,4713.43,30.29,4656.44,2019-12-19
WEL000972,2949.44,164.03,46220.63,2018-08-04
REF001783,1190.76,134.05,42773.87,2018-04-23
WEL001498,3756.4,89.28,39216.56,2020-07-12
PIP001271,944.91,109.6,29037.19,2021-06-29
REF001692,551.01,79.69,49266.28,2024-05-11
WEL001550,1280.98,41.9,32291.86,2020-07-25
WEL002805,3538.13,49.36,18189.38,2022-03-01
PIP002706,2862.36,10.77,15803.13,2020-10-07
REF002100,1617.02,103.48,10551.45,2019-07-02
WEL001537,1861.77,17.56,21153.28,2022-02-03
WEL000320,3266.47,19.65,3850.37,2020-06-08
WEL001722,3128.13,25.91,2312.12,2024-05-20
REF000796,1936.35,159.12,18710.34,2022-12-20
PIP000813,2803.13,124.54,49544.54,2021-12-12
PIP002068,2141.41,153.65,42962.93,2019-11-27
PIP001751,1509.89,105.02,38868.02,2020-02-25
PIP000275,2721.26,132.42,31048.2,2021-07-05
REF002522,1072.19,10.72,9714.28,2023-06-08
WEL002483,2686.13,123.11,49364.71,2024-07-17
REF000456,2108.63,71.39,25593.23,2020-07-15
REF002345,2170.16,179.49,48035.88,2024-02-12
PIP001718,4710.85,22.69,43946.37,2023-02-17
PIP002518,4793.71,199.64,3379.82,2018-09-03
PIP002966,931.3,69.98,27928.21,2018-01-09
PIP000054,4372.37,141.97,32387.93,2021-02-21
WEL000058,3065.56,175.11,26920.58,2021-04-12
REF001706,116.62,91.89,30522.48,2024-09-04
REF002582,1117.98,192.59,46646.02,2024-10-12
REF001841,1516.4,60.87,34465.73,2019-04-10
REF001481,3315.13,14.5,25848.92,2019-10-12
PIP001626,2284.82,28.83,49548.52,2019-09-22
REF000077,1617.59,131.72,33110.62,2019-06-10
WEL001934,1112.08,173.25,4157.84,2022-01-14
PIP002594,1391.7,180.59,31983.45,2023-09-09
WEL002951,607.76,35.01,46480.58,2024-01-20
WEL002947,4055.77,147.13,22127.34,2020-10-19
REF002167,470.04,6.23,32488.88,2022-06-15
PIP002508,232.51,19.53,37422.68,2020-11-27
REF002224,2272.44,130.73,29918.06,2024-12-28
PIP002738,4690.1,135.84,17672.5,2024-12-05
PIP000614,876.1,161.98,18150.66,2021-01-01
WEL000662,4035.71,117.13,38762.57,2024-10-01
PIP000587,1223.25,106.5,18308.54,2018-02-04
REF002722,3156.33,2.4,16200.05,2018-10-11
REF002627,176.44,66.88,16432.21,2020-08-24
PIP001297,664.73,183.72,38253.1,2023-11-23
PIP002330,977.02,112.36,43318.55,2024-05-07
WEL002279,4353.91,89.71,36782.04,2019-09-13
WEL001639,4375.35,69.84,8499.4,2022-02-26
WEL001629,4970.79,122.77,36544.1,2020-12-21
PIP001552,448.26,86.94,1530.2,2021-10-18
WEL002455,4790.76,24.05,1061.72,2020-07-27
PIP000290,1171.42,180.72,46846.06,2023-07-06
REF001544,994.91,16.66,8399.8,2018-03-03
REF001165,905.14,187.27,40235.63,2020-03-22
WEL002764,3179.5,63.81,22190.47,2024-06-18
REF002458,132.39,73.86,30466.1,2022-07-29
WEL002980,2925.79,72.5,16994.58,2024-12-17
PIP001673,4288.73,79.3,47221.14,2024-10-12
REF002587,4306.79,90.86,44906.25,2023-11-27
WEL002628,4946.5,96.85,31766.96,2020-05-26
REF002869,2099.11,109.38,27292.04,2024-05-13
WEL001688,1196.05,98.73,41126.77,2019-07-23
REF000747,104.69,171.61,40324.06,2024-03-21
PIP002329,384.4,161.72,17198.01,2024-09-05
REF000680,34.68,119.49,2820.96,2020-08-09
REF001606,1518.99,183.06,44114.25,2020-07-16
WEL002648,230.93,145.73,47217.54,2019-03-29
WEL000839,4171.3,39.53,3517.79,2018-11-27
PIP002313,1298.41,31.36,24666.99,2019-01-20
REF000970,3470.86,47.22,9653.02,2019-10-27
WEL002810,654.89,62.14,16636.94,2021-12-03
PIP000142,2004.53,165.21,23703.5,2022-01-20
WEL000517,709.73,180.85,16909.41,2023-05-31
REF002273,2028.08,9.05,42590.91,2019-09-27
WEL002815,3887.81,49.26,35872.02,2021-07-18
PIP001943,4202.73,4.16,9472.29,2019-04-25
PIP002949,3585.31,149.53,18994.57,2022-09-15
REF001171,4809.52,38.31,31898.92,2019-06-17
PIP001433,2745.13,48.93,15312.41,2024-03-11
WEL000373,2141.35,149.69,1961.16,2019-03-30
REF002997,3201.8,137.56,46539.03,2019-06-19
WEL001614,2707.57,155.72,230.93,2018-09-11
WEL001863,1295.42,69.2,20874.39,2018-07-09
WEL001644,2874.57,130.63,38938.29,2022-04-10
WEL002899,2259.37,113.11,39630.44,2020-08-02
REF001813,2840.37,194.49,779.35,2020-11-01
WEL000712,3868.75,195.84,38087.67,2020-03-31
REF000752,3910.31,92.03,9113.18,2024-08-08
WEL001651,412.25,142.18,26093.26,2019-09-11
REF000004,2166.86,136.7,36852.78,2021-08-27
REF000104,2516.17,135.57,14909.13,2019-08-26
PIP002384,143.71,39.02,34349.88,2020-07-28
REF001703,2835.09,179.81,3074.63,2021-09-30
PIP001305,1512.27,22.34,5437.26,2024-03-08
WEL000410,99.18,74.01,6347.45,2019-10-06
PIP000372,4716.25,24.65,48211.71,2023-07-26
PIP002310,792.87,117.18,7530.09,2021-04-24
PIP000801,4544.07,178.56,22343.08,2024-12-27
WEL001975,3300.51,43.93,39961.55,2021-08-22
WEL002901,562.94,67.47,41326.63,2022-04-26
PIP000856,4077.79,94.24,29157.19,2023-12-01
WEL002310,674.16,141.52,49858.11,2022-03-11
WEL001752,3895.77,22.31,48647.48,2019-07-02
REF000116,669.23,84.98,28339.33,2024-01-07
WEL000669,4613.78,52.82,3029.32,2018-11-02
PIP000832,3679.76,151.27,32310.73,2023-02-03
PIP000326,2178.74,96.72,47983.0,2023-04-29
REF000741,90.87,57.93,21737.56,2018-11-26
PIP002393,4280.73,59.02,2145.92,2024-07-16
WEL000521,4424.73,37.11,21770.93,2018-05-14
PIP001897,977.1,1.66,14947.9,2019-07-04
PIP002094,2513.15,136.34,45476.61,2024-02-08
WEL000448,588.47,43.65,41214.22,2020-03-22
REF002314,2917.22,132.41,34324.93,2019-06-01
REF002054,671.32,9.48,131.95,2018-08-08
PIP000518,3511.87,179.64,30981.46,2022-11-15
WEL001189,1487.93,42.01,1950.21,2023-07-21
WEL000658,4306.79,37.03,40812.19,2024-12-06
WEL001177,2815.88,13.28,2346.58,2018-10-19
PIP002671,3330.85,76.41,2556.97,2018-01-08
PIP002244,1551.61,161.56,38028.06,2023-02-07
REF002103,1350.13,86.96,42836.53,2023-12-26
REF001690,745.24,174.79,14156.55,2020-06-04
REF000842,484.9,63.51,47779.31,2019-05-14
REF001602,2648.54,104.39,32729.15,2021-01-08
WEL001835,4279.93,190.72,9077.98,2024-10-24
PIP001796,2283.38,172.43,35737.51,2019-08-01
PIP002818,4076.09,136.04,13529.98,2022-12-01
PIP000302,3305.22,2.58,16746.23,2023-05-03
WEL002615,664.16,28.49,15268.46,2018-03-24
WEL002651,2689.79,67.62,27824.92,2021-06-02
REF001263,359.62,64.06,43309.05,2020-08-10
REF000462,823.47,192.94,37668.96,2018-01-18
REF002322,2319.18,146.07,9335.31,2019-12-03
WEL000399,3879.17,55.04,12119.96,2024-01-12
PIP000517,3067.89,149.08,33297.53,2021-03-17
PIP000209,4379.75,17.69,35947.35,2019-11-10
REF000728,4601.61,84.44,49927.64,2023-05-01
REF000799,1739.43,5.35,1645.17,2021-09-11
PIP002515,3463.81,47.95,9597.81,2019-04-04
WEL000749,877.69,110.66,2912.27,2023-07-20
WEL000487,1328.7,56.78,23416.95,2019-07-03
REF000274,1399.97,178.55,14878.45,2018-03-02
PIP002637,4426.44,154.56,43829.01,2021-04-26
PIP002831,4632.52,195.69,40636.18,2018-06-19
PIP000278,2591.79,20.28,3443.12,2020-05-12
PIP000773,1358.98,166.33,28127.32,2018-01-25
WEL001450,1230.25,152.84,14439.67,2023-07-29
WEL002698,2810.76,157.75,28381.08,2022-09-20
REF002968,4931.96,55.41,7031.52,2018-09-14
REF001060,2090.88,34.01,49184.49,2021-10-14
PIP001520,2216.31,38.23,49155.62,2023-01-17
PIP000469,3193.72,60.24,28375.66,2022-07-26
WEL001885,3927.56,185.11,36722.33,2020-03-25
REF000119,4643.25,100.84,2065.77,2024-09-28
WEL001079,1915.39,52.06,8326.91,2022-05-03
WEL002739,207.75,36.58,22062.27,2020-09-22
REF002196,3955.6,56.26,26996.55,2019-04-28
WEL000731,3525.73,134.16,15388.65,2020-08-26
WEL000334,958.46,128.79,17784.06,2018-03-18
PIP001469,2215.62,127.71,8341.44,2023-01-20
PIP002019,3331.71,102.91,23231.89,2022-08-07
REF001308,515.01,79.87,28853.9,2018-10-05
PIP001649,4380.59,140.24,43413.88,2019-01-27
REF001091,4935.06,101.93,47674.15,2022-07-03
WEL000956,232.62,96.82,15453.85,2023-11-29
PIP002510,3358.35,124.14,47791.9,2022-09-17
PIP000759,1920.2,190.31,10680.81,2024-01-05
WEL001844,4364.36,78.01,17159.47,2022-02-03
WEL001381,4624.51,94.43,14968.81,2024-05-30
WEL000129,2189.81,28.17,27213.96,2021-08-21
PIP000915,1819.1,77.09,24931.83,2018-08-31
WEL002773,3338.82,64.55,11419.29,2023-10-18
REF002193,2424.89,79.33,1871.57,2023-01-30
PIP000126,3628.44,152.13,23368.29,2018-04-22
REF002485,742.33,36.17,25545.38,2024-10-20
WEL002896,4116.57,93.62,33074.68,2019-10-02
WEL000123,1505.1,2.23,21845.1,2019-01-19
PIP001459,1015.25,87.3,7978.26,2020-01-09
WEL001381,2284.06,49.04,15414.52,2019-12-04
PIP002032,3008.89,182.47,32363.32,2024-08-15
REF000955,3490.38,157.7,6961.8,2023-11-23
REF001277,3757.03,157.23,9415.15,2023-06-24
REF001001,2114.07,87.76,35373.23,2019-07-11
PIP001123,762.95,28.09,1181.96,2023-11-07
PIP002332,1308.49,73.29,28266.79,2024-07-20
REF000136,4087.74,6.32,14927.08,2021-08-13
REF001201,518.24,176.72,17371.48,2020-08-11
WEL002679,2351.74,90.75,20336.68,2022-05-10
PIP001672,513.31,74.07,15465.03,2020-09-22
WEL002202,3136.19,158.67,46837.13,2023-04-07
WEL002828,1025.88,93.95,46603.62,2019-12-08
WEL001075,3672.39,145.0,18789.27,2019-04-09
REF001209,3281.98,171.26,16465.27,2024-10-31
WEL001811,4050.38,180.77,12756.97,2020-07-05
WEL001325,3302.26,100.98,44336.75,2019-11-23
PIP002779,1429.42,185.04,8426.46,2019-03-22
REF001555,2547.14,58.63,22857.76,2019-03-17
REF000916,1544.5,106.72,2210.07,2019-05-30
WEL001757,2557.86,47.09,22834.01,2019-02-02
WEL002255,1772.57,140.6,36208.45,2021-07-18
REF001624,773.96,75.68,43254.39,2020-12-01
PIP001694,4624.25,2.63,7133.11,2022-10-31
REF000935,4998.34,196.11,20870.42,2018-09-13
PIP002282,635.97,186.16,45645.15,2019-12-01
PIP002433,4035.91,43.15,30649.0,2020-12-11
REF001414,4028.9,4.33,1902.88,2022-11-03
PIP000257,736.58,166.82,45314.4,2019-08-06
REF002622,4646.7,181.62,3716.93,2021-12-04
WEL000680,4340.6,1.91,10704.33,2022-07-10
PIP002796,1271.33,44.88,5330.52,2024-06-09
PIP002586,816.85,101.79,26339.91,2022-04-29
WEL000397,4871.1,95.55,8087.81,2019-01-07
REF000413,4492.96,32.06,18740.98,2022-01-10
PIP002738,3058.9,117.77,45347.1,2022-08-10
REF001950,2799.26,39.97,153.03,2020-08-28
WEL002884,1861.74,84.97,8257.12,2023-08-09
WEL002517,4458.08,31.34,32947.72,2019-03-31
REF001255,4406.21,188.23,41335.62,2024-06-08
PIP000027,1858.04,29.68,17004.18,2019-01-04
REF002185,1512.24,28.96,5617.84,2023-04-13
PIP000341,3464.72,199.63,11401.29,2021-06-07
REF000508,33.64,117.03,13039.34,2021-10-15
PIP002514,4177.04,89.41,8377.71,2019-07-13
PIP001037,2014.92,5.61,41143.05,2024-10-13
WEL001130,3642.92,165.65,36463.66,2021-06-11
WEL000300,230.29,146.47,5219.12,2018-02-22
PIP001715,74.37,148.83,21823.03,2018-07-04
REF001436,1640.09,20.61,22297.03,2018-09-13
REF000528,1477.71,45.02,25803.26,2023-06-19
PIP000983,2449.6,154.74,22797.53,2018-08-25
PIP002104,3804.52,57.53,41568.7,2020-01-23
WEL001400,143.03,67.89,13348.92,2018-03-26
PIP001894,1481.45,21.36,45872.33,2022-10-11
REF000312,4855.76,171.79,443.64,2023-07-06
REF002967,4007.12,21.29,13276.69,2022-02-21
PIP000047,2958.51,62.58,28119.51,2018-04-05
PIP002103,1158.15,87.88,40814.17,2018-05-01
REF002008,1815.28,58.06,25239.73,2019-12-03
REF000522,2879.96,72.58,24980.13,2022-02-05
PIP000983,465.46,54.9,35960.58,2020-05-23
REF000919,1437.16,131.13,26299.03,2020-06-20
WEL000065,3402.89,100.49,27274.51,2018-10-31
REF002131,4658.2,76.38,46193.72,2021-08-13
WEL002785,1273.94,171.69,19787.05,2024-08-12
PIP001268,1033.02,53.65,29369.08,2023-03-09
PIP000202,4124.23,154.55,45516.18,2023-04-27
WEL001283,421.77,138.59,42878.24,2021-06-25
WEL001246,503.51,29.6,47468.33,2020-08-12
REF002920,2818.02,80.88,11357.42,2020-01-16
PIP002264,1085.68,29.35,31142.15,2024-04-17
WEL001349,3984.78,125.99,40341.57,2021-11-13
WEL002634,3039.41,144.78,7920.34,2018-05-11
PIP001779,1083.17,60.46,28052.05,2021-01-01
PIP001333,4570.52,181.37,15552.85,2020-06-29
WEL002765,762.09,135.32,27690.26,2020-04-10
REF000095,1539.32,127.07,20791.28,2019-04-08
REF000669,3228.74,96.14,48023.48,2024-09-11
REF001368,3565.99,178.36,16229.72,2018-06-02
PIP000734,3934.03,13.38,30156.69,2024-06-16
PIP001407,783.94,171.16,11664.88,2019-12-01
WEL001466,4387.58,57.57,12034.96,2019-01-14
WEL001989,877.12,157.5,6168.25,2019-02-05
PIP000070,1460.88,21.01,7670.73,2020-05-27
REF000226,3476.92,7.72,33936.96,2018-03-17
WEL000475,3348.33,155.01,13406.99,2018-04-08
WEL002881,1282.25,158.92,15827.55,2019-02-22
REF000487,3892.35,100.15,13127.0,2021-12-19
REF002600,3838.81,63.55,19732.4,2021-09-05
PIP002951,1636.82,10.56,44753.48,2020-03-22
REF002982,2585.45,77.99,32314.19,2024-06-16
PIP002235,1054.14,40.09,15351.06,2022-02-24
WEL002781,1900.85,146.05,1523.87,2018-09-09
WEL002055,4957.08,60.27,43989.95,2022-08-08
REF001079,888.84,58.25,9344.12,2018-09-06
WEL001145,427.03,35.29,41280.44,2019-07-21
PIP001745,4799.08,198.34,20111.65,2018-11-21
WEL001230,3349.85,37.42,43233.31,2021-09-04
REF001794,488.11,15.55,48314.35,2023-03-28
PIP001348,801.41,119.83,46625.82,2020-02-06
PIP002141,2784.51,34.35,42986.64,2019-10-28
REF001737,4913.74,171.24,33507.52,2018-05-09
PIP002365,117.96,108.9,40286.6,2022-04-10
REF001559,408.14,145.37,16126.13,2022-08-20
WEL000739,3001.99,145.73,35810.85,2023-07-29
REF001329,4841.38,85.89,20187.6,2023-11-11
PIP001519,2365.94,193.64,16474.01,2022-11-08
REF001253,1494.69,198.29,47221.86,2024-02-14
PIP001880,111.78,78.93,32145.21,2020-12-26
REF002319,4369.59,14.1,30104.35,2019-12-07
REF001951,4839.28,84.06,14919.06,2019-11-07
PIP000274,1958.93,85.55,46169.41,2019-12-07
PIP002451,2968.56,55.39,29829.22,2022-11-07
REF001823,2584.51,7.57,46097.81,2023-03-23
WEL002925,1777.61,178.75,26296.0,2020-01-06
WEL002389,3500.05,4.03,38544.73,2018-12-22
PIP000514,2457.15,140.84,421.75,2020-11-19
REF000894,1995.9,86.96,36702.9,2024-05-11
REF001345,1484.0,184.71,6060.31,2021-02-19
REF000687,1325.95,17.93,5142.73,2018-12-01
WEL000111,2591.84,180.8,16400.06,2022-11-27
PIP002313,4170.01,67.61,26218.41,2018-03-30
REF001668,1400.06,158.22,3678.05,2018-06-15
REF000326,4684.28,42.81,13124.78,2022-09-12
WEL001408,461.11,135.94,49999.82,2019-08-17
PIP002938,55.58,85.23,44694.44,2019-08-17
REF002820,4184.72,23.43,35707.55,2020-02-14
WEL002795,1288.94,48.75,2566.28,2020-07-03
REF002029,1098.92,102.2,42791.97,2021-12-18
PIP001026,2058.84,102.13,17962.59,2024-09-03
WEL000864,4409.33,79.84,24528.67,2022-06-13
REF002653,2186.31,13.53,10204.52,2023-12-13
REF001292,2746.08,100.58,29248.92,2024-01-08
WEL000761,2901.83,188.71,41595.79,2023-10-08
REF002249,3902.54,95.01,41934.07,2023-04-12
PIP000388,1656.4,88.6,16564.75,2018-06-26
PIP002460,3012.09,168.12,26334.76,2024-12-30
REF001592,4676.74,160.12,17246.42,2020-04-24
PIP002463,3888.12,172.71,10904.38,2023-05-19
PIP002302,568.05,116.92,8867.17,2024-04-02
WEL002825,3464.93,82.27,33786.58,2024-03-31
REF002763,2383.87,26.91,11926.66,2023-03-31
PIP001590,855.15,51.64,19582.84,2019-09-21
REF000489,1653.74,100.41,591.04,2019-01-28
WEL002969,463.99,109.69,23745.85,2022-03-25
REF001328,2033.72,132.66,13014.58,2022-08-03
WEL001038,2404.57,84.08,5994.59,2023-02-11
PIP001660,3952.53,151.96,25149.83,2021-09-25
WEL002245,326.77,30.81,28255.31,2020-06-16
REF002338,1935.48,117.29,18319.4,2024-11-08
REF002920,3064.9,176.38,25981.98,2020-06-14
PIP000270,4010.2,124.95,11125.03,2018-02-22
WEL000647,4366.33,36.48,14077.83,2018-01-14
WEL002178,4119.56,122.09,3692.64,2020-07-19
WEL000706,307.52,11.92,13985.68,2022-09-15
WEL001473,3478.83,49.77,16680.95,2024-01-14
WEL000117,4530.25,175.03,11921.83,2022-10-09
PIP002538,4352.62,107.2,32664.35,2019-11-02
REF002990,914.06,99.32,11756.11,2022-08-22
WEL002416,831.61,54.91,32645.33,2018-05-09
WEL001913,2920.04,114.1,38855.32,2023-10-19
PIP000742,1997.49,81.09,11993.5,2022-04-06
REF001618,2817.33,131.24,11802.11,2020-08-05
WEL000606,3659.67,100.4,19999.18,2020-05-06
REF002231,2966.84,102.12,7935.9,2020-03-05
REF000648,4988.98,48.99,32528.44,2024-07-22
WEL002160,1201.48,16.72,28198.4,2023-06-26
WEL001056,2127.6,58.5,13816.62,2024-05-25
REF002011,1569.05,96.37,44614.27,2024-08-15
PIP000334,589.58,164.11,31193.49,2024-08-30
PIP002356,1560.25,75.35,1760.71,2018-05-25
WEL001203,519.36,104.63,38767.31,2019-05-24
PIP000464,2909.48,195.85,21974.96,2018-12-15
WEL000046,718.83,182.81,10474.87,2024-09-19
WEL000315,2434.7,68.98,2379.1,2018-10-09
REF000662,2607.45,111.25,47116.1,2020-09-09
PIP000238,4884.97,165.22,921.51,2020-11-05
REF001496,4328.95,92.32,49242.1,2022-03-24
PIP002082,4915.25,94.17,25624.94,2020-07-05
REF001507,485.3,9.59,47915.75,2023-01-17
WEL002140,4823.79,113.36,48583.11,2019-02-28
PIP002087,3587.34,105.05,43694.51,2018-04-01
REF002506,1736.31,71.37,13996.6,2022-06-06
REF002232,4575.24,52.86,11533.22,2020-02-15
PIP000709,2110.99,186.52,42891.13,2019-08-17
PIP001983,3314.86,166.41,44253.37,2021-09-04
WEL002036,2722.26,111.97,5136.33,2023-03-07
WEL000375,1146.91,72.6,11317.36,2021-11-22
PIP001219,143.63,77.29,16553.42,2023-11-23
REF002522,617.37,143.25,10821.47,2023-07-27
REF002684,763.67,86.77,31605.91,2019-01-09
REF002883,402.5,102.24,2261.85,2019-06-10
WEL001805,2365.16,115.36,353.99,2020-08-24
WEL001093,1733.92,127.4,42674.04,2019-06-30
REF000724,606.42,107.76,32872.21,2021-04-28
WEL000937,2951.62,105.86,22362.32,2024-07-08
PIP001881,3911.54,145.65,20042.04,2022-12-04
REF001190,3539.07,127.91,42323.66,2020-12-30
REF000944,2180.92,61.31,22321.19,2023-08-06
PIP002868,2019.11,46.55,7226.81,2021-01-28
WEL001374,2791.18,24.72,33429.05,2022-05-08
WEL001824,3040.02,13.96,32338.89,2024-11-09
REF002091,222.1,53.16,41242.57,2020-03-02
PIP001127,1761.03,34.56,33217.75,2024-06-05
WEL001708,2530.57,153.81,7974.07,2019-09-19
REF000137,2254.18,97.04,14398.05,2019-03-10
WEL000844,1178.24,117.36,29185.97,2022-04-02
REF002900,2056.65,72.84,14040.08,2022-10-12
REF001171,4957.04,14.6,6305.82,2020-07-04
REF000440,4260.07,55.59,28417.59,2024-03-07
PIP002232,1941.74,66.34,47758.81,2018-01-02
WEL002623,4566.3,186.05,40476.9,2024-02-09
PIP002716,823.38,46.55,2848.23,2020-01-17
REF001929,4523.01,182.38,35018.82,2018-04-27
WEL001007,4465.57,181.62,22882.75,2024-01-23
REF001200,4161.32,152.29,46118.96,2022-03-09
WEL001973,461.58,93.13,11489.94,2019-04-21
PIP001747,2054.68,5.74,21744.71,2022-11-21
PIP000678,3639.21,49.28,45941.42,2021-12-16
PIP000297,4964.4,190.72,14774.36,2024-03-15
REF002261,905.13,68.05,10119.32,2024-02-12
REF000953,3349.86,60.28,34330.96,2018-03-08
REF001647,3714.27,136.03,46172.82,2022-09-22
REF000173,4674.84,104.43,36563.92,2022-08-13
PIP001949,3980.51,157.55,35342.98,2023-06-21
PIP001776,741.79,128.13,1149.1,2022-05-23
PIP001957,1073.59,193.61,34414.43,2023-03-06
REF001825,1279.39,140.75,16274.8,2020-11-22
REF000818,3562.3,181.73,46637.46,2020-12-04
PIP001504,4288.92,112.6,41499.18,2020-09-11
REF000331,2544.95,15.31,30756.1,2024-07-04
PIP001023,4513.33,129.46,12727.87,2024-12-24
PIP002859,4726.34,187.79,48407.63,2024-04-17
WEL002241,3688.44,128.42,14670.45,2024-11-16
PIP001844,2229.26,160.71,9353.11,2023-01-28
REF000461,1080.06,183.48,9532.62,2021-08-17
WEL002115,4703.93,136.7,1002.94,2020-02-07
REF001835,3647.07,36.96,32882.05,2020-10-18
WEL001539,2462.74,80.86,24451.96,2022-04-11
WEL001198,1342.97,195.3,2339.86,2019-12-17
WEL000691,1275.46,178.78,49900.39,2023-06-06
WEL002776,264.58,54.11,14820.36,2018-02-25
WEL002406,98.33,22.04,40353.86,2022-10-06
PIP001034,2767.51,3.22,20591.73,2020-11-03
REF001750,1165.83,180.08,2106.7,2022-04-06
WEL002879,1106.66,186.55,42692.72,2018-08-20
REF001230,974.98,61.26,21510.14,2019-02-18
REF002723,3508.44,78.68,25150.38,2024-09-29
PIP002766,3021.88,47.34,11839.39,2020-09-15
REF001019,4230.01,156.99,33006.56,2019-09-25
PIP001832,172.13,65.04,18058.62,2020-01-19
WEL000758,279.6,140.44,1333.92,2024-03-03
WEL001983,2433.64,107.69,20082.6,2023-02-18
PIP001192,2682.69,144.53,18939.34,2021-11-18
WEL002561,3865.26,86.38,11336.89,2024-10-18
WEL000984,1139.33,120.0,11314.21,2022-01-25
REF001485,4689.2,74.44,12521.95,2018-09-23
REF000903,1339.43,169.76,23888.86,2018-07-11
REF000635,2057.68,130.98,4346.2,2022-02-09
PIP000864,4357.21,122.8,11918.5,2018-07-19
REF000574,742.45,30.01,34325.45,2021-07-20
REF002565,365.58,159.5,14918.97,2021-11-21
WEL002149,591.52,161.01,18776.09,2022-04-15
REF000260,4641.08,178.34,40104.16,2019-04-22
PIP000154,1885.04,194.8,22409.61,2023-09-08
PIP001337,681.75,151.03,3225.93,2024-01-18
PIP001608,1745.71,22.14,35604.43,2024-12-27
PIP001978,1420.96,150.24,17562.38,2024-10-09
REF000981,4396.0,83.96,39696.94,2022-01-04
REF001252,1165.93,12.52,37974.17,2018-06-28
WEL002617,3409.88,35.65,38992.74,2022-11-13
REF001747,1447.55,120.34,26059.76,2024-12-11
PIP000656,4951.13,81.92,3236.31,2022-03-31
REF001461,2418.02,78.3,24440.14,2023-01-31
REF002560,135.35,16.43,29214.19,2023-03-28
PIP002197,3398.4,12.73,21856.26,2018-02-11
PIP001819,768.58,152.91,28632.12,2024-08-04
WEL001696,2645.13,133.33,33940.09,2018-05-17
PIP001368,2498.78,102.03,2630.89,2018-11-30
WEL002995,2846.33,37.65,45706.49,2020-07-24
PIP001740,1246.07,174.77,5170.9,2020-02-14
REF001017,1184.34,142.03,47502.23,2022-07-28
PIP000328,3371.79,153.03,19596.76,2023-06-26
REF001270,326.05,172.64,15892.53,2018-07-11
WEL002328,4298.14,136.23,26828.48,2019-10-11
WEL002668,1000.0,188.96,7175.6,2021-04-02
PIP000236,14.51,4.29,47106.0,2023-08-10
REF000473,2521.68,191.84,49384.47,2021-04-25
REF002351,1175.83,91.21,21934.57,2022-11-11
PIP000195,3468.25,151.39,1010.58,2023-11-09
WEL000592,4491.19,25.11,4225.78,2018-10-27
REF002407,1607.0,77.81,12351.5,2024-06-05
PIP000131,4386.07,7.89,45661.52,2024-05-11
REF002461,3024.79,106.06,29534.64,2023-01-23
PIP001636,4792.03,157.83,27570.71,2020-09-24
PIP002876,1581.43,119.0,16028.1,2018-03-06
REF000460,616.16,150.16,25569.14,2022-08-31
REF002491,4400.04,33.46,10940.62,2019-12-03
REF002159,37.13,66.26,9590.27,2019-01-18
REF000638,901.45,29.66,6724.84,2022-04-20
WEL001892,3633.69,178.81,7292.16,2024-11-17
WEL000505,1729.34,131.47,35454.43,2024-04-23
REF002330,1875.28,199.74,28503.9,2022-05-23
REF001536,264.8,193.05,13534.19,2023-08-10
REF001733,4654.56,117.33,42172.39,2020-03-12
WEL001027,906.66,100.21,32645.94,2019-02-10
PIP000582,220.25,81.9,19970.34,2024-10-03
WEL002192,3111.99,178.22,48203.56,2023-11-17
PIP002398,2560.41,59.33,23176.6,2021-08-16
REF001745,1768.34,27.66,9122.17,2024-08-02
PIP001881,2736.19,96.28,45093.47,2023-09-12
PIP001118,1638.03,96.08,30493.47,2019-11-05
PIP001121,4123.2,111.64,27873.28,2019-09-06
PIP001427,4221.97,99.24,2821.52,2024-11-10
REF000723,157.65,11.47,6773.98,2021-11-16
WEL000904,4459.27,58.02,11829.1,2021-08-31
REF000694,62.64,66.79,33063.6,2018-01-25
PIP001780,2807.91,103.18,581.7,2019-12-12
WEL000785,1228.92,102.44,20789.16,2021-06-06
WEL002769,4739.48,163.68,11669.03,2019-08-13
REF002609,1302.42,134.9,2105.88,2022-04-23
PIP001917,3543.71,115.98,6141.5,2024-03-30
REF001548,2109.55,122.2,16672.63,2023-04-23
PIP001382,1987.08,59.73,24235.36,2021-12-19
WEL001432,2645.97,123.48,39498.12,2018-03-23
PIP002464,3542.73,125.37,19691.14,2018-08-23
REF002688,2458.83,34.5,46104.77,2021-10-24
REF000545,3967.94,65.76,37772.98,2024-09-02
PIP002181,4551.44,114.97,33926.66,2020-11-30
REF002000,1877.76,122.57,26556.31,2019-02-18
REF001976,3736.36,58.33,9168.06,2023-06-08
REF002435,135.63,57.96,11304.12,2021-04-30
PIP002342,200.24,106.56,19965.7,2023-08-11
PIP000016,1331.77,113.39,20563.31,2023-05-19
WEL000952,3507.62,189.49,43509.58,2018-02-01
REF001209,575.72,138.2,16667.96,2020-10-18
WEL002677,4722.02,66.86,25843.35,2021-06-18
REF001099,3889.95,160.01,37203.84,2021-09-17
PIP001096,4922.81,175.45,25349.13,2018-01-08
WEL001265,514.15,172.75,31061.76,2024-09-10
WEL000206,4633.48,163.33,29875.08,2023-05-21
REF002939,2038.19,30.17,16833.02,2020-05-03
WEL001367,2124.46,139.53,44315.76,2021-05-30
WEL001673,3560.26,69.87,25825.92,2020-05-28
REF000252,32.16,34.57,42903.6,2022-10-03
PIP001427,1423.49,27.87,48517.71,2019-01-15
REF000824,73.25,49.83,7813.11,2021-11-22
REF000179,2735.85,39.97,33098.47,2021-09-03
REF002670,4998.8,20.63,41038.86,2019-01-23
PIP002188,1920.83,146.93,29968.18,2019-12-27
PIP000889,1285.49,154.8,9997.84,2018-10-12
WEL002076,1947.88,78.3,10080.8,2024-12-06
PIP002384,1124.3,111.98,19241.7,2020-07-11
WEL001629,4575.9,174.75,2956.44,2022-11-25
REF002348,548.97,99.64,21602.77,2022-05-13
PIP000191,1135.22,143.16,40006.55,2022-01-15
REF000112,1285.67,124.57,6457.43,2023-04-01
PIP002644,4791.69,169.55,21632.38,2021-01-14
WEL002358,1443.55,125.8,15285.0,2018-07-29
WEL000617,4349.65,76.73,45803.77,2024-11-12
REF002626,2239.23,180.89,14807.63,2024-12-03
PIP002044,192.07,41.09,14680.53,2022-11-01
WEL001188,621.09,105.24,24153.99,2024-11-07
WEL001852,871.78,83.3,45124.33,2022-09-14
PIP001697,2070.37,45.92,15574.22,2019-05-26
PIP001804,2640.06,190.82,46448.55,2024-09-07
REF001809,733.92,61.87,33341.52,2024-09-16
REF001577,4408.51,158.53,13768.2,2023-12-19
PIP000964,4592.21,195.47,36662.27,2018-02-15
PIP000368,401.32,70.28,8400.06,2022-10-31
REF000505,4465.37,28.16,24342.89,2023-10-12
REF001855,3542.37,9.12,14793.79,2019-02-22
PIP002346,4066.68,95.23,20351.99,2019-07-24
WEL002000,1788.17,134.67,45936.29,2022-10-11
WEL000849,2506.73,93.76,4556.64,2018-06-23
PIP001541,1517.97,83.52,6291.85,2022-10-10
PIP001060,4122.02,63.14,30388.66,2018-08-09
WEL002167,3182.68,149.02,4584.04,2024-02-04
PIP000429,3803.52,172.14,26841.24,2024-08-30
PIP002772,3864.99,15.47,24555.05,2018-07-09
WEL002112,636.95,103.07,48879.59,2019-07-05
PIP001003,1907.76,45.99,40261.96,2018-10-25
WEL001968,4098.37,19.78,26712.01,2020-09-16
WEL000449,182.81,9.58,33237.48,2020-08-08
REF000845,3885.25,170.96,4693.29,2022-09-17
PIP000363,669.66,51.54,49657.11,2023-10-19
REF001734,1833.81,128.44,1099.2,2021-08-18
REF002163,102.47,20.08,15524.06,2024-08-15
WEL002338,3246.9,116.8,1161.96,2023-10-07
WEL000382,892.8,50.37,395.16,2019-09-15
WEL000359,2868.29,23.28,24078.06,2021-03-01
REF002974,222.22,98.75,34550.21,2018-08-31
WEL001637,3238.46,94.52,46004.75,2021-04-15
WEL000046,4715.03,80.57,17887.46,2019-01-20
REF001094,4362.91,15.63,16790.0,2024-06-04
WEL000210,564.66,117.24,30735.65,2023-06-27
REF002270,762.37,196.05,26578.37,2018-09-18
WEL002015,4627.32,171.09,8627.64,2024-07-20
WEL000650,3938.61,193.66,39175.28,2022-04-03
WEL002364,114.49,105.65,35971.76,2023-05-11
PIP001184,1885.84,76.35,8716.18,2021-12-09
REF000689,4125.24,98.42,45624.34,2019-03-15
PIP001513,4166.89,176.65,23484.79,2019-05-28
WEL002627,3086.81,148.72,32785.53,2018-10-03
PIP001849,312.61,45.27,26096.83,2023-02-25
REF000973,4488.25,135.54,2355.17,2021-10-14
REF002715,1268.49,138.13,49257.65,2023-04-16
PIP001285,2523.35,5.4,40047.5,2021-12-30
PIP000152,4331.08,12.78,22591.64,2020-08-27
PIP002597,2777.72,137.86,8524.13,2021-09-27
REF000525,1157.51,50.36,34095.88,2024-10-05
REF002203,1738.58,104.05,41957.52,2022-10-03
PIP002445,722.45,97.97,27554.16,2021-01-06
WEL001878,4324.92,159.02,14584.42,2024-01-08
WEL001203,1693.07,155.63,5332.35,2020-07-22
PIP000653,428.57,19.53,42491.56,2019-04-01
WEL001878,469.11,62.93,31882.62,2022-02-04
WEL002891,4647.0,1.39,39147.9,2018-10-14
WEL000364,3625.71,2.61,1295.14,2023-12-27
WEL000646,3163.62,103.58,49870.24,2021-04-23
REF001876,52.34,18.31,24574.78,2023-04-05
PIP001975,54.66,66.09,42063.97,2019-05-29
WEL000187,2608.1,160.89,30932.34,2020-11-15
PIP000609,4542.41,110.52,36964.32,2024-03-25
REF002740,1437.66,113.96,6715.58,2019-12-03
REF000331,3339.34,180.13,19328.86,2023-10-03
WEL002902,1294.98,117.92,5277.92,2024-10-22
WEL002310,1974.84,156.83,30964.6,2019-08-12
WEL001425,1230.39,46.46,3841.95,2018-01-30
WEL000722,3243.24,72.46,42647.44,2020-06-30
WEL002833,485.84,175.56,29607.97,2021-07-30
REF002289,2774.91,153.73,25380.16,2024-04-17
WEL000691,3262.36,30.59,17419.41,2021-11-14
REF001906,906.29,3.24,34361.79,2021-02-08
PIP001215,1251.7,94.15,42198.08,2022-10-13
WEL001401,939.78,60.93,29318.84,2018-11-23
PIP002567,4197.25,21.65,7808.99,2024-05-11
REF001597,2212.36,90.32,36958.81,2018-09-04
PIP001851,2829.33,26.6,12897.86,2018-12-04
REF001380,4892.99,197.48,15315.42,2021-09-04
PIP001460,3131.58,129.41,11533.01,2024-01-01
WEL002974,3448.65,169.39,15342.14,2024-01-27
PIP001809,3382.82,142.53,15789.86,2024-02-23
WEL002244,1470.33,159.6,5225.93,2021-08-06
PIP002152,2800.89,156.46,49882.05,2020-11-10
REF000558,1412.75,187.1,9387.27,2019-12-27
WEL000817,285.56,91.22,34405.22,2019-09-01
WEL000999,3883.62,61.61,10126.49,2020-01-10
PIP001219,915.1,53.46,8675.32,2021-09-06
PIP000306,3660.66,97.19,25297.25,2021-09-19
REF001262,2470.32,152.92,25828.26,2019-12-29
REF001061,4358.04,98.5,6865.61,2020-03-29
REF000759,3284.59,105.21,13968.31,2023-04-21
WEL000022,1624.27,142.73,7713.77,2024-02-14
PIP002302,4393.93,92.9,1881.68,2019-01-11
PIP002204,1252.77,131.0,41611.24,2024-09-09
WEL001181,2056.66,97.26,47598.78,2018-10-14
WEL002969,164.35,79.14,11820.09,2023-03-21
REF002480,4867.83,81.63,44066.13,2022-11-16
REF002627,3361.78,93.83,27134.26,2022-09-29
PIP002596,1672.18,6.38,44446.71,2023-09-12
WEL000385,3494.32,134.05,16256.07,2024-02-17
REF001361,335.33,134.72,2931.32,2021-12-26
PIP002944,3474.49,111.49,9933.17,2019-03-08
PIP001938,622.56,25.04,30729.79,2019-07-03
PIP000686,3481.81,199.38,28772.74,2024-02-08
REF002900,2775.1,56.84,13664.91,2021-05-19
WEL002572,1322.05,19.03,40100.71,2021-04-30
REF001259,1659.02,166.18,33750.0,2022-04-26
REF001775,3178.99,48.91,13410.22,2020-12-27
WEL000155,2610.13,21.73,33844.05,2018-05-30
REF000292,1157.41,168.24,12235.33,2019-08-14
REF001232,2518.08,100.36,7169.85,2020-05-03
PIP001231,4563.73,8.03,3535.23,2018-08-14
WEL002982,1140.46,188.22,31458.46,2022-11-09
WEL002949,2069.83,112.29,44807.99,2023-10-19
PIP002343,1495.39,159.17,29671.3,2018-03-29
REF002355,3217.28,179.4,23323.78,2021-12-29
REF000307,4317.6,104.4,6908.36,2020-08-21
PIP000199,1642.55,82.51,5586.87,2019-12-31
REF000314,1489.97,89.1,1159.13,2021-02-20
REF001696,470.36,76.4,33654.89,2018-05-11
WEL002371,860.86,100.81,49975.98,2020-11-30
WEL001340,1159.65,136.93,14423.38,2023-03-02
REF002254,4786.31,80.39,36828.48,2021-02-08
WEL002394,4155.33,137.35,26629.89,2019-05-06
PIP002081,4448.74,81.94,2858.59,2018-05-26
PIP002995,4887.18,70.2,21846.37,2020-05-12
PIP002282,791.15,58.19,49811.35,2024-08-15
REF000207,4507.89,92.2,15529.23,2020-09-07
REF002340,2094.81,116.74,3900.2,2020-05-24
WEL000045,296.97,178.05,48844.65,2022-06-01
REF001000,1492.13,134.03,43987.15,2020-10-02
WEL000062,4508.07,34.55,21067.77,2024-11-05
PIP000409,3674.51,72.85,16935.43,2022-03-10
WEL000305,65.62,52.41,1173.69,2023-01-26
REF002582,79.43,124.84,11131.81,2024-11-29
PIP002267,2345.32,108.38,43159.18,2020-04-08
REF001987,4593.28,189.02,22524.05,2024-05-26
REF002768,4093.73,176.44,41756.46,2024-08-17
PIP002071,838.93,28.09,19030.9,2019-07-26
REF001827,1996.39,40.02,5231.71,2021-02-04
PIP000392,3685.34,111.18,16442.2,2018-07-16
REF000563,3803.0,153.41,16208.73,2023-05-16
REF002365,925.74,130.59,35021.32,2021-08-29
REF000666,2218.76,97.78,5728.15,2024-01-23
REF002979,269.8,90.54,9583.19,2020-11-22
REF000981,1119.29,175.22,29283.88,2023-05-30
PIP000400,1574.62,129.1,39749.62,2024-03-11
REF000217,1308.75,155.24,8117.51,2022-02-06
REF001023,902.3,65.29,5085.52,2021-02-21
PIP002429,2092.3,20.74,28675.58,2018-03-09
WEL000733,4696.89,116.76,4216.94,2019-03-25
PIP001909,4140.17,70.77,33300.35,2024-10-30
WEL000097,3455.84,11.0,39114.01,2022-12-21
PIP000852,1918.71,89.87,2064.81,2019-12-09
PIP000881,3399.75,68.19,28853.89,2018-06-11
PIP000712,3315.57,168.33,34382.26,2021-02-19
PIP001135,1242.22,82.36,29383.47,2024-07-24
WEL002676,699.33,85.71,40497.79,2019-01-03
REF000026,2559.11,53.63,44930.8,2018-04-28
WEL000228,3717.0,193.91,39404.82,2020-06-30
PIP001401,3712.48,40.92,24153.82,2022-12-22
REF001932,502.63,168.97,26855.06,2018-11-21
WEL000441,2317.15,126.33,16148.01,2022-11-16
REF000818,2053.5,28.55,27499.7,2024-02-08
WEL001671,4351.8,154.13,35543.27,2022-07-25
PIP001190,3582.77,53.16,36669.31,2023-08-15
REF000151,481.91,112.93,20653.25,2019-05-11
PIP002158,3254.18,161.14,19370.18,2019-02-23
PIP000910,19.91,78.49,18016.88,2021-11-29
WEL001060,4635.1,71.62,44652.37,2024-01-18
REF001186,1123.35,38.56,46588.58,2023-10-26
PIP000827,4243.14,53.41,41398.87,2019-09-10
PIP002163,3704.13,136.22,47974.73,2024-07-20
WEL000510,760.22,45.51,27917.52,2018-11-07
REF000807,2259.48,94.28,33728.74,2024-03-03
WEL000079,2498.94,150.8,11203.6,2018-10-07
PIP001079,4219.19,119.03,31927.05,2019-01-23
PIP001300,1869.79,24.97,7570.51,2021-06-11
PIP000248,1929.34,162.67,30459.16,2023-12-21
PIP000415,843.03,75.23,2401.92,2024-09-23
REF001273,999.44,190.04,33681.58,2022-02-18
REF001193,2908.95,62.62,2086.78,2019-06-23
PIP000236,3233.72,95.86,35171.38,2023-04-14
WEL001962,520.44,196.27,22349.38,2018-10-05
WEL001645,883.03,17.49,9513.83,2022-10-24
REF000437,2296.86,21.11,26333.41,2024-04-02
WEL002730,4446.4,19.09,41296.12,2022-01-05
PIP000393,2285.37,123.1,37486.43,2018-01-17
WEL000612,1142.88,145.6,42920.28,2018-05-07
PIP001964,2467.07,102.16,7683.6,2019-12-26
REF002067,3322.79,151.17,14404.83,2022-05-30
WEL002144,2974.83,163.66,18599.01,2023-01-08
PIP001899,3419.15,167.52,19485.21,2021-08-05
REF000490,4805.43,112.59,8024.3,2024-09-21
PIP002957,1544.66,82.81,15124.56,2021-09-15
WEL000734,963.49,81.58,34361.41,2022-01-15
WEL001329,2392.05,131.38,39303.56,2024-03-16
PIP002146,2860.23,158.64,8699.39,2024-04-15
REF001840,1878.43,152.38,49779.99,2018-12-10
PIP002584,2987.07,99.55,8163.04,2022-02-06
REF002970,2072.69,151.3,11261.63,2020-04-09
PIP000965,292.81,69.41,21715.34,2021-06-23
WEL002797,4515.84,121.42,12352.48,2020-01-30
PIP001302,4795.65,89.52,17293.41,2021-09-14
REF002298,405.57,196.58,7720.17,2021-06-18
WEL002999,57.07,89.55,42273.06,2021-03-16
WEL002750,1192.1,109.93,25367.64,2022-05-26
REF002693,2302.37,131.56,19141.02,2019-06-15
PIP002727,4522.81,44.74,32136.3,2019-03-24
REF002499,3900.02,81.2,32589.63,2020-05-19
WEL002116,3685.87,134.11,28597.96,2018-10-08
REF000757,1010.41,95.62,31863.38,2018-05-06
REF002275,729.91,118.54,20240.79,2021-05-22
REF002170,4181.28,169.99,9065.16,2024-11-18
WEL000026,1590.82,127.4,34421.51,2022-05-25
PIP000165,3560.5,151.28,2666.02,2024-04-04
WEL001236,4646.04,80.9,20061.59,2019-05-21
WEL000800,3173.11,8.99,37473.54,2022-03-29
PIP002613,298.25,81.15,26680.6,2019-02-19
WEL002376,3107.29,43.98,7385.86,2019-07-13
PIP001599,1221.87,29.68,1625.65,2023-11-14
PIP000255,2866.15,152.16,4624.16,2018-03-08
WEL001092,3585.76,176.23,41028.09,2023-01-27
REF002135,4836.32,75.89,45213.95,2022-06-11
PIP001477,454.44,48.89,24809.65,2021-12-27
PIP001008,4108.8,171.02,14047.75,2018-05-22
PIP002896,3296.83,142.49,9365.94,2018-03-03
REF002352,1377.43,42.97,29931.01,2021-03-12
PIP001568,1251.03,72.65,47488.63,2019-05-18
PIP001789,2775.01,154.37,971.02,2022-05-08
PIP000636,1621.82,30.05,48876.32,2024-09-16
PIP000591,1855.18,18.8,44015.32,2024-04-09
WEL000760,842.01,146.09,38114.5,2021-06-28
WEL000425,2978.83,67.18,10775.56,2020-06-28
WEL000670,2852.26,168.88,19533.46,2021-09-13
PIP000877,4781.49,135.17,24044.71,2018-08-17
WEL002848,4273.17,170.84,38335.19,2018-04-15
REF002903,3070.5,196.9,42022.17,2020-02-18
WEL002332,2028.56,94.19,11235.5,2018-03-01
PIP002411,1548.67,29.81,39031.23,2019-06-09
WEL001729,4047.67,147.43,6691.2,2024-11-09
PIP001455,1046.33,124.84,22623.26,2021-10-17
REF001155,152.84,135.43,23497.38,2019-01-26
WEL002355,4625.27,131.06,30285.82,2024-02-03
PIP002309,3621.6,151.47,10606.54,2021-04-09
WEL002936,2516.72,24.43,37033.56,2021-10-29
REF002544,547.03,31.8,17456.87,2024-04-25
WEL000467,2848.64,145.9,17559.64,2018-12-29
REF002352,3439.05,178.35,24339.26,2024-03-28
WEL002647,2075.94,6.18,46517.34,2023-06-04
PIP002732,3622.89,109.95,37055.8,2019-04-02
REF001741,931.34,17.51,11100.96,2018-06-17
WEL001314,4835.58,58.57,41550.53,2022-07-21
WEL002463,2708.27,95.79,6852.19,2020-05-20
REF002191,2726.63,58.4,22592.17,2018-07-17
WEL002260,3780.76,184.4,32093.38,2024-10-12
REF002712,922.49,33.21,999.26,2021-06-04
REF000941,3116.03,113.16,14905.86,2024-06-23
WEL001369,675.64,37.46,42905.73,2021-04-30
REF000354,2865.59,14.71,27924.22,2024-12-26
PIP001795,369.95,76.22,49783.17,2018-02-28
REF002412,4991.24,167.71,7149.03,2021-11-16
REF000942,2639.21,175.89,26838.88,2020-11-09
WEL000810,1221.74,72.88,33825.81,2024-03-21
REF001992,4933.69,144.8,15393.39,2018-01-17
WEL000956,3094.0,111.39,40671.77,2024-02-03
PIP001909,1214.84,64.87,26667.83,2024-09-07
PIP001057,4883.0,182.14,20249.34,2018-01-08
WEL001616,4515.69,35.09,8693.9,2023-05-30
REF000043,4665.09,60.08,12900.17,2019-10-02
WEL001248,1412.39,75.26,29689.36,2019-04-09
PIP001424,132.16,74.74,10152.92,2022-06-25
WEL000098,1662.51,59.18,15045.84,2024-09-21
WEL001515,2090.52,23.02,9538.18,2021-09-30
REF002910,3350.96,140.77,13388.96,2021-05-05
REF002595,4715.69,86.09,20407.01,2022-02-24
WEL001150,3841.18,62.52,26920.15,2024-03-03
WEL001949,3283.07,114.28,8002.81,2020-12-28
PIP000813,2288.29,129.88,9539.01,2019-08-29
REF001645,1433.45,14.97,26050.12,2020-03-18
PIP000538,367.18,57.65,5615.54,2020-08-28
PIP001075,4501.5,113.44,40278.42,2020-05-27
PIP002516,3312.82,132.79,13209.95,2018-03-12
PIP000649,1765.05,95.27,37121.04,2024-03-23
WEL000248,1402.71,168.75,12814.31,2020-04-29
REF001139,2926.02,1.09,47691.21,2018-02-05
PIP001772,4282.72,95.3,46117.12,2022-08-28
REF001583,1108.72,163.57,12834.83,2020-05-12
WEL001858,4069.72,81.74,45664.89,2023-04-01
REF000198,3043.65,90.99,38199.92,2022-10-25
REF002747,1516.73,194.63,48637.5,2021-10-04
REF002410,1950.68,182.66,1805.31,2024-12-29
WEL000820,966.47,77.93,5333.23,2020-06-01
PIP001278,3829.65,19.95,40391.14,2022-11-13
WEL000521,51.71,140.99,10714.86,2021-09-04
WEL000402,4132.41,157.06,39028.19,2022-01-20
PIP001922,4887.62,187.18,41683.18,2024-03-19
WEL001159,4110.41,122.25,31962.92,2024-07-29
PIP001761,3702.08,4.94,17444.77,2024-09-12
PIP000460,3464.21,195.15,10956.43,2024-12-09
REF002279,2762.31,117.43,48100.61,2018-02-05
PIP001593,2683.17,183.72,24577.88,2021-05-04
REF000819,2913.02,59.85,30489.93,2021-04-24
WEL000670,492.19,129.4,34676.19,2023-08-27
REF002447,4371.59,39.94,36200.75,2022-04-05
WEL002624,1660.86,78.83,26072.77,2023-01-16
WEL002777,4895.67,77.66,25891.99,2020-06-07
PIP002745,75.7,128.32,37121.16,2020-05-09
REF000166,1668.11,132.65,19719.27,2018-11-16
WEL001120,949.74,142.32,30668.71,2024-11-08
REF002170,2062.58,88.02,42799.38,2024-03-13
WEL002855,4580.84,26.09,45151.19,2018-12-27
WEL001429,4055.09,143.99,4861.47,2023-01-27
REF001473,48.47,6.47,17015.78,2024-06-17
WEL000483,1332.22,129.87,22537.25,2018-01-30
WEL000942,2473.34,80.77,18259.48,2022-04-18
PIP001600,4680.38,158.75,21526.74,2021-11-24
REF001564,4092.62,193.25,30262.88,2020-11-24
REF000936,3013.52,104.21,10125.48,2018-03-08
WEL002965,1117.43,192.75,28703.12,2023-01-31
PIP000867,3363.49,84.58,16134.65,2021-03-14
REF000758,756.51,45.92,29139.56,2018-06-22
PIP001651,1508.26,187.47,21812.36,2021-07-12
REF001817,4844.0,176.06,3982.12,2020-02-26
REF001839,4495.03,19.69,19338.97,2018-12-06
REF000675,3053.1,146.93,21996.93,2023-12-06
WEL002089,4849.19,192.27,45638.58,2024-04-14
PIP001228,3784.0,144.88,35681.4,2022-05-27
WEL000303,1798.8,122.57,44290.97,2022-05-12
WEL000761,1927.14,178.34,19548.95,2023-10-28
REF002433,679.16,182.45,27085.13,2023-08-15
REF002278,4883.4,188.3,46893.63,2023-07-19
REF000508,2571.54,111.1,37671.44,2022-07-22
WEL001989,3457.06,71.5,35138.34,2018-02-25
PIP000525,451.95,107.22,2167.05,2019-02-28
REF001800,4581.94,190.1,38746.14,2023-04-13
PIP002078,3684.79,96.14,34740.28,2023-07-28
WEL002865,1471.58,199.63,26018.44,2024-03-15
PIP002677,176.26,135.44,44135.05,2020-02-18
PIP002160,3442.46,128.06,22451.33,2023-07-15
REF000795,1126.12,151.57,14459.13,2023-11-15
WEL001224,4269.18,37.9,38607.87,2021-05-19
REF001020,2995.28,173.67,9933.45,2022-03-08
REF001681,4828.68,85.72,34827.42,2021-06-15
WEL000303,1524.36,161.78,44226.14,2024-09-08
REF001565,4401.2,128.9,20339.47,2022-01-13
REF000422,2207.92,89.4,27448.88,2018-02-28
WEL001087,1590.84,88.4,7108.36,2022-07-24
WEL001971,4706.38,100.47,40124.66,2023-11-21
WEL000966,2225.27,12.41,664.48,2018-06-07
REF001611,1087.69,148.8,16642.48,2022-09-17
PIP001766,1288.6,151.32,38992.44,2019-06-27
WEL000346,3563.71,163.93,1587.71,2020-10-10
WEL002926,1143.01,105.44,42912.5,2024-12-19
WEL000179,3665.34,110.14,21510.25,2023-06-20
WEL001777,19.42,57.46,11182.66,2023-10-15
REF000463,2126.78,20.61,25322.9,2019-10-13
PIP001067,2387.91,172.53,32354.08,2020-11-27
REF001313,4188.17,38.94,45560.57,2023-02-10
PIP001290,1824.61,100.79,37253.31,2021-11-20
WEL000483,960.37,154.97,13055.61,2019-02-13
REF002077,739.35,156.06,5386.39,2024-04-18
PIP001291,2304.23,13.95,26947.45,2018-05-04
PIP001506,1143.49,33.16,38215.03,2020-04-05
REF000878,692.94,124.25,21403.71,2024-05-17
REF002279,892.18,70.84,41888.49,2024-06-02
PIP002280,3841.71,142.72,37961.81,2020-09-12
PIP001569,4914.37,43.07,47089.63,2019-02-27
PIP001342,3479.36,129.28,31624.53,2021-04-15
REF002115,4663.01,132.13,21016.36,2023-11-21
WEL000352,2865.55,160.63,25621.91,2018-06-09
PIP002750,4394.96,157.22,30598.41,2020-04-21
REF001884,3746.86,152.83,49525.28,2020-08-13
PIP000230,3601.25,123.2,11630.07,2022-10-26
WEL001015,3064.81,181.11,28040.22,2022-07-11
PIP002030,2479.24,183.99,5472.84,2018-10-12
WEL001280,1248.43,55.44,24789.28,2023-04-04
REF000587,997.94,16.46,39743.18,2022-11-11
WEL001496,3213.14,58.72,29118.52,2021-01-12
PIP001148,1318.87,137.14,37854.37,2024-10-29
PIP001090,793.91,30.43,12627.18,2023-01-16
PIP000662,1602.29,93.04,37623.54,2018-07-26
WEL001780,1889.07,131.7,46622.04,2022-02-25
REF001438,1836.75,173.51,15067.09,2023-03-22
WEL002976,146.72,85.6,27074.28,2020-01-19
WEL001451,3248.87,110.05,17829.7,2022-12-02
WEL000718,1380.58,191.97,3693.74,2021-03-12
REF000259,130.18,17.68,8227.57,2018-07-27
WEL000351,983.89,170.9,258.45,2023-06-09
REF002822,3747.34,21.63,7235.04,2018-06-04
WEL000329,1413.93,129.5,35678.35,2018-03-15
PIP002081,4372.52,152.17,22818.61,2023-04-26
REF000874,11.49,198.54,37953.9,2024-07-01
PIP001524,1529.71,169.88,1803.23,2018-07-12
WEL002941,153.89,118.26,8199.49,2024-05-04
WEL002681,685.29,157.35,24836.57,2018-12-03
REF000895,403.72,89.7,28508.54,2022-05-01
REF002982,1979.82,171.57,4761.71,2022-06-02
PIP001342,4464.24,40.93,31847.7,2022-05-19
REF000709,2503.43,173.03,36782.38,2020-07-16
PIP000820,257.19,31.09,1817.12,2023-08-03
WEL002178,2621.69,50.66,25422.06,2023-03-27
WEL002345,602.3,86.76,2855.12,2023-02-07
PIP002185,3567.94,179.17,44636.06,2019-01-24
PIP001036,431.38,147.16,49767.06,2023-11-09
PIP001709,193.48,158.36,4660.22,2023-02-02
REF002027,4053.06,91.41,17547.33,2024-08-06
WEL001371,2555.74,151.05,25574.77,2021-01-12
PIP000702,4153.98,26.05,28341.74,2018-11-16
WEL001802,2497.15,179.43,43513.96,2018-10-23
REF001266,2950.9,72.69,5288.75,2022-11-24
WEL002490,502.53,122.13,30332.35,2023-10-12
WEL002316,3341.28,8.52,1925.38,2018-01-03
WEL002692,1794.65,22.16,23932.14,2019-10-17
PIP002264,2882.38,67.89,46519.46,2023-10-11
PIP001674,3782.51,10.22,33505.11,2019-10-15
REF001070,2561.38,98.86,11323.64,2019-11-09
WEL000655,2852.57,18.08,6365.81,2023-05-26
REF000884,2016.19,8.13,11198.65,2024-02-12
PIP000818,506.88,145.67,40893.75,2020-12-26
REF002662,3668.01,151.3,45943.5,2021-10-31
REF002392,3171.29,85.02,19700.28,2023-05-22
PIP002572,3795.89,190.22,4534.83,2018-07-16
PIP001673,3990.85,19.59,18951.09,2024-04-18
REF000584,4575.19,34.4,27342.97,2020-01-27
WEL001339,4341.92,197.72,8582.12,2019-02-19
REF001914,3677.45,192.85,1039.91,2020-11-28
WEL000597,1632.23,8.47,31399.83,2022-04-14
PIP001852,1149.94,92.13,32616.72,2018-04-19
REF002460,4835.05,89.38,2280.58,2024-10-25
REF001176,2465.65,171.49,20185.41,2019-08-31
PIP002638,2495.25,129.11,37546.92,2024-12-08
PIP002473,1063.04,105.91,8789.64,2023-09-22
REF002166,4654.86,7.5,19588.22,2018-07-27
REF000906,1662.72,97.36,7521.15,2024-08-26
PIP001423,4569.3,95.6,27709.51,2024-05-20
WEL002168,1668.35,25.47,13424.95,2020-12-06
REF000300,2930.82,2.16,36211.57,2020-09-10
WEL001385,2919.14,114.75,26899.45,2020-05-20
REF000374,2975.89,165.7,13987.89,2020-07-07
WEL002129,2072.43,91.97,9343.91,2021-01-17
REF002635,4604.13,99.33,5059.66,2020-10-05
REF000121,1484.14,100.4,48018.42,2023-05-03
WEL000535,2980.05,132.89,23007.65,2024-12-30
REF000947,4389.86,153.88,18044.6,2021-06-19
REF000827,1044.19,180.44,10390.32,2024-02-25
WEL001795,4889.77,61.94,1560.58,2024-03-15
WEL001451,1441.02,111.44,4601.25,2024-01-06
PIP000023,1284.03,40.95,5600.72,2018-05-18
WEL002877,4785.01,87.23,36869.69,2018-11-12
PIP002026,3309.91,22.85,16401.43,2018-04-01
PIP001730,718.61,13.66,23854.1,2019-07-19
WEL001225,2878.84,18.13,28828.91,2019-03-13
PIP001709,1386.24,120.86,5293.44,2024-07-19
PIP000338,281.76,98.34,4625.09,2022-08-26
PIP000562,2186.27,197.86,14683.96,2023-10-24
PIP002066,2013.1,119.01,7757.32,2019-03-23
REF000674,670.22,74.15,33214.68,2018-12-01
PIP001760,4412.8,84.2,326.08,2021-03-12
REF001014,4016.95,31.62,4264.22,2018-03-27
WEL002833,1234.79,156.31,45197.69,2023-05-20
REF000728,1632.42,156.07,37901.67,2018-09-02
REF001991,651.38,26.99,11242.77,2019-01-09
WEL002672,3860.79,127.84,44427.25,2020-11-03
REF001479,4697.54,182.32,31416.84,2023-10-30
WEL002803,4152.9,46.64,30180.76,2019-02-20
PIP002090,1042.25,180.47,47922.09,2018-09-24
REF000257,2827.57,137.69,48217.82,2020-09-05
PIP001234,4176.28,62.59,20994.93,2018-08-04
PIP001959,714.58,169.34,11724.89,2024-06-23
PIP000615,2412.65,43.73,16038.23,2023-09-23
PIP001325,3154.1,79.45,36822.94,2019-03-22
REF002498,2399.9,99.95,9230.91,2019-08-19
WEL001816,1001.85,127.82,27829.89,2022-03-10
PIP002349,916.93,137.89,23147.14,2019-05-07
REF000856,1955.11,36.14,21494.88,2019-09-10
WEL000450,4530.35,14.19,34870.63,2020-10-26
PIP002851,2568.8,185.15,32600.86,2023-04-11
PIP002091,1277.8,15.07,45381.59,2024-01-23
REF001733,2136.2,69.69,34767.43,2019-08-20
REF002504,903.26,157.98,49796.28,2021-06-19
REF000821,4388.26,71.79,30413.42,2022-10-08
WEL001575,496.21,11.07,4622.82,2020-06-13
PIP001039,3370.13,188.8,5746.45,2021-10-30
REF001413,2952.26,28.53,43979.5,2018-08-04
REF001227,1028.66,46.12,32844.68,2024-03-23
WEL001676,1831.37,52.04,13240.14,2022-12-13
WEL001758,390.27,5.01,24160.97,2019-03-30
WEL002943,4360.32,150.4,31260.27,2021-09-12
WEL002193,4035.59,40.6,41477.19,2018-03-05
REF002251,198.12,32.65,37596.87,2019-10-28
PIP002041,1333.82,97.24,28400.14,2018-05-27
REF000910,4141.78,161.52,16216.9,2021-11-14
REF000419,1940.94,142.66,41892.63,2024-08-15
WEL000180,2613.79,56.16,37762.37,2020-01-28
PIP000652,507.55,12.54,18428.7,2020-07-02
REF001942,3441.85,74.75,44127.17,2019-09-27
WEL001638,3229.71,140.82,42291.38,2023-09-09
WEL000046,3287.44,194.57,37877.03,2022-08-12
WEL000958,3336.0,96.01,33835.85,2020-08-02
WEL000675,1505.93,135.69,19839.75,2022-02-06
PIP001044,4424.08,187.96,41763.77,2024-05-06
PIP002314,3223.95,101.93,27393.97,2018-03-03
WEL002503,4823.28,12.23,539.03,2018-12-06
REF001160,586.96,136.67,13091.94,2022-07-11
PIP000182,805.22,126.93,45487.34,2024-02-27
WEL001755,4282.49,187.03,3985.84,2019-09-07
REF002394,3293.68,105.35,28562.61,2021-12-30
REF000948,4117.91,182.54,14034.38,2020-08-13
REF002525,4974.73,189.6,34444.81,2022-07-18
PIP000048,4730.9,162.06,40203.53,2024-06-06
PIP000160,1932.08,33.43,4862.01,2021-02-07
REF001444,1383.81,165.23,1420.49,2024-12-18
WEL001955,776.53,180.04,32845.69,2023-12-21
REF000518,4744.6,115.42,15847.74,2018-08-13
WEL001205,867.52,35.1,32657.53,2021-11-09
WEL001218,3536.25,103.09,1393.54,2020-11-17
WEL000407,356.43,83.54,45733.68,2018-11-14
PIP000606,3055.63,169.65,14987.88,2023-12-29
WEL000806,550.69,107.21,43098.94,2023-02-08
PIP001954,1614.55,92.42,17965.04,2020-08-31
WEL002561,4135.0,106.71,4841.95,2019-12-14
WEL002707,4070.63,70.8,7947.57,2019-09-21
WEL001139,714.64,91.5,9321.76,2019-10-15
REF001226,2054.06,129.33,32672.55,2023-02-19
PIP001181,2777.39,150.55,25093.02,2024-12-27
REF001458,4894.16,32.63,27618.23,2018-07-05
PIP000541,1733.97,189.59,12719.86,2024-09-20
REF000580,4359.79,137.05,39067.08,2018-08-31
WEL001808,2343.98,103.41,6816.88,2018-01-31
WEL002589,1448.27,21.89,20681.28,2020-10-22
WEL002931,1621.2,77.5,4514.55,2023-09-01
REF000963,3994.81,15.12,19897.23,2018-10-24
REF001460,1793.06,6.09,48439.74,2018-02-05
PIP002386,4101.54,114.34,14976.24,2024-01-31
PIP000327,3343.79,168.96,41889.81,2024-10-03
PIP001805,496.62,107.07,15583.61,2023-01-03
REF000467,3511.96,47.08,14438.61,2024-01-09
WEL001539,54.6,52.0,35342.34,2023-11-16
REF001037,3710.4,179.95,29014.08,2024-05-24
REF002917,1328.13,170.19,11706.49,2020-10-07
WEL000084,4827.37,113.95,10332.71,2024-12-12
REF000349,2792.49,33.16,24951.78,2020-11-17
REF002369,4434.35,72.65,48379.66,2021-11-04
PIP001766,1165.14,183.51,43417.48,2024-04-12
PIP000264,3565.71,164.5,33421.3,2024-11-24
REF000419,1054.72,43.76,29894.08,2018-01-08
PIP000126,792.89,188.92,41314.33,2018-06-27
WEL000360,2435.88,198.62,21123.2,2019-04-26
REF000558,2805.83,117.48,5305.85,2018-04-17
PIP000545,2866.6,153.63,39739.09,2023-05-16
WEL002507,102.65,149.55,26038.5,2022-07-06
REF000158,1631.07,138.55,39014.5,2023-12-30
PIP000412,228.78,0.67,44263.45,2023-05-30
WEL001987,1607.44,155.29,15276.06,2021-12-21
PIP002937,4059.12,158.77,47339.17,2020-06-21
REF000450,2947.83,62.26,1964.84,2018-12-22
WEL000571,769.71,196.21,29289.65,2024-08-28
PIP002183,3777.99,104.62,48160.26,2018-06-05
WEL002419,37.4,42.34,5534.32,2021-03-22
WEL001549,1697.25,150.56,49473.56,2018-06-13
WEL001398,4485.19,69.77,40737.24,2020-11-04
WEL001445,2098.49,83.71,49496.7,2018-11-16
PIP001816,3447.61,20.74,36099.62,2023-09-24
WEL001978,2949.46,141.84,21352.7,2024-10-15
PIP002996,1404.44,102.21,1802.34,2023-04-02
WEL000305,1928.57,48.15,5267.57,2024-11-19
WEL000647,29.44,75.88,21607.45,2020-10-22
REF002042,834.18,139.73,16009.1,2023-07-31
WEL002236,3083.29,166.22,9426.95,2020-10-25
PIP000331,2786.3,130.32,26232.25,2019-02-26
REF001849,2274.54,15.52,36698.22,2018-09-27
REF002243,4899.33,123.17,27486.56,2022-01-23
PIP000422,1464.36,85.73,15137.21,2019-11-03
REF002911,2231.22,178.07,7573.95,2023-09-09
REF002203,3830.8,87.78,29426.61,2018-04-07
WEL001526,1760.26,42.15,4452.06,2021-09-12
REF002590,4887.69,27.89,35746.4,2023-11-19
PIP000402,3566.24,141.29,47713.97,2022-02-24
REF001491,4872.82,137.22,583.46,2023-09-20
WEL000066,4609.99,12.93,39373.86,2020-06-14
REF000626,2291.88,5.99,5183.62,2023-07-28
PIP001526,2277.13,67.77,34283.34,2024-03-06
REF000389,4857.03,70.87,44155.86,2019-12-23
PIP001362,810.28,113.82,34304.12,2020-07-25
PIP000571,3272.17,155.26,34780.03,2021-01-28
PIP002115,4738.81,22.91,11631.75,2024-11-17
REF000622,2248.58,133.99,39011.48,2022-05-22
REF001900,2344.91,70.78,26869.08,2019-09-12
REF000134,3117.96,147.11,41689.06,2021-06-14
PIP000894,3281.32,110.37,33934.56,2021-11-27
WEL001653,2159.37,85.77,40640.11,2023-10-19
WEL002917,3911.05,67.08,39892.58,2022-04-30
PIP001210,2309.5,155.69,43517.58,2024-11-15
WEL002921,4046.55,14.74,11720.72,2020-09-04
WEL000227,4199.11,107.31,14212.42,2021-06-17
WEL000429,2789.63,80.89,29332.98,2018-12-03
REF001720,1739.63,63.87,28351.08,2018-12-19
PIP002601,1192.91,7.52,2203.83,2020-09-20
REF000155,3254.74,105.93,44332.93,2019-09-19
PIP001973,4034.61,139.94,14194.35,2022-09-08
PIP000578,597.44,158.3,9945.34,2019-10-10
PIP002095,4830.57,121.05,43844.05,2022-12-07
WEL000707,4955.26,191.72,27995.2,2018-10-01
REF000040,3571.45,32.36,43378.48,2020-09-17
WEL000194,816.56,97.35,38298.16,2019-02-15
WEL001595,3065.28,151.88,16870.1,2019-07-16
PIP000542,2672.92,129.17,1264.16,2019-07-16
WEL002915,4523.67,129.52,13562.05,2019-03-08
REF001171,571.25,1.86,27082.59,2024-04-05
PIP000695,2062.27,144.86,9417.37,2019-10-07
WEL000432,702.44,156.52,20106.45,2020-01-01
WEL001669,3189.37,175.91,20450.86,2023-08-07
WEL000222,3657.03,180.34,17721.56,2024-09-30
WEL001885,353.0,75.37,10772.71,2018-12-16
PIP001165,3726.83,74.5,17786.41,2024-06-20
PIP002063,706.77,67.93,37766.85,2020-03-01
PIP001430,2655.81,138.57,12597.61,2023-07-31
PIP000975,4916.38,64.03,22364.23,2021-06-04
REF002227,1833.27,94.44,15828.32,2023-01-24
PIP001039,2510.53,72.2,34448.83,2018-09-18
REF000247,2144.85,178.36,21155.33,2018-07-27
PIP002595,4955.88,130.31,42405.16,2018-07-02
WEL001933,4433.76,152.36,19763.41,2021-11-10
PIP001665,4947.47,157.27,29164.42,2019-06-24
REF002521,3926.69,146.33,22311.99,2023-08-02
PIP002719,998.45,146.65,23734.43,2019-10-11
REF001308,2900.29,198.18,8479.64,2024-05-29
WEL000736,2377.33,175.98,1296.38,2021-02-14
PIP000847,1927.73,65.86,39491.48,2019-10-03
REF001266,354.19,37.53,2654.94,2023-01-13
PIP001412,4189.67,65.09,32322.64,2021-08-06
PIP001125,1070.67,60.57,7608.09,2023-11-18
WEL002072,3483.36,57.53,48878.05,2022-12-05
WEL002921,2653.55,33.52,10338.67,2024-04-20
PIP000489,2641.0,191.06,4916.89,2019-09-17
WEL000813,3600.82,34.38,31257.29,2021-06-20
REF002307,4609.9,192.29,40034.54,2024-09-10
REF002180,3811.63,181.61,20285.42,2020-12-28
WEL001465,3817.42,140.82,1950.19,2021-10-18
WEL001667,2676.63,108.37,36153.58,2023-08-12
REF002117,1402.13,112.48,30670.1,2024-05-02
PIP001459,1209.16,29.05,44125.02,2020-11-23
WEL000875,4747.57,183.1,32024.63,2021-11-23
WEL000785,4107.7,188.31,6676.94,2020-09-13
WEL000904,4947.67,18.03,5699.16,2018-04-19
PIP001100,3848.94,197.98,34125.58,2019-07-13
PIP002956,735.81,68.58,34508.38,2019-10-09
PIP001173,3016.62,189.55,33349.63,2021-10-18
REF001801,3912.34,17.44,41277.43,2022-12-24
PIP000542,197.78,160.54,17126.66,2019-01-22
REF002032,990.2,165.82,26520.88,2023-06-17
REF002085,3122.71,196.78,5017.72,2023-07-01
REF001665,2451.36,157.14,14880.39,2022-04-03
REF002843,336.77,57.05,40901.15,2020-06-09
PIP000167,1992.1,27.11,26810.28,2021-06-15
PIP000006,4282.5,6.79,47795.81,2023-09-22
WEL000053,4983.37,191.49,6214.02,2018-10-08
WEL001260,2906.14,106.73,24553.97,2022-03-30
WEL002360,267.86,180.96,23603.21,2018-12-06
WEL002405,33.46,58.82,8135.25,2018-05-27
WEL002820,880.82,135.26,11837.4,2020-02-28
REF000553,2189.23,164.28,30162.33,2020-10-30
WEL002392,827.21,99.84,44473.05,2022-06-16
PIP001858,2112.72,110.34,18968.32,2021-10-20
PIP001431,428.47,110.94,2650.86,2024-07-04
PIP000802,3995.07,142.23,32575.08,2020-01-25
PIP002134,2147.87,96.36,15345.5,2019-05-19
PIP001833,2558.75,170.87,2670.6,2019-08-29
REF001072,390.06,161.47,3397.83,2023-08-12
REF002277,3948.85,164.5,25800.12,2021-03-20
PIP002189,2953.71,93.21,32511.71,2020-08-02
REF002797,4148.33,38.46,16111.26,2020-09-30
REF001820,2626.71,181.48,15167.51,2023-04-27
PIP002473,920.04,45.77,41781.31,2018-11-03
REF002863,2179.35,199.54,32078.08,2020-08-24
WEL002355,4635.01,169.4,409.74,2020-02-09
REF000181,4505.12,131.68,8977.57,2023-01-05
PIP001566,1918.41,179.65,32870.97,2019-02-11
WEL000048,529.67,92.21,44396.15,2023-02-11
PIP001797,2789.49,138.9,16722.03,2018-08-19
PIP000768,3158.21,156.37,29154.66,2022-12-01
WEL000540,317.48,81.91,20928.67,2024-04-20
PIP000630,1914.1,171.69,33543.33,2023-07-04
PIP002286,3044.97,61.93,5671.46,2024-07-26
REF000424,1011.75,18.48,26241.18,2022-10-13
PIP002597,1728.49,104.4,45630.05,2023-07-28
REF002474,1051.06,146.61,10962.36,2022-11-10
REF001643,2075.8,6.75,33743.25,2021-10-23
REF000092,3411.82,97.84,5851.2,2019-02-05
WEL000883,1861.83,140.9,29120.12,2024-08-26
REF001309,1779.11,98.33,6331.7,2021-02-27
PIP002052,4447.71,60.01,13820.02,2021-11-07
WEL002061,4420.97,9.82,2122.53,2021-04-11
REF000426,4782.58,66.03,16108.57,2023-04-14
PIP002397,1576.76,63.03,6827.35,2021-08-24
PIP000854,4723.6,95.85,11119.56,2018-04-08
WEL001736,677.32,100.89,1811.55,2020-12-31
PIP000496,4339.8,142.14,30774.47,2023-11-07
PIP000156,2153.19,144.86,28111.74,2024-06-14
REF001764,3078.13,76.95,35998.54,2018-12-27
WEL000891,1668.02,166.53,25101.2,2022-07-28
PIP002538,3590.62,111.01,20812.33,2024-05-25
PIP000131,4789.37,172.77,10090.51,2019-12-09
WEL002680,473.33,162.41,3942.93,2021-03-10
REF000577,3497.41,3.76,29898.24,2024-05-03
REF002850,1507.54,120.56,24724.62,2019-09-26
REF000591,3566.02,33.53,1533.52,2024-09-28
REF001929,2850.01,26.61,11961.64,2023-06-11
PIP001440,3617.03,36.65,23205.76,2024-09-11
PIP001731,118.27,109.16,29639.2,2020-02-12
WEL002776,1353.28,196.84,10376.45,2024-09-15
WEL000311,1258.56,186.09,4267.45,2021-03-09
PIP002137,4779.5,76.34,46799.6,2018-10-06
WEL002757,958.05,21.97,42405.45,2020-09-23
WEL000767,2229.81,77.35,41556.14,2021-08-23
PIP002201,2401.95,5.5,37603.59,2024-09-25
REF000276,2675.4,168.05,2846.12,2023-12-22
PIP000528,2805.96,179.6,13206.94,2018-01-22
WEL001755,4567.71,115.42,36774.52,2018-10-03
WEL002640,3029.61,97.55,8037.82,2024-07-14
PIP001411,1216.51,107.04,31465.52,2023-08-08
PIP002143,4658.73,93.33,39184.42,2023-12-26
REF002091,1631.83,148.38,33167.28,2018-12-24
PIP002090,1719.26,61.24,16005.76,2019-11-05
WEL001673,3547.04,48.17,3785.08,2019-10-29
WEL000036,908.71,46.66,15919.85,2018-09-02
PIP000519,874.13,26.89,4686.92,2018-09-24
WEL002783,3646.13,145.19,37611.5,2019-03-20
PIP000468,115.68,178.77,21050.19,2021-01-05
PIP002074,1535.52,167.25,21053.83,2021-09-08
PIP001549,4321.95,182.34,46793.29,2019-07-18
WEL002459,609.23,42.09,5715.9,2021-09-21
WEL001414,1532.58,25.64,17626.98,2020-02-14
REF000349,2940.1,84.89,49968.0,2019-03-03
REF000422,4041.26,63.26,14615.3,2023-07-02
REF001783,2845.47,165.48,16482.98,2020-10-04
REF002457,1281.05,174.06,32580.6,2019-04-29
REF002435,366.76,91.49,762.65,2021-02-10
WEL000301,3399.29,113.39,24545.75,2018-04-12
WEL000928,4028.82,88.28,38517.67,2023-12-31
REF002569,1302.24,108.64,43656.15,2023-10-26
PIP001634,791.78,165.25,39607.29,2018-08-19
PIP001774,3638.66,144.46,37669.78,2018-10-14
PIP000693,2287.3,77.69,12925.29,2018-02-01
REF000945,3184.12,77.35,46319.0,2023-05-27
WEL001210,1490.62,45.46,42786.93,2022-03-16
WEL002272,2017.96,22.8,25262.38,2020-12-26
REF001750,3587.93,149.78,9595.32,2019-01-22
REF001341,4216.41,169.0,26895.62,2024-05-11
REF001906,3059.21,108.48,48985.3,2024-04-05
WEL002176,4253.01,46.74,49177.6,2019-10-05
WEL001792,1078.26,54.06,34349.25,2022-07-24
PIP000787,3028.51,60.09,470.49,2022-03-23
WEL002737,2166.53,2.99,7441.95,2018-10-08
WEL001589,1196.15,53.64,25902.89,2019-03-25
PIP000130,4223.45,123.73,21575.29,2021-04-29
WEL002797,3905.73,104.31,10721.13,2020-06-30
WEL001225,2498.23,129.52,40198.15,2019-03-20
WEL001941,4007.88,163.99,1442.6,2018-07-04
PIP002209,15.3,186.74,10137.71,2022-01-10
REF001653,3169.92,134.53,49110.08,2018-05-15
PIP001094,4465.04,151.64,17270.52,2023-09-25
REF002336,343.15,7.22,15879.3,2019-11-22
PIP002642,2573.76,29.85,32720.23,2018-07-05
PIP000519,710.73,124.43,7156.94,2023-02-05
WEL002111,1838.23,69.39,3176.61,2019-09-02
REF000666,1575.64,149.94,4665.39,2020-12-31
REF000273,3486.07,74.3,1283.54,2024-08-04
PIP001056,806.19,98.12,19450.91,2023-02-26
WEL000768,4125.0,19.35,33825.51,2021-02-26
REF001833,4962.7,55.15,7830.7,2022-11-22
WEL002160,4484.95,184.94,33982.39,2022-04-09
REF002311,4022.47,192.89,22916.81,2022-02-09
WEL001026,1398.61,16.89,42907.65,2022-05-16
REF001392,879.9,41.22,13487.48,2019-12-20
PIP000418,1034.03,151.02,8916.84,2019-12-08
WEL000485,1781.88,49.69,44624.99,2019-01-21
PIP000289,4318.5,187.02,46409.36,2019-02-27
REF002566,380.28,127.27,12371.18,2019-06-23
PIP000557,984.25,119.64,35889.42,2022-02-11
PIP002299,82.54,60.45,3944.73,2018-04-19
PIP002112,4255.21,152.84,28599.61,2021-12-27
REF000238,1848.65,119.61,3916.75,2024-06-30
WEL002555,784.14,130.66,46979.89,2022-07-10
PIP000348,3164.95,67.36,12204.46,2019-12-12
PIP002488,3287.77,40.63,11312.94,2020-05-24
WEL001140,39.76,84.56,37100.73,2023-03-06
REF002676,1895.91,34.94,17715.3,2024-11-12
WEL001330,2609.12,104.36,43019.77,2023-02-12
WEL001799,3526.48,24.74,7241.52,2019-08-10
PIP002033,2053.99,33.78,39549.87,2020-02-04
PIP000450,3490.72,7.61,24570.64,2023-10-26
REF000325,1757.39,104.95,31441.7,2018-07-22
WEL002623,3974.27,104.57,10752.26,2023-12-20
REF000120,3477.54,54.99,17809.89,2020-02-27
WEL000829,1171.07,150.15,35587.35,2024-09-24
PIP001838,1631.38,1.75,26325.55,2018-11-24
PIP000533,1307.91,102.53,16212.19,2020-09-08
WEL002291,408.25,41.6,21363.81,2024-07-21
REF000544,4304.58,57.32,29865.18,2023-05-19
REF000956,3819.28,2.57,24445.8,2024-07-14
WEL001198,2555.69,169.57,38107.74,2018-07-08
WEL001068,2182.26,198.42,49772.46,2018-04-19
REF002452,3678.85,42.75,32217.62,2024-11-29
PIP002834,3499.98,21.87,33098.15,2023-12-11
PIP002949,336.91,149.44,34656.85,2020-03-02
REF002019,2190.7,23.03,5923.64,2024-03-12
WEL001388,1072.66,94.37,47929.15,2019-08-28
PIP001720,2328.63,77.61,42244.77,2021-09-27
REF001936,4089.06,137.06,21566.48,2024-07-04
REF001921,2817.96,71.48,40848.48,2020-03-29
WEL000279,2829.32,70.78,42149.67,2018-05-19
REF001861,4056.56,85.76,8511.45,2022-12-15
WEL002871,2074.11,75.4,13598.92,2022-12-07
REF002964,3392.4,5.94,30226.25,2023-01-26
REF002233,890.05,75.51,42340.57,2024-03-21
WEL001330,170.9,4.19,5063.41,2022-04-28
PIP002277,1730.09,101.98,6249.06,2021-08-31
REF001760,3250.67,137.99,47777.13,2019-04-18
PIP001694,4588.71,29.78,28550.57,2019-01-02
REF001403,3792.11,160.85,30247.57,2020-07-18
REF001816,2824.26,88.35,40632.49,2018-10-08
WEL001282,1250.46,2.89,16260.73,2020-01-23
PIP001522,2450.31,150.82,47902.4,2024-08-22
PIP001751,2172.97,1.2,45927.78,2023-04-06
PIP000989,4420.22,80.31,43683.96,2021-08-21
WEL000037,4592.48,28.12,34607.32,2024-06-21
WEL001082,1835.79,71.86,37497.29,2022-02-02
PIP002130,1387.93,22.85,14091.16,2018-04-28
WEL000741,1686.07,181.4,38367.53,2023-02-17
WEL002010,349.87,77.72,20902.7,2018-09-18
REF002578,462.27,143.52,18986.51,2024-05-20
REF001002,4733.58,55.81,28344.04,2022-09-13
REF001174,60.0,53.46,18807.84,2018-02-11
PIP000193,1317.15,36.53,43050.24,2022-04-01
WEL001186,2120.68,162.33,14878.67,2020-12-10
PIP001891,1061.46,19.51,18055.94,2024-07-11
PIP002677,1216.71,138.81,39198.46,2018-01-29
REF000379,42.3,105.09,18912.35,2020-06-01
WEL002438,4170.77,159.99,10288.59,2022-09-05
PIP002322,2847.57,188.45,15198.11,2023-04-03
PIP001560,2012.17,196.48,342.93,2022-05-11
REF000743,2251.84,179.52,21722.54,2019-10-28
WEL002356,3378.03,39.69,35204.71,2018-02-05
PIP000327,837.13,72.71,537.49,2018-11-20
PIP001175,139.85,74.03,3395.5,2018-06-24
WEL000463,4459.52,126.99,26318.45,2024-04-07
WEL001831,1555.24,101.73,33045.66,2021-07-15
PIP001361,1470.44,178.28,41872.17,2022-02-11
REF002105,4671.36,56.38,40542.76,2023-01-23
PIP001442,2414.82,136.9,3391.91,2020-06-18
PIP000446,3184.02,135.21,291.69,2018-03-25
PIP002947,850.91,17.39,37625.21,2024-09-06
PIP002046,27.33,122.44,44098.26,2021-05-26
PIP000786,1811.11,162.31,10701.4,2024-07-03
REF001703,705.26,171.14,3127.89,2024-08-17
PIP002460,2271.33,110.9,31027.18,2022-10-30
WEL002809,276.03,15.13,26902.69,2024-11-16
WEL000932,2043.65,111.71,45602.48,2020-05-24
PIP000509,2367.11,131.63,36279.87,2021-09-25
PIP000551,2225.39,13.6,39050.8,2023-09-22
PIP001391,4068.65,173.96,38870.76,2020-05-29
WEL000534,1756.0,131.02,15188.64,2021-07-14
REF001968,4335.33,193.46,37436.01,2019-06-23
PIP001261,3455.77,71.18,3506.26,2022-08-05
WEL000157,4732.76,96.22,14595.13,2019-04-19
REF000133,559.51,74.97,23016.85,2018-09-17
PIP000467,3258.38,19.46,34140.19,2023-08-25
REF000380,229.47,29.99,24030.35,2022-02-11
PIP001143,1746.39,78.34,11379.05,2020-06-03
WEL001614,2107.13,57.12,5872.77,2021-02-28
REF002231,4615.44,68.13,21470.78,2018-05-31
PIP002219,177.93,91.35,7024.08,2019-09-30
WEL001030,3855.57,193.96,22783.14,2019-05-21
REF000634,2280.16,134.99,14979.0,2023-06-30
PIP001840,3296.56,11.22,15911.84,2019-07-21
PIP000661,1240.6,94.15,33322.22,2021-07-06
PIP000571,4164.97,18.39,38129.2,2021-10-06
WEL000231,3297.95,82.55,29322.94,2018-09-08
REF001018,3443.98,78.62,4922.86,2018-11-16
REF001654,1088.19,11.11,39209.41,2020-11-06
PIP001464,2724.2,198.57,47512.77,2020-03-06
PIP002877,4128.93,6.71,38744.73,2020-01-06
WEL001255,519.21,27.87,1357.01,2022-12-27
PIP001466,1416.05,186.43,5307.96,2024-12-05
REF002286,4397.28,191.58,29739.96,2020-01-04
WEL000920,1633.58,64.28,31288.33,2020-10-18
WEL002531,919.66,162.21,38389.67,2020-07-28
PIP000543,1434.88,97.21,10122.7,2023-05-26
WEL001916,1996.23,88.13,40902.06,2018-07-02
PIP001697,3973.36,137.39,39720.27,2024-08-20
PIP001041,177.62,71.32,7371.6,2022-03-13
PIP001783,3598.72,172.77,16609.87,2021-09-06
PIP000627,4381.11,6.22,36407.6,2024-03-02
REF002406,3136.83,50.41,7808.76,2019-07-20
WEL001177,2165.38,81.73,14292.19,2023-10-02
WEL002029,1342.21,46.86,31674.83,2019-06-16
PIP001991,590.42,92.84,12813.5,2018-07-07
REF002964,782.45,68.86,28684.72,2019-10-30
WEL002790,4322.11,17.65,40445.77,2022-07-08
WEL002817,3384.23,66.07,43861.97,2019-01-11
WEL001253,4513.98,61.63,14174.56,2020-01-28
PIP001760,2476.65,199.28,9943.14,2021-08-28
REF002491,3026.16,23.57,14453.04,2022-04-22
WEL000245,2324.16,111.15,18864.04,2018-11-17
PIP002376,4674.04,27.66,24035.27,2022-08-23
REF001788,2804.13,161.36,42853.04,2018-07-05
PIP002312,3453.41,78.09,33285.96,2024-05-17
PIP000771,2838.11,59.41,6219.73,2021-02-27
WEL002984,4824.43,84.66,16012.86,2018-11-30
PIP001365,770.55,124.2,49734.96,2022-02-04
REF001814,1991.0,185.49,3267.12,2019-07-16
WEL002189,1504.39,164.02,25291.06,2023-03-12
PIP002304,3259.49,102.11,3109.08,2022-07-30
PIP000984,3191.06,199.68,19475.12,2022-07-24
REF000087,1545.63,43.49,4118.96,2019-01-24
WEL001157,2186.77,85.41,3238.69,2019-06-04
WEL001583,2973.01,112.48,41258.61,2018-10-08
PIP001769,4374.6,140.02,44261.87,2020-12-25
WEL002614,3391.01,142.22,44695.98,2022-08-08
WEL002106,1495.97,21.61,45630.33,2022-10-28
WEL000391,4441.39,108.89,38644.01,2018-11-22
WEL002028,4637.22,185.16,27091.88,2019-05-20
PIP001456,4601.42,158.71,11426.32,2022-01-13
WEL001594,3099.53,45.38,11201.77,2019-11-10
PIP000836,3359.94,91.68,2248.46,2022-12-25
PIP001445,1975.78,81.71,23923.22,2018-08-10
REF001997,2771.88,20.61,21962.32,2023-05-13
REF000225,4677.32,73.65,48018.22,2024-04-24
WEL002519,4168.7,71.51,5104.95,2024-07-08
PIP000430,3855.28,120.66,3857.38,2020-08-14
WEL000803,4869.26,97.35,47012.14,2020-12-21
WEL001177,3566.52,107.55,32805.57,2018-04-26
REF002960,1801.57,43.18,38500.86,2022-10-21
PIP001159,2415.61,111.34,49725.71,2021-01-11
WEL002392,933.97,168.07,15888.73,2023-01-06
PIP002791,3405.45,140.12,3526.13,2024-11-25
PIP000341,699.44,159.32,29112.92,2019-04-07
PIP001778,1025.68,35.09,27740.12,2023-11-06
WEL001373,4734.3,29.84,47134.46,2022-05-20
PIP002806,3430.2,62.29,22202.25,2023-09-17
PIP000576,4275.01,112.93,5920.3,2020-11-19
PIP000080,1383.48,82.99,30500.92,2019-08-27
WEL000021,2809.89,185.74,27432.42,2019-06-04
REF001443,4056.24,115.82,30333.36,2023-11-25
PIP002239,3893.27,73.67,30536.51,2019-07-19
PIP000538,4370.76,92.31,49781.41,2024-11-27
WEL001523,340.51,198.67,9223.04,2020-07-06
REF000253,276.73,9.57,12062.12,2021-08-21
REF002431,4797.45,190.08,12300.97,2023-05-16
REF000395,3469.38,117.31,45784.34,2024-08-22
PIP002628,4263.06,72.31,37141.21,2019-05-17
WEL000186,1448.46,1.76,16138.23,2022-07-24
WEL000765,1844.8,10.04,33584.89,2018-07-29
WEL002644,2862.52,105.31,12216.9,2020-01-07
REF002995,1570.72,136.92,35646.7,2021-02-02
PIP001246,2565.57,129.04,26844.44,2020-07-29
REF002454,1907.11,192.1,36334.92,2022-06-12
PIP002754,3326.53,40.57,42368.82,2024-08-28
REF000682,1920.44,133.98,35567.58,2024-01-11
PIP002807,3397.1,104.93,29161.78,2020-05-14
REF002541,1854.53,41.95,39084.17,2023-12-25
WEL000809,3209.96,95.36,31339.31,2021-10-10
WEL001386,3290.5,191.25,14490.53,2019-12-15
WEL001117,4902.26,127.88,47309.99,2021-09-17
PIP002096,4853.14,60.5,39545.24,2024-08-10
REF002487,404.14,182.71,46318.4,2022-06-16
PIP000596,2587.31,11.31,36309.63,2021-11-24
WEL002860,4581.57,111.35,21543.74,2022-10-16
PIP000265,4243.1,176.14,13167.02,2023-01-16
REF001531,3069.43,83.2,47963.4,2018-03-17
WEL002873,1734.07,27.87,31395.47,2018-10-30
PIP002933,537.04,183.51,45830.22,2021-10-12
REF002091,3246.76,196.16,10395.66,2018-09-25
PIP002958,3745.68,72.05,7186.36,2019-01-04
WEL002802,2582.06,72.54,31635.33,2019-07-03
PIP001322,3821.24,12.79,5362.88,2022-01-30
WEL001497,4414.5,31.62,22129.82,2023-11-09
REF002427,244.94,50.74,25280.11,2020-06-20
WEL001177,16.3,131.2,6697.58,2023-10-13
PIP001920,143.92,82.45,36819.87,2022-01-25
PIP001633,778.52,142.58,38253.03,2018-02-14
WEL000946,723.94,26.29,1380.15,2022-11-04
PIP002708,3478.25,25.24,7506.47,2023-07-06
REF002246,589.87,5.44,49113.97,2023-05-06
REF001751,4993.26,75.81,24776.13,2024-04-23
PIP001518,627.06,24.7,2242.36,2022-04-19
WEL000644,569.18,189.72,32328.25,2018-02-07
PIP001231,1669.56,29.13,35221.75,2021-12-21
PIP000101,430.2,40.67,38164.72,2023-01-13
PIP002964,4028.01,132.04,35781.58,2024-11-25
REF002447,417.07,112.27,450.2,2019-06-26
REF000388,2447.01,127.49,17963.65,2024-01-02
PIP002277,4201.26,194.66,21832.16,2021-07-19
PIP001506,147.42,153.14,34999.96,2018-12-10
WEL000205,495.09,103.54,8051.85,2024-08-16
WEL000307,3357.98,9.36,10297.74,2019-11-23
PIP000615,2975.41,81.48,31164.45,2019-10-20
WEL001536,4543.52,132.22,20496.03,2020-01-04
PIP000560,97.61,68.07,36985.94,2023-10-29
PIP000465,3715.79,98.26,21433.8,2022-09-30
PIP002288,2166.52,27.88,8012.61,2020-03-18
REF002962,3945.19,136.07,2845.21,2018-09-01
REF000357,2802.55,110.97,17270.65,2024-05-23
REF001259,1517.91,133.42,21815.3,2018-05-30
WEL000297,1259.08,42.43,16089.8,2024-03-09
WEL000959,2418.4,161.67,38327.42,2023-11-06
PIP000406,4405.95,199.95,43599.03,2022-09-10
REF002655,4028.2,101.83,21422.44,2018-09-13
REF000757,3373.91,160.57,28643.0,2021-06-30
WEL002393,3081.77,164.92,19498.5,2023-04-16
WEL001642,680.28,147.87,655.2,2024-02-05
REF001105,36.2,123.8,33762.96,2020-03-13
PIP002845,918.53,61.34,45248.48,2024-03-30
REF000695,2008.89,80.89,6285.46,2023-02-05
WEL002348,1345.05,7.88,10633.6,2019-06-22
PIP001253,1370.44,43.39,30002.96,2019-12-25
PIP002586,4510.04,44.61,32335.36,2021-04-19
PIP000825,2769.28,63.02,13620.19,2024-06-19
PIP002784,2913.04,67.1,43224.01,2023-04-14
WEL000792,4375.64,11.86,10649.9,2024-01-14
PIP002988,3957.53,12.61,8044.24,2020-05-07
PIP000531,4416.1,182.67,26595.96,2020-06-16
REF001460,1466.29,40.41,37296.06,2020-03-03
WEL000626,3886.28,146.07,33473.77,2022-07-03
REF002376,1114.33,81.3,5761.94,2022-03-24
PIP001874,2610.74,13.59,2147.09,2018-06-23
WEL002831,3312.83,16.9,4361.57,2019-09-18
REF001045,3326.62,15.95,19127.07,2019-02-02
REF002129,2504.96,105.25,29460.28,2019-02-21
WEL001511,569.67,151.22,10658.44,2024-06-25
WEL001149,1509.15,54.42,35231.4,2018-12-26
WEL001092,2448.65,147.71,7634.97,2023-02-02
PIP000476,2555.31,92.28,4930.8,2018-01-08
WEL002384,1116.31,23.91,49633.65,2024-12-07
REF001733,357.32,194.24,12833.84,2019-02-05
WEL001718,707.29,153.59,20803.86,2024-10-21
PIP001133,4425.14,134.34,504.39,2022-08-27
WEL001963,2467.98,164.5,43838.96,2019-12-23
WEL002767,3560.12,189.57,40945.11,2021-06-21
PIP002330,2490.15,98.45,38836.06,2024-04-02
REF000944,420.89,139.5,49397.7,2020-07-05
REF002917,2919.28,106.34,27538.19,2018-04-02
REF002285,2033.2,189.69,15036.66,2023-02-22
WEL002959,442.03,37.28,14103.94,2024-12-30
WEL002596,385.86,74.58,37035.99,2019-10-05
WEL001052,4749.34,163.86,9019.27,2020-01-07
WEL001756,3160.93,164.92,5409.64,2020-07-21
WEL001802,1622.57,84.73,38536.1,2024-10-14
WEL001560,2814.76,156.31,42227.62,2018-04-18
PIP001674,1514.14,112.39,38800.39,2024-04-08
REF000326,1934.03,187.05,520.96,2024-01-28
REF000734,614.65,88.71,3315.06,2023-06-15
PIP002493,2373.66,135.61,6974.67,2021-10-25
REF002176,2580.82,28.01,49616.39,2021-12-13
PIP000943,2112.09,146.16,46689.12,2020-06-23
REF000969,3523.34,80.67,2214.07,2023-08-09
REF000643,2486.17,76.31,20259.61,2022-11-14
REF002114,1433.09,72.37,18265.71,2024-07-01
REF002393,3150.25,106.99,45599.32,2023-06-14
PIP000924,212.4,187.15,17438.53,2018-09-27
PIP000899,238.39,124.86,3617.55,2020-12-18
REF002171,4791.46,131.63,18997.0,2019-07-27
PIP001898,4130.17,5.62,40642.72,2018-09-07
PIP002006,1664.36,79.86,5927.38,2022-07-13
REF002332,4007.35,76.08,26096.31,2024-06-24
WEL002394,3108.42,67.8,21125.82,2022-08-26
PIP000460,2440.85,129.15,27643.6,2022-12-20
PIP000661,626.0,21.76,15328.7,2020-04-07
REF000617,61.2,158.68,43398.89,2019-10-18
REF001823,4090.08,85.46,27103.08,2021-11-30
REF001216,3772.26,126.94,35100.06,2019-11-28
WEL000327,510.09,44.15,31486.47,2018-02-09
WEL001940,2093.65,162.68,14845.78,2022-09-17
REF002929,355.97,4.6,20886.13,2021-01-17
WEL000452,3140.36,6.33,21146.89,2018-11-22
PIP000011,976.23,78.14,9374.72,2024-07-12
PIP000860,2702.75,2.37,39100.14,2021-06-11
REF001089,632.81,97.34,40865.24,2022-04-05
WEL002131,3113.08,11.1,15909.04,2019-05-21
PIP001294,4654.44,25.99,48549.75,2018-05-30
WEL000313,2052.42,84.55,24411.95,2018-04-18
REF002895,1482.12,149.0,31385.89,2020-08-05
WEL000646,683.53,53.84,41102.28,2019-10-26
PIP002477,303.86,79.63,29196.65,2024-05-15
REF002216,3679.17,13.52,22089.72,2020-04-03
REF002290,2936.38,76.1,653.31,2022-11-29
REF001269,3044.93,86.8,820.38,2022-12-01
PIP001677,2227.41,130.15,39582.96,2020-10-27
PIP001263,1856.6,89.89,46564.28,2018-12-29
REF002729,3411.99,20.49,28290.62,2023-11-14
WEL002363,3269.75,170.15,47595.84,2018-12-28
WEL000779,1385.68,162.9,47175.62,2021-03-31
PIP002733,4517.33,86.08,25812.22,2019-11-10
WEL000449,413.91,141.08,24026.47,2022-06-23
REF002533,3165.83,104.12,43308.14,2020-02-21
WEL001997,4634.65,139.49,6249.73,2020-09-28
REF000176,4997.85,30.56,44268.26,2021-09-16
WEL002091,3978.11,153.1,41767.32,2018-10-07
WEL000648,410.0,133.21,34743.52,2021-08-26
WEL002275,2806.11,59.28,3139.84,2018-10-05
REF000545,1417.12,57.89,36187.88,2022-02-13
REF002172,3893.02,125.45,20538.4,2018-03-13
PIP000489,2791.94,153.57,14037.62,2018-11-29
PIP002648,2256.5,29.22,25600.58,2020-03-13
PIP001437,2505.81,8.23,37102.91,2019-12-12
PIP001093,3825.86,174.55,49758.65,2023-01-01
REF000077,4521.08,6.49,31662.66,2019-08-13
PIP001797,2620.6,188.44,49100.26,2018-12-23
PIP001750,3874.48,131.75,43275.37,2018-08-23
REF002611,2168.43,189.73,5388.77,2023-09-22
WEL000438,3019.55,72.72,20735.74,2021-09-09
PIP000974,1695.63,81.77,4668.65,2022-05-01
PIP000954,4530.43,100.46,27943.09,2024-10-20
REF001815,3389.69,178.74,26743.43,2018-12-13
REF001159,588.24,128.51,594.59,2021-08-15
PIP002494,4701.51,0.19,36606.64,2023-03-29
PIP002708,3628.07,113.15,16789.2,2021-09-04
PIP000292,95.01,95.63,40957.24,2018-08-17
REF000577,4765.32,77.84,30928.87,2021-04-25
REF001084,2672.23,106.86,13929.2,2018-05-01
WEL002936,303.36,88.01,25311.75,2021-04-20
PIP001317,4617.14,176.41,16798.59,2024-04-02
PIP001160,1417.61,91.39,1907.59,2018-01-27
PIP001822,421.88,87.54,24450.93,2021-08-25
REF002225,2690.19,1.66,13849.55,2020-06-15
PIP001269,1117.98,2.39,48373.86,2024-05-31
PIP001709,4861.44,182.8,28387.83,2022-05-31
WEL001721,3382.58,94.74,4469.0,2024-07-07
WEL000265,3238.55,94.93,14557.5,2018-01-10
WEL000015,594.54,32.21,34957.2,2020-01-28
PIP002278,2155.87,168.26,21953.22,2018-10-22
REF001104,3730.56,171.17,16071.56,2020-12-30
REF000993,2820.94,93.89,49359.11,2021-01-06
WEL002041,2193.98,175.55,11995.22,2019-07-10
PIP000615,282.75,63.42,42710.13,2020-04-10
PIP002604,4663.35,64.13,29632.89,2018-08-16
WEL000611,3878.05,115.22,32434.33,2021-10-29
REF001314,2437.41,66.36,33559.8,2019-09-27
PIP001580,838.7,8.14,2143.49,2021-01-18
PIP000244,3233.25,7.67,18951.14,2021-11-11
REF001356,4769.92,80.55,32513.55,2019-08-30
PIP001350,4330.17,86.47,10085.86,2021-11-09
PIP002232,2708.17,124.65,11996.38,2019-12-18
PIP001787,4283.75,77.0,30926.9,2020-02-02
PIP002016,189.94,2.18,27758.8,2020-01-18
REF002681,4342.64,187.69,13903.1,2022-04-11
REF001166,4604.64,38.06,41282.56,2019-10-17
PIP000915,506.2,2.81,8366.43,2024-12-07
WEL002692,1318.28,175.58,11736.57,2018-12-26
WEL002171,4369.13,41.17,39909.78,2018-05-10
PIP000247,3009.32,120.02,26170.34,2021-08-11
PIP001195,2022.81,10.71,27255.64,2020-12-27
PIP000758,4988.71,117.33,2291.42,2024-12-12
PIP002246,808.6,167.09,47121.52,2018-08-18
WEL002222,2518.36,105.64,26496.59,2019-03-24
REF002007,3335.9,134.09,24618.69,2023-07-23
REF000917,3488.53,92.59,4705.82,2023-11-07
PIP000381,1067.13,169.39,1447.41,2019-04-21
PIP000355,2742.6,150.79,20581.86,2024-06-23
WEL000193,3245.27,61.85,28076.77,2019-09-10
REF001067,4595.47,95.31,10341.73,2021-10-22
WEL000317,2927.96,73.25,40240.16,2019-09-09
WEL002660,4711.82,76.06,16721.42,2023-12-17
PIP001470,1927.31,62.27,25369.24,2023-02-14
WEL002338,2034.87,35.95,939.65,2019-07-23
REF002182,1270.7,181.41,37673.96,2023-04-26
REF001217,4338.48,164.64,2367.44,2021-02-22
WEL002278,3811.09,90.14,30302.67,2019-11-11
REF000022,2494.27,78.19,15368.56,2022-12-15
WEL001549,1415.86,139.64,33367.31,2018-10-23
WEL002084,2811.33,131.58,31559.32,2023-11-19
REF000638,490.71,81.39,29263.72,2019-05-06
WEL001807,2487.24,14.47,3555.18,2018-12-11
WEL002550,1968.47,127.38,10668.35,2024-07-21
PIP000143,4878.96,59.28,44975.96,2019-06-20
WEL001166,2833.2,125.55,31131.38,2023-09-03
WEL000491,3618.78,124.78,10137.37,2021-04-10
PIP000273,2288.59,106.05,5584.36,2023-03-19
REF000140,2208.38,137.7,20532.42,2018-07-17
PIP001115,1018.03,112.97,12519.05,2023-05-12
WEL001580,3151.94,19.96,28190.32,2023-09-12
PIP001885,1218.77,129.84,35050.41,2021-08-12
PIP000421,2576.64,103.66,20106.14,2023-11-14
WEL001941,1649.96,100.41,21906.52,2018-03-14
WEL002185,2868.79,55.13,6069.68,2023-11-25
PIP000008,3052.16,164.82,5114.32,2021-04-21
WEL001258,1496.66,94.0,34960.01,2018-05-19
PIP000091,473.77,105.82,27025.53,2021-06-12
PIP002839,2308.4,147.23,2782.48,2024-05-03
WEL001590,1381.85,175.98,30498.19,2022-08-02
REF001051,4299.99,102.01,41619.43,2020-04-10
WEL002700,1215.75,61.14,8136.42,2024-05-07
PIP001477,4607.68,183.11,6747.49,2020-07-18
PIP001095,558.15,32.78,44662.89,2021-11-18
PIP002080,2866.95,57.13,40951.34,2021-07-16
PIP002467,2615.57,126.91,47679.62,2023-08-25
PIP002206,3742.47,187.54,42268.95,2023-02-26
PIP000480,3301.21,156.69,48780.52,2020-05-05
PIP001609,2651.26,183.4,42912.48,2024-02-19
WEL002947,4780.55,136.66,10559.83,2024-07-12
PIP001697,3772.25,79.09,27885.76,2019-01-13
PIP000998,3944.03,62.1,43030.46,2022-06-21
PIP000560,188.36,81.52,19619.25,2020-01-27
PIP002262,2276.51,127.38,14990.16,2021-04-03
PIP000216,4334.59,192.28,26976.08,2018-02-20
REF002761,64.78,43.36,15567.93,2022-10-02
WEL001393,235.49,193.83,6118.01,2020-04-16
PIP000860,3363.16,43.33,37492.17,2020-07-11
WEL000871,1112.07,123.88,13208.34,2024-03-04
REF002491,3262.53,195.36,45575.98,2021-08-12
PIP002956,4832.37,106.55,19845.58,2021-03-23
PIP000949,719.93,132.07,30591.42,2018-07-26
WEL000319,623.72,40.84,22087.89,2019-11-05
WEL001027,1614.43,148.89,28310.8,2019-05-24
WEL001232,1712.81,139.39,49287.13,2018-03-05
REF000420,4592.33,117.49,40582.41,2021-10-04
PIP001432,153.3,3.95,24582.08,2024-11-18
REF001282,2984.9,15.46,37877.16,2022-01-31
WEL002220,2107.89,154.91,24886.44,2019-01-31
REF001094,879.9,119.5,29888.0,2022-10-17
REF001883,2130.1,50.85,18131.84,2023-07-15
REF000540,1690.44,11.29,2028.04,2018-08-18
WEL002299,4883.56,14.88,33965.85,2024-06-26
REF002292,1877.82,108.42,7328.91,2021-10-04
WEL000528,52.69,40.17,14166.2,2023-04-08
PIP002384,47.17,108.88,21850.01,2019-01-17
PIP000227,1557.38,0.38,49087.34,2023-10-06
REF000069,1148.93,80.99,812.61,2020-04-24
REF000477,1170.51,71.31,37157.4,2023-01-15
PIP001574,3954.26,150.57,29095.16,2018-08-21
PIP002268,1880.79,111.34,44707.99,2024-12-20
REF000688,4986.64,143.13,5147.45,2021-06-19
REF002006,1338.58,103.23,373.49,2024-12-25
PIP002070,4501.98,170.19,46554.21,2022-11-24
PIP001133,615.73,61.14,44920.72,2020-10-02
REF001626,2004.28,44.28,4722.63,2020-08-02
WEL000164,3714.62,46.2,3787.1,2022-07-27
REF000573,4168.73,138.55,11708.93,2023-05-25
PIP000737,4961.95,62.97,36686.15,2020-02-17
REF002395,677.52,143.35,12276.95,2018-06-08
REF000849,3572.93,52.63,34132.47,2021-09-16
REF002094,2712.61,112.96,44536.14,2018-11-11
REF001921,2275.32,163.34,26474.45,2023-07-14
PIP000304,4058.67,41.88,28618.47,2021-09-29
REF000210,3892.52,125.22,46246.42,2019-07-10
WEL000729,2385.87,1.42,16064.59,2019-10-24
PIP001853,4234.25,143.29,6414.18,2019-01-30
WEL002057,3153.84,160.69,49333.37,2023-02-26
REF000131,3787.68,152.49,16372.18,2022-08-09
PIP000062,1738.52,158.49,37780.5,2019-07-28
PIP002803,3742.32,16.29,12152.5,2021-09-23
PIP000482,3227.53,74.46,6669.27,2024-01-15
WEL002728,2662.99,36.67,38700.1,2024-06-16
PIP002980,2176.59,128.36,12004.95,2021-10-13
WEL000631,2817.62,62.45,24898.38,2023-08-03
PIP002741,2083.0,65.66,20166.29,2023-02-10
WEL001908,172.67,77.37,19279.6,2024-11-12
WEL002014,456.32,67.33,30443.8,2024-08-25
REF000370,1012.94,131.65,40516.25,2023-06-22
WEL000157,14.09,146.55,45082.55,2019-10-03
WEL001208,3345.88,189.26,11354.27,2023-06-19
PIP000560,3046.31,8.0,27768.24,2022-11-28
REF002212,3530.81,113.08,41117.89,2021-11-16
REF000207,3230.3,147.93,45993.93,2023-10-25
REF002719,2439.97,163.85,40285.61,2019-12-29
PIP002204,4788.04,9.59,12136.47,2021-03-17
WEL001786,4630.31,139.91,38326.1,2024-04-04
WEL002118,4330.79,164.54,34232.77,2020-07-18
WEL001638,77.4,90.93,13413.25,2022-05-10
PIP000730,4005.4,68.12,8817.62,2020-09-17
WEL001772,3806.51,146.7,22877.14,2020-09-06
PIP002840,4399.35,175.78,43563.19,2022-01-22
REF001398,2408.03,145.95,19488.74,2022-10-19
REF001025,3158.09,129.25,15590.47,2024-12-24
REF002983,84.28,188.96,47079.44,2020-12-31
PIP002103,4009.04,163.66,10888.55,2019-07-20
PIP001353,3615.74,45.38,19449.66,2022-03-05
PIP002051,2785.38,166.19,33752.15,2021-10-17
WEL002923,801.03,115.61,9191.14,2021-01-19
PIP002411,4932.1,12.03,37544.23,2023-01-31
PIP001888,4872.36,163.33,33646.82,2022-09-30
WEL002952,2559.18,137.82,26774.9,2022-10-05
WEL002202,2692.59,50.56,19589.74,2023-05-13
WEL001497,2963.37,38.25,23702.0,2024-09-02
WEL001061,1164.35,55.56,24011.13,2020-11-15
PIP001148,2391.76,77.07,42637.39,2022-07-29
WEL000235,4109.77,114.94,31611.8,2020-07-10
REF000874,1415.66,89.24,47016.56,2019-10-21
WEL002605,2741.94,119.77,8562.34,2024-11-30
WEL002890,4680.56,25.63,38721.66,2023-02-21
WEL001348,3699.69,189.87,36361.73,2022-04-11
WEL000171,4204.07,50.97,45909.81,2020-08-30
WEL000628,4526.03,181.92,38687.45,2021-05-21
WEL001558,4253.72,65.66,8068.55,2019-02-17
REF002684,170.13,160.89,19149.93,2024-08-27
WEL001111,4551.86,190.43,5533.91,2022-08-07
WEL001593,4737.15,119.47,13994.88,2019-10-05
WEL002388,2368.61,186.06,30401.6,2022-03-12
WEL001772,953.31,120.62,11824.6,2020-08-04
REF000064,724.97,70.54,22158.08,2021-04-13
WEL002478,2604.77,2.14,32869.98,2021-03-08
PIP000093,2326.09,104.93,26441.03,2024-11-16
WEL002939,4918.49,148.21,6735.19,2020-03-19
WEL002528,1547.97,129.2,19246.78,2018-12-17
WEL001737,4746.32,45.49,15526.74,2024-12-13
PIP000114,560.23,53.61,7284.85,2022-05-02
PIP001996,1173.67,74.27,46013.52,2018-09-07
PIP002806,4093.37,81.42,11488.44,2024-11-28
WEL002256,2140.96,44.58,39866.64,2018-11-22
WEL001294,3640.78,47.15,6616.0,2024-12-01
REF000146,3454.12,84.09,9948.77,2023-01-16
PIP001952,4670.79,110.53,26529.45,2018-04-01
REF001559,785.09,149.59,48166.18,2018-12-27
REF002133,4257.97,186.27,41144.29,2020-03-14
REF002071,203.42,148.91,36537.31,2024-12-20
REF000330,229.55,15.59,28275.76,2024-10-28
PIP000344,4050.52,54.37,4453.16,2020-08-14
REF002283,699.79,59.91,23832.7,2024-07-05
REF000317,113.48,31.33,33298.7,2023-01-17
PIP002590,2250.65,56.12,43469.94,2018-08-16
REF000415,2919.42,59.48,9454.47,2021-02-19
REF002992,1258.13,190.85,47709.68,2021-12-13
WEL000294,4429.57,87.78,44896.67,2023-02-25
WEL000815,2566.85,186.32,3639.66,2021-03-26
WEL000567,357.27,79.33,10377.45,2018-06-08
REF002881,4941.08,149.63,28502.2,2022-11-22
WEL000609,4217.17,14.83,24513.8,2023-09-22
REF001465,1207.85,46.51,17158.83,2023-12-24
PIP001623,2425.82,195.65,7660.14,2023-09-05
PIP000038,700.48,83.85,25382.8,2022-06-12
PIP002535,640.19,174.75,4083.6,2024-04-28
REF002153,1439.16,90.06,23037.25,2023-10-20
PIP002018,2260.11,167.24,14046.83,2022-07-07
PIP001842,1875.52,129.55,22421.05,2023-08-22
REF002870,1578.1,93.15,9036.21,2020-12-30
PIP002616,4790.33,80.82,2982.09,2024-12-26
PIP000697,4726.82,19.51,1977.78,2018-12-14
PIP000768,2015.38,123.9,12369.6,2018-12-09
WEL001543,1351.96,182.04,34360.69,2023-07-03
WEL002524,1688.91,64.79,18074.66,2023-02-02
WEL000122,3244.23,62.9,12832.71,2020-03-20
REF002853,2412.94,153.83,3457.85,2018-03-09
WEL000926,941.4,34.86,16237.87,2020-06-29
PIP002644,2054.25,186.15,14796.16,2023-06-08
REF001816,4743.07,106.32,22248.49,2018-04-18
WEL002809,42.94,174.4,27389.32,2023-08-06
WEL002260,797.37,134.22,31797.16,2023-05-06
REF002405,2053.38,44.11,601.07,2023-11-08
REF002394,4924.85,23.36,11372.93,2019-08-02
PIP002369,369.47,101.09,8127.26,2024-03-18
PIP002513,3403.72,60.53,44226.36,2023-12-07
PIP001452,2191.03,104.12,39649.83,2024-05-19
REF000991,120.78,52.86,15711.76,2019-01-20
WEL000338,4005.95,68.23,10104.56,2020-02-27
REF001714,846.18,126.01,34757.1,2022-07-20
WEL000541,348.86,140.22,35213.12,2022-12-31
REF000341,1773.56,130.42,47212.39,2022-07-07
WEL002131,1643.02,26.22,17328.64,2024-04-10
PIP000963,3192.32,90.79,21341.34,2018-01-05
PIP001121,319.45,82.49,31532.72,2020-07-25
PIP002702,3854.03,50.45,13141.22,2022-05-03
WEL002469,4336.62,14.2,2526.38,2023-06-18
WEL001364,3003.97,151.36,35090.3,2023-11-15
WEL001391,1154.05,63.27,39522.6,2024-04-15
REF001452,697.3,4.04,21354.21,2019-03-20
REF000935,4268.74,64.18,42883.25,2024-06-30
WEL000660,2094.68,119.01,1851.44,2021-09-28
WEL002151,2589.23,193.54,7994.29,2019-01-30
WEL002617,2667.79,33.65,47503.29,2022-01-19
REF000175,574.82,106.71,27261.59,2024-10-30
REF000035,4068.76,34.0,49718.71,2018-01-08
PIP000868,1841.66,174.11,48821.54,2024-11-01
WEL002358,2594.44,126.73,34126.7,2022-11-16
REF002418,4521.94,32.14,32470.47,2023-04-26
REF001850,1950.6,64.38,23571.19,2024-07-21
REF000248,3437.84,76.88,34568.69,2021-07-28
REF000328,3717.97,107.96,41523.42,2021-10-27
PIP000534,1715.69,138.81,31833.11,2018-03-31
REF000747,859.73,8.69,40011.61,2020-04-28
WEL001417,920.6,106.81,32416.36,2022-11-29
REF002843,170.66,73.54,13622.26,2020-02-22
WEL002085,4110.79,30.12,35175.95,2022-02-15
WEL000710,793.76,108.09,33110.83,2018-07-01
PIP002141,2095.29,149.77,40074.6,2021-02-26
WEL002138,1313.34,127.72,36086.7,2019-11-25
PIP000149,3239.31,77.13,27760.08,2023-05-13
WEL001425,2747.6,168.94,34991.7,2018-11-25
REF000296,1267.6,47.56,1563.7,2022-03-08
REF001787,2557.84,53.12,17203.06,2018-10-12
REF002747,4858.11,64.85,3633.24,2019-05-05
WEL002088,3881.65,60.96,49172.03,2018-10-31
PIP000389,1508.34,172.72,32430.11,2022-02-02
WEL002587,2676.67,59.14,48242.47,2021-03-01
PIP000208,1739.26,190.05,49460.63,2019-08-28
REF000828,3698.81,72.55,20429.48,2022-11-26
REF000181,4631.57,146.3,32125.63,2018-05-26
WEL002458,2410.35,162.11,13904.73,2023-03-10
REF000723,789.53,77.08,49715.23,2019-08-01
REF002363,2857.42,109.06,7537.93,2020-02-10
PIP000771,721.72,177.8,2212.17,2024-02-22
REF002654,1305.43,95.47,20304.86,2023-04-06
REF002788,3684.06,115.76,24385.4,2023-01-11
REF001260,31.09,21.27,32509.72,2021-09-09
REF000661,2493.56,133.06,40237.79,2019-09-01
WEL001671,2353.41,72.13,14605.42,2018-06-20
WEL002780,1597.94,51.67,46401.6,2023-04-10
WEL000036,4305.41,111.07,21274.37,2024-01-22
WEL002048,4360.78,30.05,48946.65,2024-07-23
WEL000402,4777.82,138.49,44879.28,2019-10-02
PIP002081,4611.02,5.74,24872.21,2019-04-09
PIP000476,44.4,66.27,18781.08,2021-03-31
PIP001593,831.68,30.04,8791.38,2020-02-04
REF000498,895.51,62.77,46173.81,2020-07-06
WEL001714,4757.28,52.61,14514.31,2021-07-24
WEL001145,2085.53,162.66,1369.1,2022-03-22
REF002657,618.56,5.63,25204.9,2019-06-23
PIP000753,3191.14,88.99,20390.26,2019-12-22
WEL000359,4086.29,82.05,31191.5,2022-05-29
WEL000106,3889.35,24.62,29395.12,2020-11-22
REF000174,2330.21,175.14,39865.58,2019-11-28
PIP001899,397.88,61.24,19431.93,2023-11-12
WEL000346,4905.7,118.65,45070.84,2018-08-28
WEL002537,3781.88,150.46,46931.33,2023-10-25
WEL001185,1018.77,91.76,13926.55,2018-11-09
WEL002744,487.97,163.22,44882.16,2018-07-19
REF001448,1347.2,72.23,26182.67,2024-03-28
REF001845,3744.24,86.91,37165.46,2021-09-18
WEL002717,451.44,111.51,14397.63,2020-11-10
PIP002804,4881.77,108.44,48974.38,2023-03-07
PIP002501,1668.01,19.18,39111.89,2023-03-01
WEL001593,335.59,191.66,6358.87,2020-07-21
WEL002067,3504.27,175.99,8037.56,2021-11-05
WEL000182,4723.06,55.28,30528.63,2018-10-02
PIP001442,3675.79,24.86,12206.75,2023-08-29
PIP000998,508.21,169.7,36917.7,2019-10-15
WEL001688,4578.38,116.0,5833.06,2018-04-21
WEL002467,1930.86,86.33,32108.1,2023-02-12
WEL000077,1573.64,49.89,33957.25,2023-06-15
WEL000816,203.72,13.45,48929.79,2022-10-12
REF002555,461.65,167.34,21485.09,2019-05-18
REF002777,766.81,165.56,18251.53,2021-09-14
WEL001687,2332.15,52.59,39936.08,2020-08-16
REF000699,1809.82,198.27,14330.09,2023-09-12
WEL001894,1836.02,126.39,31441.57,2022-12-23
PIP002674,2820.98,83.03,43511.16,2022-01-01
REF002647,4314.29,30.19,14811.81,2021-02-02
PIP001081,1184.07,194.06,36942.39,2020-07-21
WEL002443,3047.49,84.24,45100.15,2019-03-15
WEL001513,2942.33,57.81,2894.54,2020-11-13
REF001581,2660.41,66.67,35953.74,2024-05-14
PIP000462,4523.41,158.7,18853.48,2019-04-22
WEL001855,1504.2,32.65,47969.31,2024-11-12
PIP001159,1554.13,122.11,23191.22,2020-01-21
REF002034,2981.18,57.86,21739.77,2018-03-20
WEL001235,110.01,99.27,47183.58,2021-06-20
PIP001918,2967.27,65.51,9063.35,2018-11-02
PIP000556,37.02,132.02,35092.94,2018-07-25
PIP000983,4505.11,172.53,7481.19,2022-03-23
PIP002841,3186.58,117.65,561.23,2023-08-17
PIP000215,737.4,12.28,42038.8,2021-06-16
REF002733,4345.07,185.42,2518.15,2019-07-03
REF002279,1637.98,118.66,3683.87,2020-03-22
PIP002695,2505.43,123.12,4882.48,2020-03-22
PIP001457,4452.43,2.98,36914.75,2022-04-28
PIP000697,1793.06,199.81,48965.29,2018-04-30
REF000494,2460.69,34.19,17382.61,2023-06-29
REF001392,3567.96,37.66,19813.37,2019-11-26
REF002229,3853.06,17.69,18684.21,2020-10-02
PIP002417,3388.77,180.56,38906.16,2021-04-09
PIP002082,4417.4,38.58,41733.96,2018-12-23
PIP001118,837.5,165.63,20324.55,2020-12-26
PIP000754,2657.31,136.47,11345.15,2024-05-02
PIP002754,2991.29,183.84,7389.24,2018-04-29
PIP001551,1436.24,47.56,35019.49,2019-11-26
PIP000078,2357.14,189.52,32912.75,2022-04-08
WEL001132,1166.19,95.05,11477.41,2019-09-12
PIP000544,1699.91,0.92,4629.56,2024-03-20
WEL000570,875.53,47.65,44398.1,2024-06-20
PIP000654,2313.1,178.26,30972.28,2020-12-15
PIP000786,4390.92,98.66,12874.94,2018-08-11
PIP000139,1643.65,159.69,45524.09,2019-03-26
WEL001441,1390.45,44.36,11141.64,2024-12-13
REF000788,4593.7,83.6,37507.44,2023-02-15
WEL001852,2489.37,99.96,39984.62,2018-07-13
REF002309,1231.96,40.74,28626.63,2021-11-20
WEL000579,2611.03,139.84,44589.05,2023-02-10
PIP001324,4077.7,190.72,37375.24,2020-08-08
WEL000369,1012.51,76.54,11597.93,2023-09-10
PIP000337,1904.95,192.33,38176.09,2019-07-19
REF001243,2492.83,143.99,41268.53,2019-03-19
REF000777,1813.83,146.51,35892.19,2018-04-17
PIP002476,2995.67,16.25,6463.8,2021-03-29
WEL000966,4041.12,76.89,31223.43,2024-09-20
REF000317,1434.38,61.16,4638.39,2020-04-27
REF001725,3170.12,155.31,15707.75,2022-06-09
WEL000714,3923.76,139.81,4475.51,2023-09-12
REF000234,1334.48,25.05,10366.17,2023-09-17
PIP001755,3452.46,189.36,9500.24,2024-04-28
PIP002162,1109.09,67.5,26184.31,2018-12-13
PIP002613,921.78,14.9,28278.53,2024-05-16
PIP000990,2385.86,180.46,33082.59,2018-10-22
WEL000194,2800.46,36.69,30234.17,2019-04-15
REF000647,2946.89,98.73,45574.8,2024-12-03
REF001521,2213.6,110.92,22018.25,2023-04-08
PIP002624,3339.32,48.46,35300.8,2018-05-18
WEL001987,4314.28,195.84,38637.08,2022-07-22
WEL001288,600.39,41.71,22481.98,2019-04-09
PIP001638,755.03,54.65,30375.63,2024-03-28
REF001996,1370.77,62.2,5095.5,2023-08-16
WEL002688,3107.98,165.44,40682.97,2020-06-01
WEL001250,3413.31,60.69,21523.57,2022-01-06
WEL001549,4988.5,63.15,40753.71,2020-04-12
REF002693,1198.13,43.67,2601.35,2023-05-23
WEL000572,3660.78,153.91,11874.96,2024-11-11
PIP002755,98.94,54.2,40236.12,2023-06-08
WEL001660,1451.34,103.35,7298.34,2021-11-11
REF002531,1533.33,64.88,10837.49,2021-12-26
REF002037,3791.88,82.59,10986.92,2018-12-28
PIP000378,1029.34,140.13,13017.15,2021-11-17
WEL001101,2269.08,138.02,2303.6,2018-03-27
REF002145,3121.67,9.12,20121.59,2022-06-27
REF001523,2768.02,105.18,26525.37,2021-04-21
REF001577,3536.73,176.47,45919.02,2022-07-14
REF001189,4261.77,163.55,27432.93,2022-02-25
PIP002943,2680.03,171.19,24910.97,2022-04-21
WEL000395,2949.01,75.97,46299.65,2021-08-22
REF002428,4521.74,4.21,43826.83,2022-03-30
PIP000644,1830.05,49.45,19535.95,2022-08-17
REF000113,450.79,38.17,45505.38,2023-10-08
REF001341,2147.63,95.05,38319.19,2023-05-19
WEL002806,2282.44,61.32,4603.02,2021-10-13
WEL001921,2494.7,177.85,19296.67,2023-10-13
REF001335,4411.69,177.26,28541.84,2022-06-11
WEL000790,1586.31,165.51,11603.91,2021-12-11
WEL001729,2364.3,99.95,5441.15,2019-02-03
REF002270,1040.15,106.67,11514.33,2018-04-13
PIP001088,4649.01,175.31,41681.87,2024-11-29
PIP000080,3363.46,24.91,36612.56,2024-06-08
REF001678,1300.68,111.24,45526.76,2020-07-09
REF000496,2953.69,12.73,13934.76,2022-11-01
PIP000670,1393.37,188.3,8332.59,2023-06-17
WEL000463,2085.39,54.14,35892.89,2024-06-24
PIP002366,3271.98,135.69,25487.65,2021-11-11
PIP000210,1962.43,65.83,4952.92,2020-11-30
PIP001631,1234.13,74.31,27564.26,2024-02-10
PIP001791,278.86,89.57,45742.12,2022-07-18
WEL000761,2265.14,28.15,47485.84,2022-02-15
WEL000839,4606.1,61.36,20636.3,2019-12-01
REF002298,4119.32,26.84,39701.18,2019-08-23
REF002699,2246.7,52.35,38431.96,2018-02-08
WEL001313,3686.8,140.5,2717.41,2023-12-19
WEL002766,1336.86,65.46,28023.04,2021-03-11
PIP002725,544.92,165.06,34471.38,2020-08-27
WEL000123,1498.43,54.02,10643.63,2022-03-25
WEL000696,1744.94,188.37,35544.31,2024-01-25
PIP000934,2681.83,113.04,22325.77,2023-12-02
REF000902,3604.98,87.4,18026.78,2019-03-15
PIP001951,4928.55,22.67,6310.53,2019-10-26
REF000467,4591.47,162.21,43336.12,2021-10-27
WEL000204,4554.85,60.42,47053.23,2022-07-28
REF002154,82.43,105.78,9402.24,2023-05-13
WEL002278,1921.0,14.24,7643.85,2019-08-23
WEL000819,1645.97,168.21,10538.85,2024-08-14
PIP002580,4738.6,75.19,13055.42,2018-05-22
PIP000331,4781.59,197.35,1417.7,2024-04-13
WEL002194,1661.51,197.11,22945.07,2021-06-15
PIP002080,2606.08,1.03,34926.05,2023-06-07
WEL001559,392.61,102.82,33921.52,2021-12-16
REF002860,1378.83,22.87,19213.9,2021-04-04
WEL000456,3244.9,131.01,35788.81,2019-05-04
WEL002028,3478.81,81.93,17491.39,2024-12-10
REF000242,3192.92,13.41,36453.9,2019-12-27
PIP000157,1554.31,8.59,30087.99,2022-03-16
WEL001531,4443.88,47.26,47101.66,2020-08-21
WEL000399,1451.63,4.2,17452.42,2023-02-12
WEL002507,170.99,154.8,381.93,2022-11-22
PIP000006,1634.06,15.21,29417.5,2023-05-24
REF002774,4633.64,79.38,45624.7,2024-08-23
WEL002140,2708.44,161.41,20891.7,2023-12-24
PIP002985,336.17,81.57,42366.32,2018-01-22
REF000081,501.88,181.42,36433.51,2019-04-22
PIP001358,4614.49,74.54,30177.64,2024-08-31
REF002751,2662.05,48.23,10554.87,2024-11-24
REF002863,2539.79,169.59,44660.67,2023-05-12
WEL002586,4259.68,181.82,27084.9,2020-01-10
PIP002376,3607.33,64.61,47298.31,2018-05-17
PIP002380,2136.27,178.25,5225.98,2018-04-11
WEL001151,813.24,172.97,21076.5,2019-01-01
REF000993,4391.03,14.3,9987.18,2024-03-19
PIP000832,174.87,8.41,10833.99,2023-10-29
WEL001403,64.86,101.13,39672.46,2021-02-26
WEL001962,1235.09,58.88,34239.87,2022-04-12
REF000069,25.18,98.52,45149.95,2024-08-29
WEL002081,4251.7,132.43,2081.23,2022-05-31
WEL002797,2818.97,139.81,44728.46,2020-07-03
WEL002212,1651.87,154.37,35757.46,2022-03-09
WEL000034,3201.19,69.63,31677.08,2020-11-14
REF000990,4013.92,124.46,4793.74,2018-10-13
WEL002728,134.45,59.51,31091.0,2021-03-07
REF000225,1974.78,94.23,41269.97,2020-12-22
PIP001851,1602.56,137.17,11120.38,2022-10-19
REF001314,1623.89,64.95,13214.11,2022-10-08
REF000854,2958.79,176.43,2086.37,2020-09-08
REF000028,4671.2,15.33,23374.99,2022-06-01
WEL002969,1086.22,135.62,1949.22,2021-03-12
WEL002671,4304.15,33.4,47258.76,2024-12-04
REF001652,4655.63,38.83,46179.5,2019-06-10
PIP002361,1064.69,105.35,45681.48,2023-10-20
REF001101,3779.72,110.43,18749.64,2021-09-27
PIP001647,1360.69,90.9,39596.47,2021-10-22
PIP001354,4172.62,155.12,18259.68,2018-02-17
WEL000211,4374.39,166.54,9732.19,2022-06-17
WEL000835,2883.31,20.81,38675.15,2019-01-05
REF002439,4624.3,118.12,38339.56,2022-12-12
PIP000832,2666.13,29.32,12564.04,2019-06-17
REF002337,534.14,152.35,39060.33,2024-07-17
REF000518,414.75,155.91,36464.13,2020-07-25
PIP000278,324.4,68.79,49845.15,2019-08-30
PIP001800,619.89,121.15,4051.2,2023-10-13
REF002489,3281.1,18.23,34866.44,2021-08-30
REF002928,4165.74,68.61,33244.19,2019-10-26
REF000872,4466.65,199.05,16014.03,2021-11-04
WEL000453,4927.2,159.92,4263.48,2019-10-02
PIP001319,2232.57,162.24,43652.86,2023-07-20
REF002073,1885.88,57.29,45190.05,2021-06-09
REF001783,2144.75,8.51,43933.57,2018-07-18
REF002841,956.34,76.66,8045.91,2022-06-18
PIP002737,4489.96,195.48,28366.22,2019-07-19
WEL002763,3424.36,172.39,29640.74,2023-01-03
PIP000205,823.61,101.01,33942.11,2018-06-06
PIP002803,4531.75,108.39,48152.59,2021-02-11
REF002341,269.47,165.2,26389.07,2020-12-10
PIP000622,4524.77,121.28,34732.05,2022-04-23
PIP000580,565.77,111.58,575.51,2019-11-14
WEL000129,4363.92,183.24,2537.4,2023-05-31
WEL001299,3591.87,8.23,24294.59,2018-03-13
REF000667,3845.13,42.38,17300.11,2022-05-26
PIP002419,2579.22,92.3,45146.26,2020-12-25
REF000577,4936.97,140.2,19310.62,2020-12-03
PIP000941,3400.69,110.21,32225.91,2018-06-01
PIP001842,4551.48,126.49,42855.24,2020-11-30
WEL001792,464.4,128.0,12729.87,2018-06-12
WEL000970,3737.73,154.09,48759.72,2024-12-15
WEL000565,1574.13,30.34,48210.47,2022-07-13
WEL000666,4226.65,159.22,15114.2,2024-06-09
REF000808,3538.89,48.78,5387.53,2023-05-22
WEL002837,4363.55,197.7,48920.68,2019-03-26
REF000323,4591.13,91.8,47839.1,2024-06-07
REF000978,1917.5,87.94,45243.35,2022-05-10
WEL000416,2267.76,17.6,41257.42,2019-08-01
REF002608,3932.87,162.1,30535.56,2019-07-14
PIP001119,1771.13,28.65,29191.52,2024-12-20
REF001754,1356.2,99.97,15606.79,2018-11-11
WEL002380,3774.55,49.12,1802.22,2022-09-01
PIP000066,162.55,79.67,33271.42,2018-09-04
PIP001464,3419.02,28.32,31155.17,2021-07-16
REF001363,4122.01,162.51,26964.07,2021-11-08
REF002255,4986.25,5.08,31408.84,2019-10-02
WEL000877,3556.63,85.88,30021.25,2022-11-06
REF002211,3564.81,131.14,568.98,2021-06-15
REF002425,426.59,57.56,4241.75,2024-12-20
WEL001893,3115.6,9.11,22530.23,2023-06-29
WEL002097,4731.26,6.68,27668.22,2019-12-11
REF002458,197.48,194.62,23555.88,2019-01-24
REF002187,872.62,42.43,23134.38,2023-11-19
REF002907,547.08,137.43,30508.71,2023-08-05
PIP002180,4931.74,173.26,42511.85,2018-08-28
REF001680,1648.57,179.04,1112.63,2020-04-22
WEL001982,3545.25,40.37,45272.96,2024-01-16
WEL000003,873.4,13.16,3534.55,2020-04-16
WEL000854,4141.75,158.58,5727.23,2018-05-28
WEL000787,3697.2,126.92,19499.56,2019-10-21
REF001012,4504.11,144.71,23282.7,2021-10-27
PIP000533,467.46,191.14,8664.06,2019-03-22
WEL001994,1932.66,119.12,4135.82,2020-11-05
PIP000514,1636.81,194.71,18951.71,2018-03-10
PIP001987,3510.55,113.91,30287.48,2021-04-29
REF002755,666.77,40.6,39180.54,2024-06-04
PIP000287,3158.42,163.95,11218.96,2019-02-28
REF000719,4867.06,138.4,14586.99,2021-10-24
WEL000506,3402.32,117.94,29829.03,2021-05-06
REF001697,553.54,130.38,9476.14,2018-01-09
REF001983,3409.72,151.26,10847.23,2019-04-11
REF001545,4454.82,178.25,15723.46,2018-04-17
WEL000915,4246.05,28.57,35243.57,2023-01-05
WEL001684,2647.94,113.94,5609.56,2021-03-16
PIP000176,4451.66,167.67,12271.08,2023-01-29
REF001209,4438.75,165.04,2104.82,2023-08-22
PIP000410,2953.73,180.07,27349.79,2024-12-20
REF002543,2999.93,2.96,34073.04,2022-07-11
REF000511,2861.49,50.21,34828.45,2018-05-31
REF002561,4646.19,3.29,17319.9,2020-11-10
WEL001358,1856.12,14.28,14262.14,2019-10-24
REF000447,4015.64,195.07,6775.49,2024-07-14
PIP002810,886.48,181.06,19031.11,2019-11-06
WEL002477,3041.12,119.99,23070.95,2021-10-30
PIP002698,1530.56,176.1,24940.73,2019-10-24
PIP001675,4207.51,170.86,38268.4,2022-01-11
PIP000355,714.64,16.5,31602.95,2018-03-19
WEL000978,3762.3,10.3,22010.54,2020-05-16
REF001978,4265.33,161.21,45614.13,2022-04-12
REF000497,1253.69,196.44,18466.49,2021-12-15
PIP001045,612.92,89.18,48041.12,2022-03-20
WEL001439,4009.95,41.19,41399.31,2023-09-11
PIP000630,379.88,145.4,46522.63,2020-01-26
REF002914,1550.33,188.69,25427.68,2020-11-19
PIP002574,2743.31,100.7,18841.46,2023-09-30
PIP002374,2389.08,85.89,28954.56,2020-10-04
WEL002981,3764.18,188.0,42726.63,2024-01-09
WEL001185,148.43,158.28,18377.23,2024-05-22
WEL001375,2486.38,2.69,13915.73,2020-09-13
WEL001525,3633.09,60.95,9373.9,2018-11-02
WEL001477,1067.82,55.59,32881.01,2018-11-14
WEL000141,689.46,43.78,15529.18,2021-11-07
PIP001466,2213.35,91.6,28049.29,2022-12-10
REF000554,620.61,81.81,38273.12,2019-01-16
REF000887,2194.95,187.36,46052.58,2021-10-02
PIP001325,15.71,194.56,30142.94,2019-02-05
PIP000846,770.72,170.93,23826.15,2021-11-05
PIP001707,3356.6,73.87,3861.16,2024-01-18
PIP000187,787.62,41.7,29866.47,2021-12-19
PIP001722,1659.52,113.4,27285.11,2022-02-12
REF002227,227.36,164.69,33192.35,2020-12-16
REF002607,3304.21,67.85,21722.97,2024-07-07
WEL000901,1871.72,134.83,36768.79,2019-11-03
WEL002866,345.5,181.84,14500.74,2019-02-06
REF001674,322.51,125.73,39206.69,2020-09-15
REF002729,310.27,176.06,43408.99,2024-10-22
PIP001050,4021.64,3.93,1632.44,2024-03-11
WEL001040,1252.85,72.75,27288.84,2022-02-23
WEL002180,1972.25,168.69,13191.81,2019-01-02
PIP000570,259.01,80.25,42008.02,2023-01-26
REF001216,3021.72,166.86,20369.49,2021-12-16
PIP000066,1960.83,155.82,35979.77,2023-05-04
PIP001451,3228.04,171.47,38330.95,2020-11-18
PIP000585,2719.96,39.33,49733.51,2018-05-19
PIP001091,528.97,190.07,38999.87,2020-02-17
PIP001739,1034.23,189.51,29648.76,2024-12-18
WEL000338,3794.55,149.09,27672.73,2020-09-22
PIP000805,3967.49,132.32,27916.12,2018-06-26
REF000373,3254.36,23.98,23569.62,2023-06-26
REF002462,1304.33,127.46,14865.88,2023-07-17
REF000658,4270.72,7.84,16605.57,2021-03-15
PIP002526,3646.02,80.77,48961.48,2023-02-22
PIP002705,2050.2,4.01,4352.73,2023-04-24
PIP001855,4696.52,139.71,33089.71,2019-09-21
REF002608,3318.52,45.25,23150.14,2024-02-12
REF002488,3152.82,166.49,10348.4,2024-03-02
WEL001119,1631.59,7.75,27944.84,2022-08-05
PIP000178,1825.92,96.4,28709.11,2020-10-31
REF002628,2467.43,198.99,11643.33,2018-03-26
WEL002359,2481.76,180.84,17595.24,2023-12-23
REF002225,1875.54,133.75,29387.4,2019-08-02
WEL000887,547.51,140.12,44598.16,2021-06-30
WEL002152,4035.97,2.75,18884.97,2022-11-21
REF001693,185.9,64.77,30240.02,2019-09-10
WEL002110,3137.02,33.91,2699.88,2022-10-15
PIP001097,2186.71,142.67,31920.45,2018-10-21
REF000201,3380.28,35.31,26932.59,2024-11-18
REF000312,1801.49,81.85,22758.74,2024-05-18
PIP002302,2433.63,89.17,28157.62,2019-03-10
REF002686,2203.5,154.11,10108.52,2022-10-21
REF002988,3514.22,189.09,14935.12,2022-02-23
REF001082,140.93,62.1,25230.82,2019-03-10
REF000035,4790.44,178.08,4381.02,2022-12-03
WEL000041,2273.48,185.64,17755.39,2018-03-23
WEL002297,1891.03,146.13,8760.79,2023-03-17
REF001894,3898.36,134.56,33909.38,2018-11-19
REF001703,4089.75,86.57,42247.43,2018-09-18
PIP001485,4503.86,175.25,13661.43,2022-02-22
REF000254,1655.06,17.9,39275.7,2018-01-16
WEL000047,1322.32,66.89,44201.25,2019-11-13
PIP002975,3065.57,109.77,43301.38,2024-08-02
PIP001762,3697.13,118.31,21737.23,2018-04-23
PIP002082,2597.66,119.07,23950.69,2019-02-26
PIP001212,2227.43,126.09,18648.74,2023-11-23
PIP000132,3391.58,9.63,18775.36,2018-04-22
REF002903,4257.52,2.16,19808.18,2020-04-07
WEL000086,277.91,173.71,36497.94,2021-02-27
REF002075,74.86,73.35,10282.89,2022-10-25
REF002882,3527.4,169.92,40532.37,2023-01-28
REF001884,3656.04,124.09,36441.95,2021-12-10
WEL001139,3140.7,95.35,27315.45,2018-07-20
REF000726,3401.26,33.56,44517.13,2022-06-01
REF002218,533.33,176.95,49137.54,2019-11-19
WEL000554,3538.16,106.92,38502.99,2021-11-17
PIP000047,2053.76,105.62,18964.03,2024-08-01
WEL000836,515.85,173.43,17780.32,2021-06-07
WEL002539,1563.29,125.46,41153.66,2019-01-31
REF000880,88.91,103.89,31541.14,2019-07-25
WEL000686,3960.61,39.0,32970.77,2018-12-12
PIP002485,3321.4,127.07,23995.55,2022-12-11
REF000881,4763.59,157.44,31338.66,2021-05-18
WEL002355,3550.96,121.77,31647.87,2024-02-08
PIP000163,2104.24,136.17,20024.3,2022-03-01
PIP002694,542.89,106.7,7517.14,2018-11-30
REF001857,1768.73,76.41,32051.93,2019-11-03
WEL001921,2760.38,80.01,49562.88,2024-01-24
PIP001549,4769.33,69.52,10891.54,2021-02-09
WEL001529,2255.64,59.79,22437.3,2021-09-09
WEL001916,4201.72,44.52,11356.48,2021-11-21
REF001265,3363.2,84.92,25099.59,2018-02-10
WEL001658,3840.88,128.51,43079.94,2023-03-30
WEL000797,1734.01,24.92,8941.14,2023-10-09
WEL002823,3633.97,106.43,6665.16,2020-05-19
REF000160,3058.21,61.2,29838.72,2020-12-28
WEL001391,1793.71,15.45,41247.28,2021-11-14
WEL001988,4788.63,155.69,3943.83,2021-08-26
WEL002639,4201.24,45.45,14534.37,2019-12-03
REF001133,1012.71,102.72,27493.75,2019-03-07
REF002161,2368.11,187.22,41587.86,2020-04-12
REF002051,3594.48,61.82,36400.6,2018-06-21
PIP001085,4895.3,199.28,49214.77,2023-05-30
REF001480,2651.64,4.53,9719.04,2024-06-06
REF002750,1301.08,83.38,5708.28,2021-03-05
WEL001466,2997.77,99.23,24194.03,2019-11-01
REF000564,1439.73,10.03,21296.27,2021-07-19
WEL002407,4138.84,105.93,46648.8,2021-12-25
REF001094,906.01,125.73,39069.16,2024-11-23
PIP001069,4304.26,66.01,30809.86,2020-09-15
WEL002333,3778.29,25.22,19724.16,2023-07-27
PIP000119,2366.46,31.85,15093.73,2021-12-05
PIP001005,4832.56,91.08,46282.47,2021-09-10
PIP001309,969.16,72.2,5367.53,2020-02-19
REF001850,757.26,10.86,34007.47,2018-07-27
WEL001252,4476.15,145.38,12358.74,2024-09-12
REF001747,837.17,23.69,24787.85,2024-06-25
PIP001718,150.85,85.67,10620.0,2024-06-26
REF002414,2039.54,16.98,6395.37,2021-01-19
PIP001385,2694.75,153.44,39632.64,2020-06-04
WEL001204,4535.96,54.53,30999.81,2024-06-07
PIP000924,442.35,12.03,44643.01,2019-08-14
REF002127,3016.2,149.04,22978.77,2022-11-15
REF000690,4711.61,37.3,16133.11,2024-08-23
WEL000306,327.11,40.48,6441.09,2023-09-06
PIP001724,4858.48,66.32,2993.81,2024-02-22
REF000284,2342.91,138.27,41905.36,2019-01-17
REF002406,2702.23,158.52,18150.48,2020-07-18
REF002768,4788.89,124.9,42273.25,2018-09-01
PIP002710,2453.55,53.94,27958.25,2023-10-06
WEL001534,4191.46,127.33,9972.32,2022-10-12
REF000568,1152.61,95.92,19953.11,2022-08-17
PIP000242,4737.14,115.53,28042.43,2023-11-02
PIP001232,1136.29,194.14,36332.01,2020-10-16
WEL002739,4440.64,160.28,810.98,2019-07-29
PIP000265,1340.55,89.09,36384.87,2023-04-19
REF000442,4490.21,191.69,19470.63,2019-07-30
PIP000254,3341.76,79.37,43595.14,2023-08-22
WEL000509,4992.62,98.02,9785.5,2021-01-27
WEL001166,1021.02,25.17,29273.16,2020-01-20
REF002297,4006.67,169.42,34558.12,2020-09-12
REF002645,1892.13,191.55,16065.61,2024-11-13
WEL002436,1859.84,46.6,48401.3,2022-02-21
REF000354,4798.32,7.68,16580.47,2018-02-22
WEL000429,501.83,16.56,30671.18,2022-09-04
WEL000233,1644.29,100.2,38237.67,2023-08-01
WEL001304,502.67,90.17,38475.24,2020-09-29
REF001119,1138.14,148.08,46278.76,2020-10-01
REF002316,2104.81,135.82,4284.79,2023-10-14
WEL001087,531.21,3.86,14815.71,2021-03-01
PIP000347,372.7,44.97,23375.61,2020-05-21
REF001188,1712.44,20.05,7172.94,2021-06-28
WEL002546,4903.03,196.97,19858.89,2019-12-08
REF001692,2449.97,92.05,11193.41,2018-05-18
WEL000434,3418.35,66.74,48701.1,2022-07-09
WEL001300,2786.44,145.0,3303.09,2018-09-27
REF001333,4145.35,21.25,34311.84,2022-12-22
REF002567,1257.81,139.62,42454.31,2024-08-24
WEL001461,229.74,161.43,40723.52,2019-08-01
REF001749,2863.99,76.47,14887.42,2024-01-30
REF002501,405.19,123.3,23755.11,2019-07-29
PIP000900,199.62,123.6,33165.67,2023-01-12
REF002168,2883.58,118.06,13375.59,2022-02-04
WEL000247,4849.19,189.24,35377.98,2021-09-13
REF001346,1759.04,111.92,24417.76,2020-04-13
REF001284,200.38,3.16,38497.25,2021-10-15
REF001740,938.22,53.58,40625.21,2023-07-17
PIP001214,3454.36,114.11,48344.02,2018-09-05
WEL000490,617.72,128.08,25256.21,2022-07-06
WEL000957,4673.92,58.23,15270.3,2022-05-25
WEL000138,3342.22,2.43,47124.98,2020-08-03
WEL002564,3381.17,187.66,22943.64,2024-10-20
REF001474,4728.52,31.97,13758.93,2020-04-06
PIP002866,2048.89,37.65,15572.57,2020-06-03
WEL000274,2439.85,128.28,28968.22,2024-10-28
REF001730,3884.84,162.93,15828.29,2018-02-16
WEL000014,245.67,146.19,46424.77,2019-03-10
PIP002041,209.33,117.27,23260.25,2021-05-28
PIP001634,4265.2,65.18,41892.54,2019-07-29
PIP001128,1478.72,77.92,31569.39,2019-05-19
WEL000992,1947.68,199.86,10254.69,2022-03-04
PIP001348,4507.01,156.36,18417.44,2023-08-29
PIP002006,730.44,32.97,13192.21,2018-01-05
REF000926,1198.33,196.16,26904.01,2021-04-24
PIP000670,4583.06,178.11,22605.67,2024-11-07
PIP001824,1060.75,157.23,26563.19,2024-12-29
PIP001394,3170.39,160.96,32498.08,2021-12-23
PIP002711,3292.48,61.61,11781.49,2018-03-20
PIP001771,3969.76,158.5,37927.31,2024-05-25
PIP002630,2766.7,35.87,25071.63,2018-09-21
PIP000465,2828.5,181.32,9080.61,2023-05-30
WEL002582,4861.44,60.14,16403.42,2022-04-18
PIP000189,3855.21,4.12,43926.19,2019-08-29
WEL000827,935.46,15.87,12044.63,2024-10-12
WEL001754,1464.7,124.9,3325.31,2024-09-22
REF002630,2131.9,101.32,7071.79,2021-03-30
REF001429,4635.15,2.59,37117.19,2020-10-20
WEL002821,2605.19,46.13,11471.02,2020-02-02
WEL002736,156.53,84.58,12170.48,2020-04-07
REF000398,4757.57,124.89,17102.73,2023-10-09
REF001006,27.36,146.81,15960.56,2021-12-09
WEL001015,4123.02,74.8,49816.21,2024-05-23
REF001743,4832.01,73.15,26219.47,2023-12-24
REF002089,989.72,182.13,17849.21,2022-09-17
REF002483,2843.38,63.5,15545.93,2020-01-31
WEL001045,2391.44,100.45,30251.6,2020-12-22
REF002736,3914.07,98.39,250.99,2023-03-16
WEL001353,340.05,8.58,32627.57,2024-12-23
REF000581,3962.61,22.14,39758.36,2019-05-25
REF002373,1139.01,119.08,12148.53,2021-01-24
REF002489,4605.61,151.67,24174.83,2018-03-20
WEL002965,4613.25,153.61,32755.84,2023-07-16
PIP000412,1038.84,133.28,6568.88,2024-01-16
REF002290,637.76,158.19,25482.31,2020-06-08
PIP002068,273.04,14.12,34666.83,2020-11-05
REF000331,1119.1,56.34,42591.26,2020-10-29
WEL000216,2327.38,107.04,16584.96,2020-11-12
WEL002102,2020.24,48.74,2362.82,2022-07-08
WEL002521,1779.91,53.93,772.99,2022-10-18
REF002700,2456.12,105.96,46853.68,2018-11-09
WEL002524,3009.27,158.01,19390.08,2024-02-20
REF002874,4689.3,153.78,15116.14,2024-04-11
WEL001180,4460.03,22.58,25760.38,2018-08-17
PIP001305,797.42,164.57,26839.42,2023-04-21
WEL000217,346.87,127.13,985.65,2022-05-20
WEL002993,4589.57,192.55,4967.94,2020-04-29
PIP000616,1862.63,28.26,48069.56,2023-07-11
PIP001188,1997.55,166.89,13932.97,2021-07-12
REF001102,2363.33,192.66,23177.26,2024-07-09
PIP002228,3131.26,164.25,38645.3,2024-12-17
WEL000631,4473.79,164.62,41015.28,2022-04-16
WEL002056,2527.85,184.13,39269.04,2020-11-30
REF002109,3260.03,180.94,49612.62,2021-03-18
WEL002861,3331.45,93.42,47387.6,2018-06-11
PIP000847,618.82,25.97,43190.96,2021-10-26
REF001220,3647.91,1.67,35300.89,2024-08-29
PIP002258,572.12,66.64,41817.22,2018-04-14
REF002879,3111.55,35.86,6530.7,2024-07-10
PIP000302,2368.19,199.6,13167.13,2021-02-23
WEL000177,3607.25,187.4,26992.58,2022-12-01
PIP001998,741.03,83.21,19607.19,2019-04-11
WEL001886,758.37,49.37,19660.83,2021-11-18
WEL002214,2866.7,23.84,24766.9,2024-12-11
REF001439,4010.77,161.72,24157.38,2024-06-02
WEL002958,1042.25,12.37,37898.31,2020-09-01
WEL001403,2132.16,164.3,45124.11,2023-01-14
