asset_id,maintenance_date,cost_usd,failure_type,downtime_hours
WEL002457,2018-05-06,160789.56,Pump Failure,42
PIP000414,2018-04-26,47396.82,Electrical Fault,73
WEL001521,2018-01-21,51505.36,Corrosion,7
WEL002384,2023-10-08,154579.66,Pump Failure,25
PIP001377,2022-05-12,119329.89,Corrosion,53
REF000657,2020-10-13,87103.23,Overheating,76
PIP000711,2024-06-13,84259.9,Electrical Fault,20
PIP002846,2021-04-09,193574.14,Overheating,12
WEL000110,2020-04-18,98396.89,Corrosion,55
REF001541,2024-02-27,107010.47,Electrical Fault,107
PIP002853,2020-03-10,12691.59,Pump Failure,29
WEL002122,2024-06-10,48530.88,Valve Leak,84
REF000031,2018-07-05,99592.0,Valve Leak,94
WEL001030,2023-12-11,85777.41,Electrical Fault,111
PIP002373,2023-10-15,55099.14,Pump Failure,45
REF002831,2024-07-10,131881.14,Corrosion,90
REF002785,2018-08-19,47822.56,Overheating,18
PIP000742,2018-05-03,123268.51,Pump Failure,112
REF002959,2020-02-27,89386.9,Valve Leak,100
WEL002617,2020-06-19,41850.9,Pump Failure,42
WEL000449,2019-07-30,25054.72,Valve Leak,29
REF000032,2019-10-20,188577.01,Valve Leak,87
REF002810,2024-11-29,61998.32,Pump Failure,58
PIP002063,2019-07-07,79980.04,Valve Leak,81
PIP002413,2018-05-24,123407.63,Pump Failure,38
REF000216,2024-01-13,186945.19,Valve Leak,103
PIP001563,2019-02-26,195666.49,Corrosion,89
WEL001254,2023-12-25,157912.51,Valve Leak,84
REF000845,2022-09-10,177881.22,Pump Failure,56
PIP000752,2023-07-17,65050.23,Pump Failure,24
WEL000594,2024-12-29,195177.63,Overheating,29
PIP002733,2023-05-19,141333.54,Overheating,118
PIP001704,2023-10-30,185849.38,Electrical Fault,25
PIP002955,2024-09-19,29362.29,Corrosion,98
WEL001275,2024-06-06,22278.45,Electrical Fault,82
PIP000615,2021-06-17,84660.34,Corrosion,111
REF000326,2019-12-21,56401.04,Valve Leak,91
WEL001030,2021-12-16,166848.99,Electrical Fault,7
PIP002266,2020-12-11,199429.77,Pump Failure,23
WEL000202,2023-06-26,152320.07,Valve Leak,108
PIP002873,2022-02-05,146104.66,Overheating,49
PIP002727,2023-06-27,117823.41,Overheating,57
PIP000231,2022-05-20,135384.08,Overheating,103
REF000208,2018-06-21,99607.25,Valve Leak,29
PIP001987,2022-01-03,34949.09,Pump Failure,112
REF001081,2024-10-01,111538.37,Valve Leak,38
WEL001227,2018-07-09,31923.84,Electrical Fault,16
REF002113,2020-05-09,7237.27,Valve Leak,86
REF002459,2020-03-14,154302.39,Pump Failure,93
REF002157,2019-02-23,7121.79,Overheating,48
REF001741,2018-06-11,24298.32,Valve Leak,43
REF002479,2023-11-08,121230.52,Overheating,43
WEL001479,2019-08-12,42649.27,Pump Failure,92
PIP002043,2023-12-02,27104.08,Valve Leak,106
PIP002660,2021-08-30,174671.05,Electrical Fault,44
WEL002508,2023-01-25,53004.41,Electrical Fault,8
PIP001656,2022-06-19,2535.44,Overheating,118
WEL000783,2022-09-07,64898.07,Corrosion,96
WEL002594,2021-01-23,73931.32,Electrical Fault,119
REF000071,2024-04-03,108753.13,Corrosion,48
PIP002159,2023-09-21,123281.92,Electrical Fault,80
PIP002688,2018-05-27,97223.56,Corrosion,59
WEL001457,2024-10-22,190814.16,Overheating,73
PIP000020,2023-01-26,132169.78,Valve Leak,76
PIP000617,2023-06-24,84621.03,Valve Leak,70
WEL001235,2021-10-04,192680.24,Overheating,73
WEL001497,2022-10-10,170120.3,Overheating,18
WEL002192,2024-05-19,13320.89,Pump Failure,113
REF001627,2022-12-28,23401.02,Pump Failure,17
PIP001580,2018-06-12,29403.51,Overheating,6
REF002038,2023-11-08,41883.04,Pump Failure,97
PIP000829,2020-06-26,28806.31,Electrical Fault,96
PIP000317,2023-06-06,99953.53,Valve Leak,68
PIP000654,2024-09-04,82962.54,Pump Failure,109
REF002392,2018-11-07,199692.99,Pump Failure,111
PIP001794,2022-03-21,75742.97,Pump Failure,89
WEL002020,2019-01-11,3524.35,Valve Leak,98
REF002476,2021-07-21,16509.87,Pump Failure,6
WEL000759,2022-08-03,169916.9,Pump Failure,97
WEL001568,2020-10-12,122416.89,Corrosion,39
WEL002188,2019-06-28,111444.99,Valve Leak,52
PIP001211,2020-05-03,192547.69,Valve Leak,6
WEL001112,2019-04-03,197120.42,Pump Failure,84
WEL000635,2023-05-17,109958.1,Electrical Fault,110
REF001394,2018-04-19,82752.95,Electrical Fault,41
PIP001662,2024-02-23,20220.97,Pump Failure,21
WEL001704,2022-01-13,135355.2,Pump Failure,72
WEL002791,2023-09-21,2075.39,Corrosion,43
REF000036,2022-01-15,45056.91,Valve Leak,62
REF002129,2024-02-02,83151.4,Overheating,104
PIP001150,2024-02-25,30107.62,Overheating,117
REF000097,2019-11-18,106637.69,Electrical Fault,4
PIP002214,2021-05-05,16789.2,Corrosion,92
PIP000756,2024-10-30,29995.86,Pump Failure,81
PIP001968,2022-06-07,8802.72,Electrical Fault,26
WEL002001,2021-04-09,101623.09,Electrical Fault,50
REF002481,2019-06-28,157902.92,Corrosion,80
WEL000535,2018-09-02,39933.5,Pump Failure,11
REF001113,2023-08-26,55918.14,Overheating,46
WEL002963,2020-07-28,26334.65,Pump Failure,22
WEL001554,2020-05-16,6239.47,Overheating,40
REF002217,2024-07-13,148535.48,Overheating,76
PIP000313,2022-08-23,82133.22,Electrical Fault,72
REF000959,2021-07-13,53886.53,Overheating,62
PIP000895,2021-05-07,54840.42,Corrosion,66
REF001485,2022-03-07,103176.23,Corrosion,36
PIP000547,2021-10-14,126557.59,Valve Leak,67
PIP002167,2018-06-08,17487.02,Pump Failure,20
REF001367,2018-12-14,72927.56,Electrical Fault,34
PIP001938,2020-05-05,144314.81,Valve Leak,67
REF002221,2024-02-12,95520.21,Overheating,57
PIP001659,2021-06-14,196379.76,Pump Failure,115
PIP000200,2024-12-28,96068.16,Pump Failure,3
REF002747,2019-08-19,131325.73,Valve Leak,106
PIP002718,2024-09-29,128113.37,Pump Failure,102
REF000115,2019-01-19,36876.9,Electrical Fault,101
PIP000363,2024-08-22,179888.66,Pump Failure,31
REF001944,2021-10-14,166121.26,Corrosion,103
PIP001334,2021-06-25,4009.0,Pump Failure,115
REF002370,2021-01-16,179656.81,Overheating,40
REF000459,2020-07-05,172777.07,Valve Leak,101
PIP001530,2023-12-04,47769.12,Electrical Fault,115
WEL002484,2018-01-21,97999.21,Valve Leak,74
REF001221,2021-05-16,115140.35,Electrical Fault,73
PIP001745,2021-04-23,116415.19,Electrical Fault,112
PIP001522,2019-12-13,67721.34,Valve Leak,19
PIP001656,2021-04-22,52433.62,Overheating,7
PIP001620,2022-10-10,140234.35,Valve Leak,88
REF002605,2024-03-15,22552.29,Pump Failure,104
WEL001443,2023-11-29,139086.5,Valve Leak,57
WEL002577,2023-11-29,69199.8,Corrosion,52
REF001217,2022-09-19,193679.59,Pump Failure,29
REF000808,2023-05-27,7664.23,Valve Leak,101
REF002571,2022-06-18,42974.38,Valve Leak,78
WEL001325,2019-07-03,118519.53,Pump Failure,44
WEL000920,2021-06-30,72428.34,Pump Failure,93
PIP002354,2022-01-13,95734.88,Pump Failure,52
REF002822,2023-03-05,97943.48,Pump Failure,9
REF000348,2020-08-10,194792.09,Corrosion,70
REF001570,2019-09-04,197805.84,Valve Leak,108
WEL002018,2018-04-16,192207.41,Overheating,75
WEL000594,2023-12-18,96833.68,Valve Leak,3
PIP001019,2021-09-27,133482.06,Valve Leak,94
WEL000691,2018-08-15,56790.9,Pump Failure,1
REF002266,2021-03-20,22617.25,Electrical Fault,55
REF002791,2018-05-23,121222.42,Overheating,111
REF000710,2024-04-30,134588.86,Pump Failure,10
WEL000201,2022-09-12,162776.61,Corrosion,53
WEL000785,2018-05-26,166244.83,Overheating,99
WEL002651,2022-10-12,198531.25,Pump Failure,116
WEL002063,2021-08-27,77999.11,Electrical Fault,118
REF002761,2021-06-08,156601.49,Valve Leak,118
WEL000717,2019-12-06,56319.83,Pump Failure,77
REF001189,2018-07-14,34960.43,Electrical Fault,31
WEL001786,2018-03-15,34697.85,Overheating,102
PIP002899,2021-03-13,188771.55,Electrical Fault,35
WEL001829,2018-04-21,199899.61,Pump Failure,1
REF001535,2023-06-23,66566.9,Corrosion,96
REF002251,2023-06-11,37471.37,Valve Leak,14
PIP000055,2021-02-26,41335.32,Corrosion,45
WEL002601,2022-05-27,166193.54,Pump Failure,94
WEL001776,2022-09-19,123466.88,Overheating,96
WEL001838,2023-11-23,89770.95,Overheating,37
WEL002665,2024-10-06,53657.4,Corrosion,65
WEL000339,2019-10-02,50491.7,Electrical Fault,15
PIP001662,2020-02-04,70119.33,Corrosion,89
WEL001783,2020-10-16,135943.04,Corrosion,75
WEL000931,2024-11-14,50793.34,Overheating,17
WEL001003,2018-04-29,107954.47,Electrical Fault,43
PIP001151,2019-11-18,7932.18,Electrical Fault,66
REF000700,2018-03-02,8306.39,Corrosion,1
WEL002048,2021-06-03,168125.29,Overheating,58
WEL000635,2020-11-23,176545.35,Valve Leak,34
WEL000443,2018-03-26,102237.27,Overheating,9
REF002172,2022-05-16,18349.87,Overheating,84
WEL000165,2020-02-18,191349.24,Overheating,116
WEL001264,2021-01-13,4111.58,Valve Leak,12
PIP001551,2019-05-15,121902.01,Overheating,27
REF001296,2022-10-30,71284.83,Electrical Fault,86
WEL002226,2023-09-28,131299.02,Electrical Fault,116
WEL000055,2019-06-13,81420.63,Electrical Fault,112
PIP001187,2020-04-03,179189.08,Electrical Fault,12
PIP000620,2022-06-16,110218.84,Corrosion,61
PIP000937,2019-10-28,50147.67,Corrosion,34
REF002598,2018-07-20,174829.64,Electrical Fault,50
PIP000669,2022-04-17,134252.15,Electrical Fault,104
PIP002756,2021-01-10,196400.81,Corrosion,36
PIP001121,2018-04-27,37665.3,Valve Leak,109
PIP002144,2019-11-01,169215.83,Valve Leak,70
REF001943,2018-01-18,122043.34,Electrical Fault,44
REF000325,2021-06-07,187265.64,Valve Leak,106
REF000902,2020-11-28,52459.14,Valve Leak,27
REF001845,2024-03-08,37342.54,Electrical Fault,33
REF000852,2024-07-06,80584.84,Overheating,6
REF002603,2021-11-19,154285.75,Valve Leak,89
WEL000824,2022-06-27,98370.4,Overheating,57
REF002314,2021-02-28,61825.34,Corrosion,18
REF000663,2023-06-08,138260.85,Valve Leak,78
PIP001699,2022-01-27,134737.27,Pump Failure,106
REF002109,2022-07-01,186197.17,Overheating,2
WEL002726,2022-06-05,11921.22,Overheating,117
WEL000083,2024-06-09,63781.0,Valve Leak,59
WEL002553,2020-06-14,195835.75,Valve Leak,14
WEL000192,2022-04-25,9235.46,Overheating,101
REF002419,2021-09-06,10863.93,Overheating,41
PIP000339,2023-03-24,43456.39,Pump Failure,83
REF002400,2019-09-30,160196.03,Electrical Fault,51
WEL001783,2018-05-06,127991.89,Pump Failure,44
REF001714,2019-02-23,126392.89,Valve Leak,45
REF002955,2019-01-03,34583.64,Overheating,54
WEL000558,2018-07-09,15054.84,Pump Failure,11
PIP002996,2023-06-21,64569.81,Overheating,18
PIP002829,2020-05-05,180312.27,Corrosion,105
WEL001299,2023-10-21,105706.4,Valve Leak,57
WEL000458,2018-09-09,166859.56,Pump Failure,55
WEL002269,2022-02-21,100589.17,Corrosion,15
PIP001928,2020-03-06,22056.85,Valve Leak,106
REF002025,2024-12-09,21638.83,Overheating,30
REF002768,2024-02-19,10641.45,Valve Leak,85
PIP000470,2020-08-15,166773.16,Electrical Fault,29
PIP000118,2021-06-02,193756.01,Overheating,116
WEL002896,2020-11-18,131437.05,Electrical Fault,65
WEL001279,2018-06-13,96694.5,Corrosion,18
PIP001384,2022-05-08,100841.15,Valve Leak,20
PIP001827,2021-05-04,145841.57,Electrical Fault,30
WEL001027,2022-05-22,99218.49,Pump Failure,28
PIP000159,2024-05-29,101981.78,Electrical Fault,110
REF001184,2019-03-20,111828.67,Valve Leak,46
PIP002071,2024-05-15,20285.32,Overheating,94
PIP001696,2021-12-04,82161.23,Electrical Fault,11
PIP001834,2020-02-06,14683.32,Corrosion,32
REF002744,2021-12-10,117561.47,Overheating,24
PIP000624,2018-12-09,86066.21,Valve Leak,39
WEL000575,2019-04-30,110428.53,Corrosion,115
REF001831,2018-12-28,19406.03,Valve Leak,101
WEL001635,2024-03-25,163531.13,Electrical Fault,116
WEL002810,2020-12-07,131058.49,Pump Failure,76
REF001552,2019-10-12,145878.06,Corrosion,27
PIP000320,2023-09-15,9218.16,Pump Failure,63
REF000297,2021-01-19,132608.61,Overheating,110
PIP001326,2019-01-06,122966.18,Overheating,41
PIP001819,2022-09-08,109242.01,Corrosion,82
WEL000619,2021-01-04,182742.35,Electrical Fault,48
REF002535,2021-11-01,125046.48,Valve Leak,96
PIP000072,2019-09-12,90363.8,Corrosion,40
PIP000906,2018-08-06,158832.18,Overheating,54
WEL000616,2019-10-03,127211.07,Valve Leak,9
REF001290,2019-10-15,3661.39,Overheating,73
REF001246,2020-12-04,18908.3,Electrical Fault,32
REF001697,2020-06-20,197646.34,Electrical Fault,29
WEL000235,2021-12-21,83214.94,Corrosion,21
PIP001090,2023-04-20,77821.39,Pump Failure,23
PIP002693,2021-10-16,32572.48,Corrosion,105
WEL002895,2023-12-18,41721.78,Electrical Fault,53
WEL002265,2024-09-10,86090.24,Pump Failure,18
REF000845,2020-05-11,164473.75,Pump Failure,88
REF002983,2023-12-13,109293.54,Pump Failure,61
REF001994,2023-10-06,196436.47,Corrosion,88
WEL000768,2019-11-24,156921.76,Valve Leak,114
PIP002017,2023-12-07,152346.19,Pump Failure,73
PIP001061,2023-11-16,115586.24,Electrical Fault,41
WEL001985,2019-10-09,180887.85,Corrosion,89
WEL001287,2019-11-20,183828.4,Corrosion,50
WEL001292,2022-06-24,50655.05,Corrosion,83
REF001137,2018-11-23,73465.55,Pump Failure,71
WEL000059,2024-11-29,15737.71,Electrical Fault,109
PIP001796,2024-07-20,156623.63,Corrosion,8
REF000547,2020-01-02,85900.58,Pump Failure,67
REF001733,2024-01-09,32018.5,Overheating,21
REF002846,2022-10-23,107614.73,Valve Leak,59
PIP000267,2021-09-03,180357.63,Valve Leak,18
PIP002848,2021-07-19,161933.16,Pump Failure,54
WEL000543,2021-06-01,51032.58,Pump Failure,60
REF000390,2021-12-12,84268.78,Overheating,17
REF000429,2019-09-04,146470.76,Valve Leak,23
PIP002930,2022-02-17,78225.32,Corrosion,3
PIP002880,2019-07-10,6864.76,Electrical Fault,9
REF002062,2021-01-19,43499.24,Corrosion,117
PIP000762,2023-08-12,87816.41,Pump Failure,7
REF002546,2023-01-17,41974.82,Overheating,102
PIP001338,2021-03-19,121636.93,Corrosion,43
REF000552,2022-12-15,194218.7,Electrical Fault,12
PIP002634,2021-01-04,6472.7,Corrosion,29
WEL002261,2021-08-29,85594.52,Pump Failure,61
REF002977,2019-06-10,143415.26,Valve Leak,61
PIP001253,2023-05-22,192600.83,Electrical Fault,53
PIP002972,2023-05-29,77382.22,Pump Failure,51
WEL000860,2019-09-15,181802.98,Pump Failure,43
WEL002502,2022-06-06,70130.74,Corrosion,73
PIP002536,2022-06-03,99900.71,Valve Leak,29
REF002543,2023-01-30,79622.78,Overheating,65
REF002612,2019-11-19,141292.2,Electrical Fault,98
WEL000799,2023-03-29,122513.44,Overheating,115
PIP001733,2019-10-09,168361.09,Valve Leak,75
WEL002162,2021-06-22,73800.17,Overheating,16
PIP000177,2018-09-04,83826.81,Corrosion,34
WEL002038,2024-10-28,15534.46,Valve Leak,56
REF001413,2022-05-17,96300.27,Overheating,38
PIP002119,2024-11-15,191076.79,Corrosion,35
REF001313,2023-10-03,95336.48,Pump Failure,12
REF002409,2021-04-16,40769.28,Electrical Fault,48
REF000866,2023-09-10,129605.05,Electrical Fault,29
PIP000820,2021-07-23,52700.02,Overheating,8
REF001531,2021-08-21,16475.1,Pump Failure,95
PIP001816,2019-08-05,166436.5,Electrical Fault,69
WEL001209,2022-05-29,38947.38,Valve Leak,106
PIP001620,2021-03-31,7427.91,Electrical Fault,51
REF002150,2020-11-16,79402.27,Overheating,85
WEL001092,2023-07-05,14262.94,Pump Failure,25
WEL000635,2019-01-09,147569.44,Valve Leak,79
REF000282,2019-09-02,136550.43,Overheating,54
REF000375,2018-12-14,126522.06,Electrical Fault,70
WEL001867,2024-07-25,34515.47,Pump Failure,60
REF001470,2023-12-03,35026.81,Overheating,84
PIP001170,2019-03-12,185099.28,Electrical Fault,13
PIP000601,2020-02-22,56267.44,Valve Leak,11
WEL002542,2018-10-18,193267.61,Pump Failure,98
WEL002792,2019-10-16,119626.01,Pump Failure,24
PIP002188,2019-01-10,25233.62,Corrosion,35
WEL002081,2023-02-26,69335.16,Electrical Fault,20
REF002363,2021-06-17,97395.17,Overheating,24
REF002893,2023-10-15,15966.62,Valve Leak,57
REF000087,2019-12-02,196885.83,Electrical Fault,13
PIP000232,2020-02-25,185723.43,Pump Failure,96
PIP002945,2021-08-19,128127.06,Electrical Fault,107
REF000730,2021-05-27,182801.02,Overheating,102
REF002588,2024-05-05,170407.26,Overheating,88
WEL002271,2021-11-11,155720.59,Corrosion,33
PIP000493,2023-09-25,26013.06,Overheating,111
PIP002378,2022-05-20,68865.52,Valve Leak,79
PIP001939,2020-10-23,78536.24,Electrical Fault,20
WEL002428,2022-01-29,36227.56,Pump Failure,102
WEL001785,2024-12-11,85935.41,Corrosion,24
REF001677,2024-03-28,118802.5,Valve Leak,72
REF000684,2018-03-13,59923.89,Pump Failure,60
WEL001862,2023-07-24,76382.49,Electrical Fault,83
WEL002647,2019-06-01,178462.34,Pump Failure,115
WEL001570,2020-10-04,32057.9,Overheating,80
PIP000693,2018-01-04,153178.86,Electrical Fault,69
REF002354,2024-08-14,110139.1,Corrosion,54
WEL001067,2019-02-07,70690.88,Overheating,19
REF002334,2020-09-02,178474.45,Overheating,18
REF002946,2018-01-07,199255.45,Electrical Fault,20
PIP001311,2020-02-18,146111.75,Overheating,48
PIP002998,2024-05-12,111214.78,Electrical Fault,29
REF000107,2020-01-13,142286.79,Overheating,41
REF001296,2019-08-04,2087.24,Pump Failure,53
PIP000694,2019-06-04,94164.51,Overheating,5
WEL001572,2022-10-18,120435.32,Corrosion,54
PIP002299,2020-10-12,37351.4,Electrical Fault,115
REF002283,2019-11-17,1037.58,Overheating,45
WEL001605,2021-06-26,37263.32,Pump Failure,26
WEL001494,2023-05-12,38025.91,Pump Failure,34
WEL000901,2023-04-08,80104.5,Pump Failure,29
REF002519,2018-11-21,91271.39,Electrical Fault,89
PIP000689,2023-02-05,73121.34,Overheating,118
WEL001293,2019-08-08,163117.79,Electrical Fault,27
PIP002713,2019-11-29,26705.41,Overheating,81
REF000628,2023-08-20,152424.23,Pump Failure,52
REF000589,2018-12-05,1682.13,Overheating,22
PIP002819,2021-07-06,82261.46,Corrosion,31
WEL002079,2018-12-04,41277.0,Overheating,52
PIP002786,2019-12-31,109373.06,Valve Leak,32
REF000671,2018-09-23,72896.7,Electrical Fault,92
WEL002797,2023-02-02,158190.44,Corrosion,3
PIP000754,2021-10-04,147589.71,Pump Failure,76
PIP001989,2019-01-15,24586.38,Corrosion,14
PIP002357,2018-07-21,91948.64,Electrical Fault,56
WEL001939,2023-03-11,123782.7,Pump Failure,93
REF000746,2019-02-22,25449.53,Overheating,95
REF001506,2022-06-08,141738.07,Electrical Fault,116
WEL001463,2020-06-01,39396.6,Valve Leak,76
REF000408,2020-05-22,97946.26,Valve Leak,14
REF002675,2024-10-10,29722.89,Valve Leak,62
WEL002371,2018-01-01,98244.15,Valve Leak,57
REF000004,2021-01-19,155269.92,Corrosion,82
PIP002973,2020-08-30,40571.3,Electrical Fault,86
PIP001015,2020-02-04,11978.44,Electrical Fault,44
WEL001119,2021-03-16,76855.65,Corrosion,42
REF000286,2021-01-12,31533.96,Overheating,96
PIP000312,2019-02-05,59330.69,Corrosion,81
REF000486,2023-01-29,38887.61,Pump Failure,42
PIP000380,2020-08-22,36685.29,Overheating,90
PIP001492,2021-04-04,79011.04,Valve Leak,69
PIP001180,2022-06-30,42780.29,Pump Failure,108
WEL000944,2018-05-17,101438.37,Electrical Fault,38
WEL001723,2019-10-28,166968.46,Electrical Fault,26
REF002107,2022-09-27,148252.97,Electrical Fault,57
WEL000517,2021-05-02,197232.7,Electrical Fault,57
PIP000936,2022-08-24,25998.74,Valve Leak,63
PIP002340,2018-01-27,31596.44,Corrosion,17
REF000094,2019-07-26,65209.15,Pump Failure,71
PIP002658,2018-05-01,150185.58,Corrosion,85
WEL001815,2022-10-13,110882.96,Pump Failure,95
PIP000673,2018-07-07,38695.73,Pump Failure,81
WEL001230,2018-08-06,162085.39,Corrosion,30
PIP000294,2021-11-05,29138.01,Pump Failure,63
WEL002653,2019-05-01,83157.63,Overheating,2
WEL002436,2021-03-24,149039.11,Pump Failure,40
REF001216,2022-11-08,175884.2,Corrosion,114
REF002943,2019-01-22,32225.57,Valve Leak,31
REF001571,2018-05-02,178071.96,Valve Leak,52
REF001837,2024-03-05,147423.54,Electrical Fault,75
REF001312,2019-05-27,12526.5,Valve Leak,73
REF001167,2022-12-17,150841.44,Corrosion,3
WEL001270,2020-08-09,127680.35,Corrosion,91
WEL001369,2022-01-09,71678.75,Pump Failure,61
REF002390,2019-03-02,176062.87,Corrosion,116
PIP001676,2020-01-18,194519.61,Overheating,55
PIP002570,2023-11-04,159623.06,Electrical Fault,70
WEL002079,2018-10-07,125592.3,Pump Failure,95
WEL001786,2018-03-01,132873.91,Corrosion,54
WEL001736,2022-06-13,88503.88,Pump Failure,35
WEL000819,2019-11-09,80328.84,Overheating,68
PIP002998,2021-03-20,64038.42,Corrosion,68
REF002637,2024-01-12,183551.24,Overheating,76
WEL000160,2023-12-29,125991.63,Corrosion,93
PIP001553,2018-03-31,71315.94,Electrical Fault,34
WEL000172,2024-06-21,140677.67,Electrical Fault,31
PIP001226,2022-05-15,63184.52,Valve Leak,113
WEL001207,2023-07-17,114996.36,Valve Leak,108
PIP000518,2024-12-24,111367.46,Valve Leak,82
REF001902,2021-07-28,106900.38,Corrosion,47
REF000235,2022-06-08,155461.39,Electrical Fault,77
WEL002378,2023-10-04,165401.69,Electrical Fault,77
PIP000395,2021-11-15,63870.87,Corrosion,73
WEL000028,2020-03-09,169491.55,Pump Failure,109
REF001993,2022-09-14,11972.82,Overheating,50
REF002798,2020-01-25,77857.07,Valve Leak,25
WEL001748,2024-05-23,167307.96,Electrical Fault,86
REF000875,2023-06-25,57215.5,Valve Leak,67
REF002934,2018-02-06,50486.49,Pump Failure,46
WEL000092,2021-02-04,198436.49,Pump Failure,93
WEL002561,2021-09-26,10313.92,Corrosion,52
PIP000833,2020-08-23,35498.56,Pump Failure,96
WEL001655,2024-11-17,98539.33,Overheating,119
PIP000536,2023-04-21,14759.31,Overheating,68
WEL001387,2023-02-17,183437.47,Valve Leak,99
REF000125,2022-05-27,161880.06,Overheating,60
WEL000429,2019-07-10,90924.47,Corrosion,13
PIP001231,2024-03-16,137687.2,Electrical Fault,84
PIP001122,2021-09-25,107088.51,Valve Leak,65
REF002357,2019-05-15,153117.99,Electrical Fault,49
PIP000376,2023-04-21,33313.53,Electrical Fault,95
PIP002129,2023-11-05,63568.19,Pump Failure,33
WEL002442,2022-11-15,162879.98,Electrical Fault,117
REF000248,2023-07-03,98621.68,Overheating,92
REF002797,2018-05-31,190344.48,Pump Failure,110
WEL001005,2018-05-12,147908.82,Pump Failure,25
REF002316,2019-06-08,190335.75,Electrical Fault,64
REF001490,2018-11-11,138557.75,Corrosion,39
REF000301,2018-08-30,183033.66,Electrical Fault,86
PIP001111,2018-07-26,38686.83,Valve Leak,98
PIP000655,2019-10-12,142617.97,Pump Failure,42
PIP001362,2021-04-09,185910.46,Pump Failure,17
REF001508,2020-12-18,54208.75,Pump Failure,82
PIP002270,2023-08-31,193832.57,Valve Leak,104
WEL000544,2021-07-10,171971.52,Pump Failure,44
PIP000336,2019-03-26,69644.96,Pump Failure,104
PIP001716,2022-07-20,85557.53,Electrical Fault,24
PIP000075,2020-12-24,50714.91,Corrosion,1
REF001489,2018-07-05,192162.74,Pump Failure,10
REF001258,2024-07-06,161155.22,Corrosion,72
PIP000459,2018-03-13,149254.8,Corrosion,52
WEL001342,2023-09-01,86219.4,Valve Leak,100
REF000757,2020-04-29,19707.63,Pump Failure,115
WEL000195,2022-11-07,81038.64,Corrosion,82
WEL000829,2022-03-16,34691.73,Corrosion,35
WEL000095,2023-03-04,5251.67,Electrical Fault,87
WEL002957,2019-01-19,83921.72,Pump Failure,83
REF002954,2022-02-02,95155.14,Overheating,95
REF000740,2023-11-05,50371.35,Electrical Fault,57
REF001567,2020-08-21,154074.5,Electrical Fault,57
WEL001534,2024-10-13,90149.97,Corrosion,83
PIP000061,2018-06-07,1128.89,Corrosion,42
PIP001233,2018-07-21,61347.49,Electrical Fault,72
WEL000319,2020-02-12,85173.44,Electrical Fault,65
WEL001243,2018-10-22,165116.79,Corrosion,87
PIP002926,2023-03-03,70815.76,Electrical Fault,97
WEL000808,2023-02-23,198075.45,Valve Leak,118
REF000658,2019-02-06,116154.07,Pump Failure,71
REF000697,2024-07-05,125589.8,Electrical Fault,61
REF000613,2018-10-30,84782.52,Corrosion,72
REF002039,2020-09-17,84857.84,Corrosion,45
PIP001952,2023-05-07,58784.12,Valve Leak,49
PIP000833,2023-12-30,77156.12,Pump Failure,51
PIP001545,2021-10-15,49163.44,Valve Leak,39
PIP001545,2023-09-29,38866.18,Electrical Fault,115
REF002154,2024-08-29,52366.0,Pump Failure,60
PIP002671,2022-02-18,98682.45,Electrical Fault,102
REF000341,2019-10-09,102626.26,Valve Leak,108
WEL000987,2020-08-13,65811.6,Valve Leak,36
PIP000959,2021-05-05,59658.77,Overheating,78
REF001248,2021-06-21,13663.07,Corrosion,74
REF001745,2019-12-15,128629.19,Pump Failure,44
WEL001568,2023-06-23,138765.74,Valve Leak,16
REF002275,2020-12-17,33831.51,Pump Failure,45
PIP000676,2018-09-23,157956.47,Valve Leak,29
PIP000543,2021-01-14,178070.66,Overheating,46
PIP002213,2024-09-28,78782.23,Overheating,40
REF002865,2024-06-11,131135.86,Overheating,8
REF001378,2020-12-10,104115.88,Overheating,69
REF002679,2023-04-26,88493.27,Electrical Fault,71
REF001900,2019-07-26,88534.88,Pump Failure,54
WEL001135,2020-11-17,115015.26,Overheating,88
WEL001889,2019-12-20,161912.58,Overheating,9
PIP001361,2018-04-15,71767.31,Overheating,100
PIP000729,2023-03-25,109735.85,Electrical Fault,2
REF000705,2018-10-18,168211.21,Corrosion,24
WEL000402,2020-06-11,170557.43,Electrical Fault,8
PIP001415,2018-07-20,150301.15,Overheating,8
PIP000873,2021-06-16,24835.8,Pump Failure,1
WEL002746,2018-05-15,178851.75,Electrical Fault,22
WEL000589,2021-10-21,166204.88,Electrical Fault,72
PIP000947,2021-01-10,118475.26,Pump Failure,37
WEL002349,2023-01-31,19644.94,Electrical Fault,73
WEL002340,2019-11-28,112822.5,Electrical Fault,42
PIP001865,2018-02-19,49980.78,Pump Failure,46
REF000977,2021-11-23,133042.1,Pump Failure,40
REF001241,2020-01-27,169815.74,Pump Failure,53
WEL002225,2019-03-29,104049.34,Corrosion,16
WEL000318,2019-12-09,60487.76,Corrosion,16
REF000014,2019-08-15,194450.63,Overheating,28
REF001325,2021-06-11,151443.58,Overheating,116
PIP002223,2020-01-15,49516.66,Overheating,38
WEL002930,2024-06-18,121421.47,Pump Failure,48
REF000323,2021-03-30,94508.42,Overheating,46
REF002942,2024-09-13,55243.66,Pump Failure,3
WEL001108,2023-10-12,27669.59,Overheating,116
WEL000899,2022-01-01,56424.36,Pump Failure,25
PIP002900,2022-12-04,194453.27,Valve Leak,6
PIP000257,2020-02-22,41568.67,Overheating,49
WEL002292,2019-03-17,33186.74,Electrical Fault,3
WEL002335,2020-09-22,167546.26,Overheating,75
PIP001267,2024-10-10,3792.82,Overheating,48
WEL001977,2022-10-09,123348.04,Corrosion,16
REF002443,2018-08-01,143096.19,Valve Leak,12
REF001424,2020-12-02,182109.01,Valve Leak,103
REF000046,2023-06-24,68215.78,Corrosion,49
REF001075,2021-04-08,89071.16,Corrosion,114
PIP002709,2018-06-18,166623.35,Electrical Fault,34
WEL000803,2020-12-12,97232.9,Pump Failure,30
WEL000556,2022-09-19,22578.94,Overheating,48
PIP001298,2023-08-11,186856.13,Corrosion,37
WEL002541,2018-10-27,115907.84,Overheating,51
REF000006,2020-06-15,106357.36,Valve Leak,116
PIP000940,2022-12-19,82018.26,Electrical Fault,38
PIP002169,2023-08-10,147548.12,Overheating,107
REF000785,2020-04-17,76048.91,Overheating,82
REF002098,2023-09-30,33065.67,Pump Failure,73
WEL000957,2022-10-15,25501.08,Overheating,20
WEL001497,2020-07-05,51204.61,Valve Leak,85
PIP001175,2023-01-30,15802.83,Overheating,35
WEL000565,2021-11-10,24714.8,Corrosion,113
REF001685,2021-08-24,139534.84,Valve Leak,86
REF002323,2021-01-27,83414.95,Pump Failure,5
WEL001852,2021-05-10,96106.32,Overheating,54
REF000078,2021-07-26,177498.23,Valve Leak,13
WEL002620,2022-10-11,81845.51,Valve Leak,68
REF001385,2024-06-29,101356.19,Overheating,113
REF002968,2018-01-24,194483.18,Pump Failure,61
WEL001741,2019-11-26,115819.39,Overheating,18
WEL002278,2018-03-13,152018.56,Electrical Fault,35
WEL002572,2023-01-29,73059.59,Overheating,72
WEL000358,2020-02-21,145905.18,Pump Failure,82
REF001321,2022-01-11,194326.02,Valve Leak,91
PIP002268,2019-06-13,158575.89,Pump Failure,114
WEL001415,2023-03-02,145826.41,Pump Failure,47
WEL001376,2020-01-17,157505.68,Overheating,14
PIP000367,2018-01-28,188400.02,Overheating,17
REF002967,2021-02-12,110941.93,Valve Leak,83
WEL000389,2021-10-21,164660.92,Pump Failure,60
WEL002134,2020-07-03,175687.08,Corrosion,3
REF000978,2021-05-19,68444.5,Valve Leak,89
REF000581,2020-09-10,126987.38,Electrical Fault,64
PIP002013,2021-06-21,147516.69,Corrosion,70
REF002520,2020-11-14,130352.99,Corrosion,97
PIP000598,2019-10-11,129801.75,Electrical Fault,67
PIP001199,2022-12-17,11081.03,Valve Leak,86
REF000216,2023-05-05,197218.46,Corrosion,74
REF001489,2020-01-04,118648.98,Electrical Fault,97
WEL001293,2023-08-25,136397.94,Pump Failure,63
WEL000992,2020-12-12,135623.33,Valve Leak,44
WEL000494,2019-11-04,30586.78,Electrical Fault,107
PIP002819,2021-05-15,92396.06,Valve Leak,110
WEL002417,2019-05-03,5631.12,Overheating,95
WEL000581,2024-09-15,89999.07,Corrosion,109
WEL002897,2023-09-01,37167.19,Corrosion,67
PIP002574,2021-09-19,173604.45,Pump Failure,111
PIP000444,2021-05-01,193478.7,Corrosion,73
REF001361,2023-03-28,110147.57,Pump Failure,69
PIP000597,2019-06-11,12412.36,Corrosion,22
WEL001196,2021-08-26,92557.0,Electrical Fault,60
WEL000280,2022-10-22,43132.49,Valve Leak,19
PIP001463,2023-10-30,88583.49,Corrosion,70
REF002517,2020-03-29,145215.5,Overheating,5
PIP002470,2020-09-06,127754.71,Valve Leak,86
REF000262,2019-01-31,188512.93,Corrosion,94
PIP001474,2019-10-27,130892.56,Valve Leak,107
WEL002258,2019-05-20,62211.95,Pump Failure,30
REF000630,2023-12-05,35864.77,Electrical Fault,76
PIP000578,2020-07-20,92791.27,Pump Failure,40
WEL000820,2018-08-31,178702.15,Electrical Fault,108
REF002107,2021-12-20,165921.48,Valve Leak,106
WEL000046,2020-10-12,122762.83,Corrosion,74
REF002044,2020-05-10,155349.3,Electrical Fault,108
REF000521,2018-02-14,44975.98,Electrical Fault,32
PIP000827,2019-07-29,148257.98,Valve Leak,43
PIP001736,2019-06-15,139329.34,Corrosion,82
REF001567,2021-05-02,94578.19,Corrosion,10
PIP002588,2019-10-15,91294.02,Corrosion,110
PIP000125,2022-06-08,30131.05,Corrosion,13
WEL002159,2024-11-15,99475.88,Valve Leak,109
WEL000194,2021-10-25,101341.39,Pump Failure,29
WEL001329,2023-12-07,24782.42,Overheating,119
REF000236,2018-02-12,123120.91,Valve Leak,54
WEL001593,2018-04-08,73350.85,Pump Failure,43
PIP002527,2021-11-11,68598.36,Overheating,119
REF001386,2021-11-26,140172.39,Overheating,55
WEL002345,2019-04-24,122490.47,Pump Failure,101
REF000027,2022-11-10,193402.59,Electrical Fault,70
REF000040,2023-05-03,38264.58,Pump Failure,29
PIP001840,2024-05-12,92829.6,Corrosion,52
WEL001304,2019-09-10,114966.73,Pump Failure,20
REF001743,2020-03-28,196828.76,Electrical Fault,86
REF000311,2024-05-12,121969.02,Valve Leak,70
REF002877,2021-11-01,79182.49,Pump Failure,81
WEL000009,2023-01-29,180930.96,Electrical Fault,20
PIP001519,2022-06-16,4862.34,Corrosion,26
PIP002277,2020-01-05,29329.69,Overheating,110
PIP002227,2019-05-21,19860.47,Electrical Fault,26
PIP000997,2021-02-17,89686.08,Corrosion,108
REF001171,2019-09-28,171458.94,Pump Failure,82
PIP001842,2019-01-22,153626.1,Valve Leak,102
WEL002536,2019-03-29,8868.89,Overheating,84
PIP001041,2023-02-26,87401.7,Overheating,81
REF001418,2021-08-20,150560.51,Valve Leak,9
REF000254,2020-07-15,64596.33,Valve Leak,30
WEL000767,2020-03-24,10021.65,Corrosion,26
PIP002633,2021-10-05,103533.69,Pump Failure,107
WEL002560,2023-01-07,91406.04,Overheating,79
REF002358,2024-03-14,160902.1,Pump Failure,41
REF002093,2018-01-06,46306.44,Overheating,42
REF002238,2022-12-22,39122.03,Valve Leak,107
WEL002988,2021-03-25,101267.04,Valve Leak,98
WEL001781,2021-03-24,127715.75,Electrical Fault,59
WEL000012,2023-09-15,171639.09,Overheating,101
REF002593,2020-03-16,125036.81,Pump Failure,92
WEL001096,2021-12-08,28947.83,Pump Failure,66
WEL000251,2018-04-17,26067.24,Electrical Fault,11
WEL001189,2018-10-24,64423.44,Corrosion,17
PIP000808,2024-12-14,56095.37,Pump Failure,59
PIP002185,2018-04-01,154254.13,Corrosion,48
REF002811,2023-10-16,133029.76,Corrosion,50
REF000311,2022-11-29,57888.99,Valve Leak,55
REF000535,2019-02-08,109526.76,Overheating,36
REF000108,2024-03-14,165735.38,Valve Leak,48
WEL001564,2019-11-24,142696.07,Corrosion,99
WEL001813,2021-02-24,109213.88,Overheating,76
REF000226,2021-06-25,44446.63,Valve Leak,8
REF000218,2020-03-23,105273.26,Valve Leak,67
REF001926,2019-10-24,62213.67,Overheating,52
REF000484,2023-03-01,104407.32,Pump Failure,100
WEL002851,2024-10-20,115391.1,Corrosion,70
WEL001301,2020-09-12,138038.89,Corrosion,46
REF000808,2018-05-28,24148.66,Overheating,5
WEL002389,2019-12-12,148800.32,Valve Leak,30
PIP002039,2020-02-19,142634.87,Overheating,30
WEL000706,2023-10-20,87152.94,Electrical Fault,115
WEL001752,2024-06-07,20232.83,Valve Leak,48
REF000939,2019-01-06,150573.76,Corrosion,83
REF001944,2021-10-12,89896.19,Pump Failure,59
REF001638,2023-12-04,149669.0,Valve Leak,88
WEL002687,2023-04-14,1821.45,Corrosion,111
REF002825,2022-06-10,126522.58,Overheating,25
PIP000897,2021-10-28,57498.16,Overheating,42
WEL001661,2019-01-01,131019.53,Electrical Fault,85
PIP002087,2023-08-06,169894.03,Electrical Fault,27
REF001500,2023-07-08,165002.37,Pump Failure,101
WEL001576,2018-11-11,134165.02,Valve Leak,62
WEL001473,2023-03-29,38800.28,Electrical Fault,81
PIP002804,2020-08-19,165641.2,Electrical Fault,33
REF002069,2023-09-20,159198.72,Overheating,13
REF001484,2023-02-08,127268.42,Valve Leak,5
WEL000056,2018-11-01,41608.55,Pump Failure,111
PIP001900,2020-03-03,98347.74,Corrosion,14
WEL000753,2019-12-10,1696.61,Electrical Fault,32
PIP001970,2022-10-12,87814.49,Pump Failure,94
WEL002330,2020-12-12,48640.52,Corrosion,44
REF001482,2022-02-02,30307.92,Valve Leak,32
PIP002592,2022-01-30,149076.08,Corrosion,4
PIP000954,2024-03-12,189699.43,Corrosion,87
PIP000672,2018-04-28,39950.47,Overheating,87
WEL001322,2021-02-20,55169.32,Electrical Fault,28
REF002535,2019-08-16,67126.06,Electrical Fault,13
WEL002532,2020-09-06,134005.83,Corrosion,38
REF001119,2023-11-23,44250.7,Corrosion,82
REF000492,2024-03-04,114348.78,Overheating,116
WEL002832,2020-10-19,92159.91,Corrosion,44
PIP000603,2019-09-26,182860.62,Corrosion,111
WEL001584,2021-03-12,9118.2,Valve Leak,18
PIP000150,2019-10-22,173823.07,Overheating,93
PIP000122,2019-06-04,99060.48,Overheating,106
REF001525,2020-05-21,90973.21,Valve Leak,57
PIP002178,2020-02-01,174274.42,Pump Failure,11
REF001075,2022-04-08,115932.22,Corrosion,109
REF000738,2020-07-09,106088.09,Corrosion,27
REF002611,2020-05-06,128381.49,Pump Failure,49
REF000609,2024-02-13,5006.48,Pump Failure,12
PIP002888,2023-10-19,114893.9,Corrosion,42
PIP000833,2019-12-22,126247.81,Corrosion,99
PIP002421,2020-09-07,151995.06,Overheating,86
PIP002229,2021-07-28,131750.68,Corrosion,76
PIP001910,2024-02-21,198084.34,Valve Leak,43
WEL001360,2022-05-04,143217.41,Electrical Fault,47
WEL002939,2018-04-19,115844.09,Valve Leak,38
WEL002181,2022-07-02,58191.67,Corrosion,55
WEL000915,2022-08-12,84317.36,Pump Failure,20
WEL001986,2021-03-10,3476.46,Valve Leak,50
WEL000999,2022-03-01,149433.23,Valve Leak,44
REF000837,2021-11-02,92386.96,Electrical Fault,92
WEL000901,2019-06-15,125995.11,Overheating,58
WEL002829,2018-07-31,107943.64,Overheating,48
REF000900,2022-09-25,133035.2,Valve Leak,108
PIP002454,2018-06-03,172786.59,Overheating,34
PIP001703,2024-03-26,21723.28,Valve Leak,60
WEL000104,2021-10-05,197246.26,Corrosion,55
WEL001076,2020-11-19,19389.84,Corrosion,35
WEL001916,2018-08-09,170231.79,Overheating,119
PIP000949,2019-06-08,13374.53,Pump Failure,14
WEL001719,2021-05-25,109001.58,Valve Leak,42
PIP000633,2019-05-06,150583.95,Pump Failure,14
WEL000792,2023-05-17,184215.04,Overheating,22
WEL002486,2021-04-26,109688.41,Pump Failure,29
PIP001637,2019-09-11,172550.71,Electrical Fault,75
REF000233,2022-01-18,41168.97,Corrosion,87
WEL001630,2021-05-05,66735.82,Electrical Fault,74
WEL001534,2024-07-05,28128.96,Valve Leak,26
WEL002551,2024-12-08,16786.91,Valve Leak,119
WEL001288,2024-08-17,58753.55,Corrosion,93
REF001838,2022-01-11,92841.49,Overheating,25
WEL002441,2022-03-09,153619.96,Overheating,27
REF000923,2018-08-15,119906.06,Valve Leak,69
PIP001940,2024-08-25,132441.25,Pump Failure,24
WEL002038,2019-04-05,67097.4,Overheating,94
REF000468,2018-07-05,68594.75,Corrosion,71
REF002477,2020-06-16,179866.56,Valve Leak,109
PIP001306,2022-11-14,148739.95,Corrosion,41
REF002293,2020-03-25,48231.03,Electrical Fault,118
PIP002441,2019-10-24,100481.11,Valve Leak,3
PIP002589,2022-10-05,86143.79,Electrical Fault,82
REF000087,2021-07-08,139747.89,Overheating,62
PIP002001,2019-10-27,15107.43,Pump Failure,103
WEL000664,2019-03-21,143901.43,Electrical Fault,100
WEL000436,2021-12-16,21343.36,Pump Failure,96
REF002168,2019-12-02,136625.41,Valve Leak,35
REF001620,2020-02-28,123479.67,Corrosion,41
PIP000846,2022-08-05,19904.29,Pump Failure,20
REF000113,2021-05-10,98115.18,Valve Leak,104
REF001690,2020-08-27,153297.66,Electrical Fault,75
WEL000897,2018-03-11,184389.48,Pump Failure,82
REF000601,2023-06-20,106264.07,Valve Leak,119
REF001280,2024-09-28,32007.52,Pump Failure,43
REF000886,2018-07-09,46987.04,Electrical Fault,91
PIP000796,2020-02-02,159589.44,Overheating,11
WEL001743,2022-09-04,95331.48,Pump Failure,57
WEL000725,2021-10-07,148294.06,Overheating,8
REF001904,2021-08-17,142262.33,Corrosion,72
WEL001164,2018-09-29,102403.63,Overheating,8
WEL002492,2023-10-25,183365.29,Overheating,103
REF000060,2022-05-03,41633.41,Pump Failure,33
WEL002446,2020-08-07,89809.8,Corrosion,32
WEL000656,2018-05-01,193673.45,Pump Failure,93
PIP000163,2023-05-19,123338.91,Overheating,37
REF000153,2020-04-18,188810.01,Electrical Fault,25
PIP000800,2018-05-12,79150.65,Pump Failure,2
REF001825,2021-03-02,136124.07,Valve Leak,9
REF001461,2023-07-22,36750.22,Corrosion,44
PIP001231,2021-10-18,9418.57,Pump Failure,6
REF000087,2024-03-02,156703.02,Valve Leak,103
WEL000427,2023-09-15,12791.83,Overheating,47
REF001921,2024-03-07,183088.45,Electrical Fault,119
WEL000740,2020-07-25,51742.73,Pump Failure,69
REF001918,2018-12-27,103029.52,Pump Failure,31
REF002444,2021-12-13,81105.32,Pump Failure,49
WEL001935,2022-09-13,185596.52,Electrical Fault,94
WEL001490,2021-12-21,108000.1,Valve Leak,32
WEL001249,2022-09-01,169852.29,Corrosion,63
REF002115,2023-10-30,89691.72,Pump Failure,31
WEL001473,2024-03-23,62432.39,Pump Failure,42
WEL000430,2023-03-25,158276.25,Electrical Fault,16
REF000293,2023-01-01,199632.65,Pump Failure,119
PIP001168,2024-09-29,122515.4,Valve Leak,67
REF001971,2020-10-01,151513.9,Corrosion,93
PIP000555,2018-02-25,82739.46,Electrical Fault,105
REF001788,2021-04-19,151662.22,Overheating,60
PIP002670,2020-07-12,61849.59,Corrosion,107
REF002650,2019-12-21,40543.02,Pump Failure,35
WEL001788,2024-10-04,187501.54,Valve Leak,73
WEL000813,2022-07-23,120329.7,Electrical Fault,105
REF000583,2021-09-21,7693.43,Electrical Fault,27
WEL002148,2018-06-16,117879.3,Electrical Fault,25
WEL001178,2021-01-29,15238.16,Corrosion,43
PIP001055,2024-12-20,1484.32,Pump Failure,42
REF001330,2021-02-22,27822.69,Corrosion,113
REF002045,2023-03-16,194811.3,Corrosion,28
PIP000322,2018-12-18,168169.17,Corrosion,48
REF000236,2018-10-05,167048.07,Valve Leak,31
WEL000384,2022-09-05,191840.13,Corrosion,23
REF002561,2023-04-02,115080.31,Corrosion,119
WEL002197,2020-04-23,120725.78,Valve Leak,117
REF000976,2022-07-31,6891.63,Valve Leak,93
REF000808,2018-05-23,15280.84,Valve Leak,14
WEL001296,2021-05-02,109334.37,Overheating,100
WEL001228,2024-04-04,69418.1,Valve Leak,37
REF001742,2021-06-07,16294.54,Electrical Fault,64
PIP002272,2024-09-15,107781.64,Valve Leak,35
WEL002013,2019-07-14,52950.94,Overheating,118
PIP002985,2019-04-22,70913.17,Valve Leak,105
REF001720,2023-09-17,79253.44,Pump Failure,94
WEL001899,2023-05-02,114633.76,Overheating,13
PIP001164,2021-05-11,128470.36,Valve Leak,43
PIP000463,2022-09-26,147320.08,Overheating,10
REF001353,2019-07-02,59775.12,Overheating,38
REF000070,2021-06-17,67046.73,Electrical Fault,107
PIP002791,2021-08-29,12737.92,Electrical Fault,110
PIP002640,2020-08-26,94093.73,Overheating,61
REF001061,2023-04-21,32454.76,Pump Failure,15
WEL000375,2018-05-02,19901.7,Valve Leak,114
WEL002645,2024-02-23,121591.53,Overheating,96
WEL001974,2021-01-20,170792.53,Overheating,76
REF001029,2023-09-10,76738.71,Pump Failure,67
PIP001765,2018-03-27,25031.19,Valve Leak,50
PIP001442,2019-05-22,174534.11,Corrosion,65
REF002206,2023-12-18,50477.08,Valve Leak,25
PIP001252,2020-01-30,99785.39,Electrical Fault,58
WEL002187,2019-03-18,131919.77,Pump Failure,5
WEL000918,2023-05-20,49091.56,Corrosion,113
PIP000377,2020-02-25,90574.2,Valve Leak,71
PIP001633,2022-02-06,131611.19,Valve Leak,80
WEL002590,2023-09-02,180267.11,Valve Leak,78
WEL001011,2024-07-25,101675.95,Overheating,9
REF002867,2021-11-24,136156.96,Valve Leak,72
REF000351,2019-03-05,109471.37,Overheating,40
PIP001463,2018-11-21,82483.34,Pump Failure,101
REF001328,2021-12-20,188388.73,Pump Failure,77
WEL002055,2018-03-13,191311.1,Corrosion,40
WEL002781,2019-02-13,101260.18,Pump Failure,33
WEL000571,2024-03-17,3421.74,Pump Failure,47
WEL001782,2023-05-03,92263.01,Valve Leak,39
WEL000044,2021-12-27,5341.67,Valve Leak,29
REF002660,2020-02-15,109150.93,Electrical Fault,96
REF002434,2021-10-06,169209.87,Valve Leak,26
WEL000690,2020-08-18,44509.51,Corrosion,110
WEL000827,2018-04-10,5532.91,Overheating,43
WEL001476,2018-07-13,140941.53,Valve Leak,117
PIP000515,2020-11-11,82542.94,Pump Failure,2
PIP002106,2022-01-11,199417.98,Valve Leak,68
PIP001881,2018-03-10,116325.38,Pump Failure,72
PIP000137,2024-02-17,144770.67,Corrosion,56
REF000575,2020-02-14,63874.42,Overheating,36
PIP002469,2020-01-01,116843.99,Electrical Fault,6
PIP001997,2018-04-11,128586.35,Overheating,12
PIP000373,2018-10-14,150772.86,Corrosion,100
REF002332,2020-12-13,132341.16,Overheating,35
WEL000309,2024-07-13,3506.42,Pump Failure,16
PIP001247,2021-03-13,28605.9,Overheating,79
WEL002137,2018-12-13,120935.67,Valve Leak,63
WEL000302,2021-03-16,184317.48,Pump Failure,101
REF001502,2018-08-10,57825.45,Pump Failure,25
PIP002125,2024-07-17,22436.21,Pump Failure,96
PIP002669,2022-05-11,8874.76,Corrosion,47
PIP002951,2022-08-06,116593.94,Pump Failure,97
REF001170,2021-02-10,85041.8,Corrosion,6
WEL000670,2020-10-31,22880.91,Overheating,37
REF000247,2022-02-11,128139.43,Overheating,67
WEL001099,2019-11-18,122227.27,Pump Failure,21
WEL001076,2018-07-31,154751.52,Corrosion,82
REF001480,2022-05-16,4933.38,Pump Failure,46
REF001585,2020-01-16,46758.94,Valve Leak,35
REF001648,2022-09-27,59044.26,Corrosion,17
PIP001643,2022-12-28,90163.28,Valve Leak,42
REF002734,2022-09-17,90009.38,Valve Leak,81
REF000619,2023-06-25,150280.91,Overheating,62
REF002913,2024-10-19,86547.36,Pump Failure,18
PIP000948,2024-04-19,160078.95,Valve Leak,4
REF000212,2018-06-02,21936.87,Overheating,4
PIP001230,2020-10-23,87539.91,Electrical Fault,117
REF002020,2022-12-12,156387.6,Corrosion,109
WEL001298,2021-12-04,44378.64,Overheating,58
REF001306,2020-09-21,52359.0,Electrical Fault,59
REF001346,2022-05-12,19985.47,Corrosion,50
REF002658,2019-09-07,127109.62,Overheating,52
REF000181,2020-10-14,100807.45,Overheating,57
WEL002925,2018-03-03,144635.65,Pump Failure,23
PIP002461,2022-06-14,22628.15,Valve Leak,99
REF001266,2024-05-07,60017.58,Electrical Fault,86
WEL002263,2023-08-17,131709.16,Valve Leak,35
WEL000435,2023-08-17,122136.94,Valve Leak,37
WEL000526,2024-05-30,14293.98,Overheating,117
WEL001208,2019-11-18,22987.51,Pump Failure,60
REF001311,2019-11-30,31820.35,Corrosion,27
REF001833,2022-10-17,85811.7,Valve Leak,119
PIP000620,2021-03-21,126541.84,Electrical Fault,88
REF000837,2019-01-14,37008.95,Valve Leak,92
WEL000039,2023-07-19,64508.08,Pump Failure,112
REF000221,2018-07-11,46238.21,Pump Failure,82
PIP000313,2019-10-13,167437.67,Pump Failure,102
PIP000902,2021-05-19,170683.12,Pump Failure,26
REF002923,2023-09-20,69123.87,Overheating,40
WEL002546,2018-05-12,22902.13,Valve Leak,25
PIP000413,2018-07-16,90639.2,Overheating,112
REF002397,2021-05-17,53617.25,Valve Leak,102
WEL002732,2022-02-09,22485.81,Corrosion,95
PIP000775,2022-03-01,98148.9,Electrical Fault,1
PIP002710,2022-05-03,51097.63,Valve Leak,47
REF000371,2020-01-28,159225.19,Electrical Fault,76
REF001609,2018-02-11,194806.57,Valve Leak,72
WEL000585,2022-03-11,104018.94,Overheating,44
WEL000269,2022-08-22,73206.64,Electrical Fault,21
REF000825,2023-12-11,131449.4,Corrosion,81
PIP001203,2024-04-03,20513.61,Pump Failure,100
WEL000019,2023-10-01,183488.86,Overheating,52
WEL000921,2024-12-09,171373.41,Valve Leak,86
PIP001680,2019-06-18,104001.12,Electrical Fault,99
PIP001555,2022-03-01,4726.41,Overheating,30
REF002490,2019-01-15,91116.25,Overheating,51
REF001312,2023-05-16,116252.74,Pump Failure,33
WEL001161,2018-03-31,198941.01,Electrical Fault,10
PIP000216,2019-11-18,80931.36,Overheating,19
WEL001656,2021-12-24,59973.96,Valve Leak,25
REF000072,2018-12-02,178482.86,Overheating,14
PIP002962,2019-06-11,72608.47,Pump Failure,55
WEL000485,2019-03-01,144987.82,Corrosion,95
PIP000913,2021-11-09,138051.56,Valve Leak,10
PIP002010,2023-09-19,54793.12,Corrosion,115
PIP000057,2021-08-19,134919.91,Overheating,111
PIP000799,2022-01-08,81261.35,Corrosion,113
WEL002992,2020-06-18,140292.53,Corrosion,50
PIP001348,2020-04-25,185054.54,Pump Failure,91
REF002073,2020-11-16,37952.71,Valve Leak,33
PIP000891,2022-07-07,35513.4,Overheating,51
PIP000493,2020-10-07,52167.82,Electrical Fault,41
PIP001013,2022-03-12,34244.32,Valve Leak,8
REF002957,2018-11-12,144422.89,Overheating,74
REF002767,2023-09-04,75878.02,Overheating,62
WEL001439,2019-03-31,99081.9,Corrosion,3
WEL002991,2024-06-18,167001.97,Corrosion,32
REF001061,2018-11-18,106306.6,Electrical Fault,76
REF001495,2018-10-20,183857.63,Overheating,117
REF002314,2022-06-07,192056.65,Corrosion,70
REF000865,2024-01-15,176637.04,Pump Failure,70
PIP002479,2018-04-05,83815.22,Overheating,68
PIP002412,2023-11-20,156859.6,Pump Failure,36
PIP000970,2020-05-05,171436.12,Electrical Fault,48
PIP002341,2024-12-24,176444.45,Corrosion,10
WEL002513,2021-06-23,190447.35,Valve Leak,3
WEL001625,2020-04-03,110747.45,Overheating,110
WEL000044,2023-03-01,180046.23,Valve Leak,3
WEL002456,2018-11-16,103025.66,Pump Failure,77
WEL000075,2022-03-15,23584.11,Overheating,65
WEL000160,2020-02-10,52223.97,Overheating,91
WEL001354,2019-11-20,158398.63,Valve Leak,118
REF002685,2018-03-05,192379.9,Overheating,6
PIP000002,2019-08-23,103404.89,Overheating,42
REF000900,2018-05-20,13820.55,Electrical Fault,64
PIP000581,2022-04-24,55337.49,Electrical Fault,66
REF001961,2023-06-26,120312.7,Corrosion,75
WEL002552,2024-08-20,28225.42,Pump Failure,83
WEL000843,2018-01-22,106550.67,Pump Failure,50
WEL000946,2022-10-21,176966.5,Overheating,27
PIP001290,2024-04-02,110497.27,Corrosion,73
PIP001323,2021-08-30,26755.61,Overheating,94
PIP000616,2021-12-12,127216.03,Overheating,36
WEL000887,2024-02-20,48317.93,Overheating,20
WEL002213,2018-07-05,133049.69,Pump Failure,63
REF002637,2019-10-21,64423.58,Pump Failure,39
PIP002589,2024-02-23,93711.08,Pump Failure,77
PIP000660,2023-11-15,165469.81,Corrosion,40
PIP002876,2023-12-28,41942.06,Corrosion,59
PIP001087,2024-10-13,154934.39,Electrical Fault,105
PIP000405,2021-05-15,75163.81,Valve Leak,111
REF000435,2023-09-02,81288.33,Overheating,2
REF000393,2022-11-29,49777.18,Electrical Fault,111
REF002388,2023-08-14,6106.63,Overheating,5
REF000322,2024-10-14,190566.79,Corrosion,52
PIP001853,2021-11-02,132844.72,Electrical Fault,92
PIP001892,2023-03-24,43259.86,Overheating,100
PIP002601,2021-01-09,109767.97,Corrosion,43
REF001528,2019-03-02,135937.58,Pump Failure,8
WEL001007,2024-01-17,193613.61,Electrical Fault,25
WEL002858,2019-06-22,46323.54,Electrical Fault,9
WEL000860,2022-09-18,147024.78,Corrosion,7
WEL002760,2019-02-21,18554.06,Overheating,87
WEL001029,2024-06-04,86402.66,Electrical Fault,66
WEL002732,2020-02-15,92654.38,Overheating,17
PIP001778,2018-12-27,175499.07,Corrosion,49
WEL000136,2023-02-07,117587.46,Valve Leak,21
PIP002343,2024-10-16,150705.48,Overheating,82
REF000019,2018-01-20,151039.84,Pump Failure,105
WEL002189,2018-06-26,153731.33,Pump Failure,114
REF000743,2018-06-18,14235.99,Overheating,4
PIP000260,2018-07-06,109542.91,Pump Failure,63
REF001599,2020-10-20,146263.08,Electrical Fault,114
PIP001437,2023-04-25,143888.85,Overheating,84
PIP002010,2018-06-08,61662.23,Valve Leak,106
PIP002001,2023-12-03,73766.93,Valve Leak,25
REF001672,2023-10-02,91892.56,Overheating,110
PIP000215,2023-02-23,148073.75,Overheating,77
WEL000838,2018-05-08,87529.73,Valve Leak,21
PIP003000,2018-04-28,71551.41,Electrical Fault,9
PIP002033,2019-01-21,112672.07,Pump Failure,57
WEL000803,2021-10-20,14602.0,Electrical Fault,33
WEL000510,2018-05-12,100605.43,Electrical Fault,15
WEL001896,2024-07-28,61686.03,Overheating,64
REF002439,2021-06-17,121578.2,Corrosion,102
REF000363,2024-06-29,100318.73,Electrical Fault,7
PIP000715,2021-03-21,131480.19,Electrical Fault,82
REF001861,2019-06-12,111001.62,Overheating,61
REF000417,2021-08-24,16211.71,Corrosion,82
PIP002370,2020-06-07,77662.98,Corrosion,14
REF001171,2021-10-11,52638.33,Pump Failure,52
PIP000243,2023-05-27,20430.5,Corrosion,106
PIP001681,2024-04-13,42005.3,Pump Failure,6
WEL001828,2023-09-18,36419.01,Pump Failure,45
REF002876,2022-01-11,146446.45,Pump Failure,108
REF002758,2018-03-26,114470.41,Corrosion,107
WEL000412,2022-05-26,77697.79,Overheating,111
PIP001601,2018-08-10,107294.72,Electrical Fault,76
WEL002474,2023-02-27,29539.4,Corrosion,71
REF001688,2018-04-04,175343.47,Electrical Fault,14
REF002632,2018-08-02,90553.18,Valve Leak,64
PIP001349,2021-01-09,98060.69,Electrical Fault,46
PIP000824,2024-01-12,52496.88,Corrosion,116
REF001859,2021-08-30,186189.04,Electrical Fault,102
WEL000736,2018-01-30,67720.34,Valve Leak,94
WEL001450,2023-04-23,122377.91,Pump Failure,118
REF002441,2023-05-09,179290.19,Valve Leak,53
PIP001474,2022-04-20,48213.64,Electrical Fault,65
WEL000229,2018-10-14,155833.93,Electrical Fault,21
REF002034,2022-10-25,76054.46,Valve Leak,32
PIP000329,2021-09-28,195683.48,Overheating,35
REF002898,2018-12-29,61905.2,Pump Failure,32
PIP002692,2018-07-13,24481.74,Electrical Fault,20
WEL002156,2021-09-18,123071.39,Corrosion,59
WEL001557,2023-10-09,94836.78,Valve Leak,102
REF002892,2020-08-25,5968.28,Valve Leak,119
REF002179,2019-03-18,94430.11,Overheating,93
PIP001683,2021-11-29,193154.71,Electrical Fault,118
PIP002792,2023-02-11,135649.64,Overheating,15
WEL002683,2023-06-05,183249.7,Valve Leak,80
WEL002539,2023-05-10,94104.03,Overheating,117
REF002795,2022-10-01,197652.34,Corrosion,7
PIP000364,2020-06-25,55715.87,Electrical Fault,19
WEL002353,2020-07-26,113381.09,Valve Leak,89
REF000340,2018-09-07,165671.27,Valve Leak,112
WEL001353,2020-05-19,163523.42,Overheating,69
REF000472,2023-05-06,131407.5,Valve Leak,38
WEL001548,2024-09-28,115337.04,Corrosion,56
WEL000494,2023-06-11,196338.67,Valve Leak,7
PIP001342,2018-03-24,20674.12,Electrical Fault,15
WEL001724,2020-12-31,195258.33,Pump Failure,107
PIP002303,2024-04-25,184394.42,Pump Failure,58
WEL002921,2018-02-09,194928.09,Valve Leak,20
REF001203,2024-03-20,138798.79,Overheating,79
PIP000807,2019-09-18,153138.46,Pump Failure,99
PIP000227,2018-07-18,27184.22,Electrical Fault,27
PIP001559,2023-04-27,183413.64,Valve Leak,81
WEL001334,2022-04-01,31356.55,Valve Leak,98
WEL001453,2024-09-09,128559.05,Overheating,58
REF000741,2023-10-17,110216.09,Corrosion,26
REF001911,2019-12-30,114352.23,Corrosion,57
REF001794,2024-08-04,167773.04,Electrical Fault,59
REF002888,2019-08-21,80302.61,Electrical Fault,28
REF001204,2019-11-27,191881.63,Pump Failure,79
WEL002352,2018-05-19,191748.29,Valve Leak,43
PIP001280,2021-12-22,186987.19,Corrosion,5
PIP000493,2021-02-14,167384.5,Valve Leak,101
REF002359,2020-11-28,142858.11,Overheating,84
REF001722,2024-07-17,180008.56,Corrosion,112
WEL002127,2021-03-07,81536.5,Overheating,19
PIP002950,2019-10-31,26146.53,Overheating,63
REF002365,2020-03-27,127214.02,Overheating,15
REF001186,2018-03-13,19925.77,Corrosion,85
WEL002753,2019-05-28,188360.89,Corrosion,37
WEL001499,2018-06-02,65882.52,Electrical Fault,2
REF000036,2023-12-12,89770.97,Pump Failure,20
PIP002640,2020-10-11,153053.02,Pump Failure,9
WEL002501,2020-06-25,28521.31,Electrical Fault,52
REF002596,2023-01-28,122666.87,Overheating,41
PIP002372,2023-06-24,153513.0,Corrosion,98
REF000750,2023-09-30,139971.22,Valve Leak,43
WEL000330,2019-01-15,5602.26,Electrical Fault,82
PIP002371,2022-10-29,171473.06,Pump Failure,89
WEL002824,2019-03-19,41945.61,Electrical Fault,22
WEL002022,2019-08-23,66511.28,Electrical Fault,77
PIP000647,2020-12-22,122691.76,Pump Failure,66
PIP000862,2022-06-15,15579.36,Pump Failure,55
REF001971,2021-04-23,68897.92,Valve Leak,59
REF001366,2019-10-23,194239.03,Corrosion,94
WEL002032,2018-10-16,142519.13,Electrical Fault,40
PIP000474,2024-06-20,59595.75,Pump Failure,30
WEL001510,2022-09-21,44104.9,Overheating,87
REF001816,2023-11-03,54187.31,Corrosion,8
PIP000472,2021-10-19,129066.71,Valve Leak,56
WEL000773,2024-07-30,19636.35,Overheating,36
WEL002927,2019-10-25,115351.99,Overheating,51
WEL002850,2024-05-29,195763.37,Pump Failure,71
WEL001728,2018-11-23,199870.79,Pump Failure,80
PIP001792,2018-02-03,143739.7,Valve Leak,96
WEL001178,2020-05-07,9189.57,Pump Failure,42
REF001791,2023-04-05,48133.33,Electrical Fault,72
REF001153,2023-10-24,26887.26,Pump Failure,71
PIP000053,2019-10-30,21832.7,Corrosion,28
REF000496,2024-12-22,145276.45,Electrical Fault,94
WEL002446,2019-03-20,18891.32,Electrical Fault,51
WEL002060,2023-02-26,191286.22,Electrical Fault,118
REF001381,2019-09-06,5675.71,Electrical Fault,31
WEL001680,2022-09-25,131850.26,Pump Failure,93
WEL000571,2020-12-24,17522.19,Overheating,65
WEL001218,2023-01-25,46560.46,Corrosion,25
REF002103,2024-11-25,52053.09,Corrosion,46
WEL002101,2024-02-24,12314.11,Pump Failure,76
REF002927,2021-03-17,10478.6,Valve Leak,94
WEL001072,2022-02-18,21039.54,Electrical Fault,48
WEL002236,2018-11-06,190558.54,Valve Leak,33
WEL002330,2023-07-13,99217.61,Corrosion,62
WEL000828,2024-02-21,160457.9,Overheating,43
WEL000935,2020-04-29,86751.64,Pump Failure,26
PIP001829,2021-10-07,140284.32,Valve Leak,64
PIP000098,2019-03-27,106273.07,Valve Leak,38
REF000104,2022-10-31,38019.31,Valve Leak,89
WEL000167,2019-11-29,8302.93,Valve Leak,20
WEL001497,2019-02-16,161422.6,Overheating,86
WEL000749,2024-09-29,56547.46,Pump Failure,16
REF000358,2018-01-29,71114.4,Electrical Fault,3
PIP001255,2024-12-06,179796.45,Valve Leak,28
WEL001554,2023-02-06,126123.25,Pump Failure,44
REF001199,2022-12-08,52682.77,Pump Failure,108
REF001052,2020-11-16,13608.34,Pump Failure,48
REF002569,2019-05-25,110790.96,Pump Failure,67
PIP000807,2019-02-02,183905.78,Overheating,10
WEL001030,2019-04-21,87494.28,Corrosion,88
WEL002437,2024-08-29,166046.47,Corrosion,82
WEL000131,2022-06-21,73676.04,Electrical Fault,37
REF002522,2020-03-08,105815.85,Corrosion,91
PIP000257,2022-06-21,45907.85,Corrosion,40
WEL000882,2021-11-19,141312.41,Corrosion,94
WEL002106,2022-03-16,197562.77,Pump Failure,25
PIP000398,2021-10-21,190389.62,Electrical Fault,108
REF002483,2020-10-14,8618.21,Pump Failure,93
WEL000216,2018-12-12,163932.74,Electrical Fault,28
WEL000835,2018-07-14,185389.11,Pump Failure,99
PIP001207,2024-10-12,125829.89,Overheating,36
PIP002744,2022-10-10,118922.5,Electrical Fault,61
WEL001190,2018-02-23,30778.14,Electrical Fault,41
PIP000079,2024-09-16,133369.02,Corrosion,102
PIP002784,2020-11-05,199210.16,Electrical Fault,38
REF001419,2021-01-14,29458.8,Corrosion,50
PIP000278,2022-09-29,94481.87,Electrical Fault,64
PIP002194,2024-05-28,151213.61,Corrosion,102
WEL001201,2020-05-14,23702.82,Valve Leak,112
PIP002842,2021-11-30,41243.55,Pump Failure,65
PIP002955,2021-08-07,36990.4,Overheating,92
REF001009,2020-02-19,104575.16,Electrical Fault,109
WEL002870,2019-07-27,95282.33,Pump Failure,99
WEL002987,2018-02-10,17853.22,Overheating,87
WEL002567,2019-04-10,73113.06,Electrical Fault,85
REF002882,2022-06-21,112302.55,Corrosion,59
REF001725,2023-07-10,41468.78,Overheating,17
WEL001320,2018-03-04,156854.68,Overheating,40
PIP000298,2023-12-12,60645.93,Valve Leak,6
REF000497,2019-09-05,151464.45,Valve Leak,56
REF001363,2019-02-05,186929.82,Valve Leak,106
WEL000244,2022-05-03,88950.14,Pump Failure,95
WEL000812,2022-05-28,141764.9,Electrical Fault,119
WEL000961,2022-03-21,162677.99,Overheating,65
REF002061,2022-07-21,107618.4,Electrical Fault,72
REF000828,2023-08-28,64081.96,Pump Failure,8
REF001712,2021-01-01,80426.82,Pump Failure,116
WEL001533,2024-07-18,119817.55,Pump Failure,35
PIP001549,2019-10-19,180187.95,Pump Failure,31
WEL002017,2021-03-04,70907.13,Electrical Fault,78
REF002890,2024-11-30,13939.1,Pump Failure,6
WEL000876,2023-11-07,54730.7,Electrical Fault,72
WEL000951,2019-03-21,149199.86,Pump Failure,88
WEL002049,2023-03-29,11017.12,Corrosion,33
WEL000633,2023-08-12,40263.83,Pump Failure,70
WEL002026,2018-12-02,36122.87,Valve Leak,93
PIP001558,2021-06-13,92852.03,Valve Leak,62
REF002503,2020-07-08,71913.69,Electrical Fault,6
PIP000821,2023-06-06,186997.62,Pump Failure,65
PIP002155,2022-09-29,159556.59,Pump Failure,18
WEL000511,2019-07-07,110688.4,Pump Failure,77
WEL001715,2019-03-16,130635.6,Pump Failure,66
PIP002604,2021-09-26,2925.43,Overheating,20
PIP002012,2019-08-31,163858.68,Pump Failure,75
WEL002952,2019-11-24,49256.11,Corrosion,46
REF002934,2020-12-08,129912.03,Corrosion,11
REF000801,2019-04-28,84079.63,Overheating,15
WEL001643,2024-07-18,35175.89,Pump Failure,44
PIP000822,2018-02-06,66537.24,Corrosion,97
WEL001013,2023-04-28,8096.85,Electrical Fault,26
PIP000127,2024-11-15,79110.89,Pump Failure,11
PIP000474,2022-05-08,28498.49,Valve Leak,52
REF000539,2019-04-25,35291.17,Pump Failure,116
WEL002514,2023-04-02,146850.82,Overheating,49
PIP001419,2018-07-14,69840.49,Corrosion,107
WEL000340,2021-01-21,128363.67,Corrosion,19
WEL000025,2021-01-24,12079.96,Valve Leak,60
PIP000584,2019-08-17,35041.36,Pump Failure,90
REF001440,2021-11-20,11427.8,Pump Failure,90
REF001717,2023-03-25,199214.15,Overheating,82
REF001133,2021-11-13,17231.67,Valve Leak,68
PIP000274,2023-08-26,194967.46,Pump Failure,98
REF001445,2020-03-22,140667.39,Valve Leak,114
PIP000029,2019-04-05,169506.88,Valve Leak,36
WEL002255,2020-10-31,15059.12,Electrical Fault,57
WEL000018,2021-02-22,113065.88,Electrical Fault,53
PIP002439,2018-03-27,182822.22,Valve Leak,69
PIP001573,2018-07-25,114636.42,Valve Leak,23
WEL001956,2024-04-15,124702.31,Valve Leak,26
WEL002008,2018-12-04,124849.65,Valve Leak,104
PIP001967,2024-12-02,190323.47,Corrosion,89
PIP000171,2023-08-09,136797.85,Corrosion,53
PIP002947,2024-08-04,37892.61,Pump Failure,87
WEL000633,2023-02-10,192937.34,Electrical Fault,36
PIP000483,2020-09-15,90647.96,Overheating,3
PIP002014,2023-11-16,85208.67,Corrosion,68
WEL000188,2022-04-11,39514.0,Pump Failure,38
REF000861,2019-10-14,132987.22,Electrical Fault,15
PIP002048,2024-06-21,73189.11,Valve Leak,16
WEL000654,2021-08-13,93703.12,Electrical Fault,104
REF002720,2018-04-09,107523.91,Valve Leak,16
WEL000059,2023-03-12,111520.52,Pump Failure,118
WEL002964,2018-09-04,116583.24,Overheating,67
REF002524,2019-08-17,33926.3,Electrical Fault,9
PIP000608,2022-02-02,79950.18,Overheating,61
REF002478,2018-12-05,74000.75,Pump Failure,68
PIP001314,2019-12-29,62621.5,Valve Leak,110
WEL002891,2018-12-08,197061.63,Pump Failure,82
PIP000471,2024-03-05,199651.28,Electrical Fault,42
WEL001794,2021-04-10,172843.9,Pump Failure,81
PIP000550,2024-09-18,113331.95,Pump Failure,73
WEL002159,2022-09-04,64204.7,Overheating,51
WEL000716,2018-08-29,136314.25,Electrical Fault,93
WEL001347,2022-06-11,144425.8,Valve Leak,79
PIP001590,2018-01-15,188084.62,Overheating,39
WEL002659,2019-09-18,174986.38,Valve Leak,71
PIP001171,2023-09-09,27699.34,Overheating,92
PIP000506,2021-04-18,189790.6,Electrical Fault,114
PIP001665,2024-07-27,52122.58,Valve Leak,68
WEL002656,2019-11-13,92306.48,Valve Leak,109
REF001177,2024-05-20,194021.34,Valve Leak,29
REF000455,2023-07-30,28062.91,Corrosion,20
PIP000213,2022-10-27,31646.25,Pump Failure,67
PIP002199,2019-11-25,156695.79,Corrosion,47
PIP002532,2019-11-16,37333.51,Valve Leak,103
PIP000676,2022-06-08,124650.28,Valve Leak,35
WEL001970,2021-12-28,149349.14,Overheating,59
WEL000078,2023-06-21,60881.28,Pump Failure,7
REF000594,2024-09-18,133394.33,Corrosion,91
REF000247,2022-05-31,16992.66,Pump Failure,105
REF001984,2020-01-14,198235.46,Overheating,39
REF000158,2018-12-11,94158.49,Electrical Fault,8
WEL001393,2018-02-12,198948.53,Valve Leak,22
WEL000308,2023-03-14,38473.35,Valve Leak,81
PIP001042,2023-10-09,70439.42,Overheating,78
PIP002755,2024-10-29,21342.0,Electrical Fault,23
REF002891,2024-11-27,97050.59,Pump Failure,100
REF000002,2018-10-01,47333.35,Electrical Fault,12
REF000589,2018-10-17,130080.72,Corrosion,55
PIP001588,2024-05-18,76554.68,Corrosion,102
REF002202,2022-05-06,162355.22,Electrical Fault,111
PIP002380,2021-06-12,102259.61,Valve Leak,83
REF000882,2021-10-21,109268.11,Overheating,26
PIP000649,2019-07-20,185620.18,Electrical Fault,13
REF001709,2021-06-17,188485.46,Electrical Fault,52
PIP002429,2018-05-30,159835.41,Valve Leak,39
PIP002295,2020-06-29,180392.32,Pump Failure,82
PIP001329,2022-08-18,4672.31,Overheating,65
WEL002210,2020-01-28,49235.04,Valve Leak,108
WEL000416,2024-04-28,54857.94,Valve Leak,21
PIP002093,2023-04-08,69840.82,Electrical Fault,109
WEL002030,2024-05-31,41036.24,Overheating,41
WEL000538,2020-05-31,129260.5,Overheating,76
REF000083,2019-07-24,194976.87,Corrosion,90
REF002271,2022-04-13,174247.4,Electrical Fault,44
PIP001515,2021-07-28,21808.63,Overheating,78
WEL000957,2023-02-27,129889.0,Corrosion,14
PIP001224,2024-01-05,62323.92,Electrical Fault,14
REF002739,2020-10-06,194403.35,Overheating,92
REF000387,2020-12-10,69803.83,Electrical Fault,53
PIP001500,2022-05-27,136722.29,Overheating,8
PIP002298,2023-10-05,74448.98,Corrosion,83
PIP001614,2022-12-29,111806.11,Electrical Fault,80
WEL002637,2018-02-05,33793.72,Pump Failure,11
WEL000978,2019-12-18,94768.2,Pump Failure,117
REF000537,2021-07-03,173416.18,Valve Leak,110
WEL002154,2023-07-08,90452.39,Valve Leak,22
REF002033,2020-05-29,2105.8,Valve Leak,18
REF002817,2020-07-18,94539.47,Pump Failure,108
WEL001919,2020-12-16,143815.8,Electrical Fault,100
REF000359,2018-01-15,146726.71,Overheating,21
WEL002901,2020-03-27,107665.8,Electrical Fault,119
WEL002011,2018-08-14,100976.42,Valve Leak,117
REF000674,2019-08-05,71162.38,Pump Failure,35
WEL002858,2024-05-31,129554.72,Corrosion,31
WEL002316,2024-02-02,32650.87,Corrosion,105
WEL000176,2022-06-13,89086.59,Electrical Fault,9
PIP002989,2023-10-19,146869.52,Corrosion,60
PIP000369,2019-01-07,168926.38,Pump Failure,103
PIP002826,2019-01-25,72105.67,Electrical Fault,31
WEL001731,2021-11-20,40368.18,Valve Leak,109
PIP001547,2023-04-12,100195.89,Valve Leak,98
REF002416,2018-09-21,188107.35,Overheating,72
PIP002247,2018-04-18,179659.23,Pump Failure,47
WEL002119,2019-02-22,70127.11,Valve Leak,30
REF001023,2021-06-26,102438.01,Corrosion,93
PIP001957,2023-05-03,149298.46,Electrical Fault,20
WEL001405,2024-10-28,185528.02,Electrical Fault,26
REF002937,2020-04-24,122873.18,Pump Failure,44
REF002701,2020-06-08,22882.98,Valve Leak,74
WEL001149,2019-08-14,189287.18,Electrical Fault,45
REF000431,2022-02-23,188940.05,Pump Failure,75
REF001085,2020-11-14,34675.41,Overheating,22
PIP002985,2022-12-13,127174.66,Corrosion,110
REF000070,2023-01-11,108758.34,Valve Leak,66
REF000284,2023-08-02,104352.03,Electrical Fault,104
PIP001733,2021-03-22,153413.86,Valve Leak,76
REF000329,2024-04-25,121814.32,Pump Failure,119
PIP001435,2019-03-03,72837.19,Valve Leak,51
PIP001030,2018-10-21,156789.96,Electrical Fault,68
WEL002542,2020-05-16,87667.31,Valve Leak,81
PIP000741,2020-12-17,141398.43,Electrical Fault,30
PIP001938,2024-10-02,98769.18,Overheating,86
REF001436,2018-09-02,56303.01,Overheating,65
REF000239,2023-10-10,6483.73,Corrosion,6
WEL000870,2022-07-05,150706.77,Valve Leak,26
PIP000933,2020-09-23,75644.42,Pump Failure,56
REF001579,2019-04-18,95544.32,Corrosion,6
PIP001509,2022-02-08,7574.33,Overheating,40
PIP002274,2024-02-05,175996.28,Pump Failure,106
PIP001845,2018-10-31,171552.83,Pump Failure,74
REF000453,2018-11-21,161446.26,Valve Leak,8
WEL002169,2018-07-24,49946.4,Pump Failure,48
PIP000870,2018-10-02,143426.05,Pump Failure,45
WEL001516,2020-01-07,35682.04,Overheating,59
REF001178,2022-07-12,151915.33,Corrosion,54
PIP000061,2019-03-11,78488.43,Valve Leak,53
REF002384,2021-02-07,173153.37,Pump Failure,43
WEL001166,2023-11-12,55891.21,Valve Leak,5
WEL001875,2019-02-17,90583.02,Valve Leak,114
WEL000424,2020-09-05,126262.82,Pump Failure,69
REF000447,2024-07-06,58041.28,Corrosion,57
REF001842,2019-03-28,31860.59,Valve Leak,33
PIP000900,2019-04-29,49257.65,Valve Leak,92
REF000890,2018-07-19,94224.4,Electrical Fault,23
WEL001644,2024-01-13,194464.44,Pump Failure,38
WEL002788,2024-04-16,113873.81,Valve Leak,26
REF002270,2024-12-09,181457.28,Corrosion,25
REF001794,2023-01-11,114944.41,Pump Failure,104
WEL001434,2020-04-30,181166.94,Valve Leak,5
REF001667,2024-11-26,187091.43,Electrical Fault,40
WEL001489,2024-01-09,108800.31,Overheating,51
PIP002013,2018-04-17,172338.58,Valve Leak,82
WEL000316,2018-03-09,141940.31,Valve Leak,40
WEL002597,2018-01-21,152912.23,Electrical Fault,85
WEL002342,2023-03-19,68611.18,Corrosion,34
PIP001093,2020-03-08,30387.15,Corrosion,63
PIP000973,2024-05-25,123002.83,Pump Failure,113
WEL000990,2019-03-07,94698.53,Electrical Fault,116
WEL001138,2019-02-06,129196.71,Overheating,111
WEL001218,2024-10-15,25770.36,Electrical Fault,104
WEL000512,2021-01-21,197187.8,Corrosion,97
WEL002443,2024-09-28,127909.42,Electrical Fault,46
REF002505,2021-10-22,124737.37,Pump Failure,75
REF000861,2024-11-02,191624.45,Electrical Fault,15
WEL000865,2020-02-24,20507.13,Valve Leak,117
PIP000087,2020-08-11,58184.84,Corrosion,33
PIP002441,2020-01-06,197706.48,Pump Failure,92
PIP001079,2022-04-06,36620.52,Overheating,119
WEL000913,2021-05-29,129016.35,Electrical Fault,97
REF001634,2021-10-13,125712.65,Electrical Fault,14
WEL001704,2024-09-24,152196.28,Valve Leak,40
PIP000452,2022-03-07,130670.55,Corrosion,36
WEL001008,2020-09-29,62587.67,Electrical Fault,30
WEL001558,2018-07-01,90871.3,Overheating,118
REF001606,2024-10-29,153151.94,Overheating,68
WEL002157,2019-12-17,69619.36,Overheating,70
WEL001631,2019-06-18,41161.84,Valve Leak,94
REF000450,2021-02-27,125619.37,Corrosion,11
PIP002331,2019-07-30,148273.24,Electrical Fault,105
PIP002571,2018-07-12,182520.04,Valve Leak,113
PIP001459,2018-08-27,127925.57,Electrical Fault,106
PIP001382,2023-10-24,35258.9,Corrosion,97
WEL002627,2019-01-10,13758.24,Electrical Fault,33
PIP001250,2021-09-10,179383.39,Electrical Fault,81
WEL000654,2018-04-23,15855.77,Valve Leak,48
PIP000057,2023-12-14,95385.51,Overheating,45
WEL002397,2019-10-25,60532.43,Corrosion,84
REF000559,2018-03-02,120411.61,Corrosion,96
WEL000444,2019-12-20,1643.35,Electrical Fault,55
PIP002170,2021-08-16,176988.16,Corrosion,49
PIP000687,2024-12-22,145178.21,Corrosion,49
PIP002147,2019-03-15,139214.78,Corrosion,70
REF002358,2021-05-15,149726.15,Corrosion,79
WEL001902,2021-06-20,154594.34,Overheating,89
PIP001965,2022-02-07,169121.56,Valve Leak,14
WEL002026,2022-12-25,78395.04,Electrical Fault,99
REF000420,2018-12-07,14452.04,Overheating,46
WEL002136,2020-10-12,149141.53,Corrosion,108
WEL002367,2019-06-25,155389.01,Electrical Fault,84
REF000065,2022-05-17,150298.8,Overheating,96
PIP002341,2021-03-04,70189.81,Pump Failure,89
REF001803,2020-01-27,133060.74,Valve Leak,28
WEL002501,2020-01-30,60365.17,Overheating,107
REF002382,2021-08-12,31404.26,Corrosion,69
WEL000292,2021-09-12,167599.53,Valve Leak,64
REF002780,2018-12-07,10410.46,Corrosion,43
WEL000509,2022-07-31,3802.91,Overheating,114
REF002015,2024-09-06,29836.02,Pump Failure,76
WEL001953,2021-08-26,106004.35,Overheating,60
REF001023,2023-03-23,142132.66,Overheating,70
WEL002972,2018-02-24,102578.96,Overheating,10
REF002287,2024-11-10,151595.91,Corrosion,33
REF001408,2019-10-29,85162.77,Valve Leak,100
REF000345,2019-06-09,8814.68,Electrical Fault,33
REF000202,2023-09-07,88002.26,Valve Leak,69
REF001388,2024-09-08,75794.76,Corrosion,93
REF001502,2023-06-07,51138.48,Pump Failure,61
WEL001363,2022-08-28,128394.44,Overheating,52
WEL002706,2021-05-26,39127.82,Valve Leak,82
WEL002747,2019-06-15,86743.5,Electrical Fault,38
PIP001110,2023-04-10,64607.42,Corrosion,93
PIP002151,2018-03-15,52671.47,Electrical Fault,33
WEL001797,2024-03-17,94770.75,Valve Leak,112
REF002035,2020-06-24,52093.26,Electrical Fault,14
WEL002570,2018-07-03,74681.75,Valve Leak,53
PIP000980,2019-08-26,161474.96,Pump Failure,105
WEL000773,2021-12-27,126154.14,Electrical Fault,107
PIP000043,2018-03-01,99148.81,Pump Failure,116
WEL000665,2024-02-18,193351.89,Electrical Fault,36
REF001914,2023-04-06,128158.57,Electrical Fault,105
WEL002129,2019-12-11,61491.0,Corrosion,35
WEL002886,2022-04-28,41703.91,Electrical Fault,44
REF000918,2021-11-10,101368.31,Overheating,15
REF001655,2020-08-12,94629.67,Overheating,116
PIP002695,2023-02-27,14661.65,Electrical Fault,109
REF001113,2024-06-11,56443.45,Corrosion,88
PIP002058,2024-12-09,174843.22,Corrosion,61
WEL001833,2018-07-09,177267.23,Electrical Fault,62
REF001509,2020-04-15,35278.71,Corrosion,99
REF000333,2024-06-24,178169.1,Overheating,86
REF002995,2024-01-12,116462.0,Valve Leak,43
WEL001463,2021-10-22,128221.78,Valve Leak,86
PIP001970,2021-05-17,85117.62,Overheating,105
PIP000195,2020-03-13,198423.96,Valve Leak,90
PIP001042,2018-06-18,94482.95,Electrical Fault,88
WEL002882,2021-08-01,164219.97,Pump Failure,72
PIP002324,2022-02-09,102089.05,Pump Failure,118
PIP001977,2024-12-04,135833.08,Electrical Fault,96
WEL001898,2019-03-15,162257.2,Valve Leak,20
PIP002578,2021-05-15,67418.99,Valve Leak,61
WEL002300,2024-09-12,15466.43,Overheating,16
REF000265,2023-08-11,83452.99,Pump Failure,117
REF001736,2018-08-16,167251.64,Overheating,10
PIP002318,2023-01-17,16413.49,Valve Leak,58
PIP002964,2019-08-05,113530.77,Valve Leak,4
REF002599,2020-12-03,158252.58,Valve Leak,116
WEL000452,2022-06-04,6573.85,Electrical Fault,14
WEL002234,2019-04-16,121465.4,Corrosion,113
REF000199,2018-06-29,102336.49,Electrical Fault,16
REF000572,2020-12-04,117787.67,Pump Failure,88
WEL000301,2022-12-15,75948.16,Corrosion,43
PIP002684,2020-06-09,121653.67,Electrical Fault,98
PIP001467,2022-04-12,183833.75,Pump Failure,98
PIP000071,2019-02-18,124731.66,Electrical Fault,41
WEL002886,2023-12-30,64534.45,Pump Failure,82
PIP000496,2024-01-09,78359.14,Electrical Fault,39
PIP001243,2022-12-10,188345.5,Valve Leak,91
PIP000434,2019-08-17,141169.57,Pump Failure,14
PIP000550,2023-08-27,148543.88,Electrical Fault,81
WEL000214,2019-03-08,135041.97,Electrical Fault,40
PIP001895,2024-11-15,170448.96,Corrosion,24
WEL001242,2024-03-06,119256.24,Overheating,3
REF000859,2019-11-19,88292.39,Electrical Fault,36
PIP001066,2018-09-13,52603.52,Corrosion,64
WEL002671,2019-05-30,153681.95,Valve Leak,27
REF001493,2024-04-26,55838.44,Electrical Fault,76
REF001952,2023-11-19,30073.06,Valve Leak,109
REF000496,2023-01-11,99622.55,Valve Leak,51
WEL000742,2019-08-31,155103.02,Overheating,114
REF001720,2022-11-25,148923.61,Valve Leak,44
WEL000131,2023-02-01,59285.7,Electrical Fault,37
WEL002739,2019-02-02,195341.31,Valve Leak,98
WEL001502,2023-03-08,61654.4,Electrical Fault,79
REF002886,2022-12-02,54766.32,Valve Leak,61
REF000249,2024-12-30,90736.35,Valve Leak,81
REF002239,2023-04-18,3111.06,Overheating,67
WEL000085,2019-06-04,16479.12,Valve Leak,10
WEL000197,2023-01-02,111752.25,Electrical Fault,71
REF002593,2021-10-20,60430.73,Electrical Fault,24
REF000954,2022-10-16,183584.5,Electrical Fault,41
PIP002042,2019-02-11,76356.57,Valve Leak,82
WEL000003,2020-07-02,198258.95,Corrosion,91
REF000282,2019-12-07,139997.95,Electrical Fault,60
PIP002842,2023-07-14,77569.59,Corrosion,105
REF001927,2023-08-19,36376.71,Overheating,57
WEL001915,2018-06-27,156120.01,Valve Leak,27
REF001685,2021-09-07,13101.16,Pump Failure,66
WEL002575,2024-02-27,156127.83,Overheating,34
WEL002890,2023-06-26,54964.82,Overheating,75
REF002596,2024-12-06,195167.67,Overheating,19
WEL000855,2021-02-17,65524.24,Overheating,25
REF001431,2020-07-28,140277.11,Overheating,84
WEL000983,2020-08-13,165455.61,Corrosion,72
WEL000087,2019-07-09,128500.84,Pump Failure,94
REF001255,2019-07-13,150002.32,Corrosion,50
PIP000463,2024-10-06,188589.08,Overheating,12
PIP000588,2020-07-02,198835.47,Corrosion,5
PIP002996,2019-05-06,7789.94,Valve Leak,66
REF000614,2019-08-21,67320.29,Pump Failure,13
PIP002596,2018-03-08,48851.43,Overheating,92
PIP001234,2021-05-27,13210.27,Electrical Fault,15
PIP002452,2020-08-26,145779.6,Overheating,7
WEL000773,2019-02-07,35294.49,Electrical Fault,105
PIP002212,2024-11-20,43324.29,Overheating,102
WEL001902,2019-12-23,106349.25,Corrosion,101
REF000259,2020-04-24,188830.57,Pump Failure,25
WEL002966,2019-07-14,117995.39,Pump Failure,72
WEL000185,2018-12-15,119417.18,Valve Leak,59
WEL001984,2019-12-19,93693.89,Overheating,40
WEL001614,2023-01-12,122958.24,Overheating,80
WEL001115,2020-01-03,115324.4,Corrosion,46
WEL001219,2022-04-25,166123.68,Electrical Fault,110
REF000260,2023-10-28,13999.2,Electrical Fault,33
REF000630,2021-05-06,79648.85,Corrosion,67
PIP001000,2021-01-05,178396.46,Overheating,110
REF001099,2023-02-25,138704.88,Pump Failure,7
REF002640,2018-11-25,182024.35,Overheating,87
REF002089,2021-07-29,14998.02,Overheating,16
REF002228,2019-11-04,4751.27,Corrosion,85
PIP002458,2020-04-02,38269.25,Electrical Fault,46
REF002193,2023-02-07,95257.91,Valve Leak,100
WEL002811,2018-05-30,73645.53,Overheating,92
REF000519,2019-09-19,197291.35,Corrosion,116
PIP002835,2023-07-14,27513.32,Electrical Fault,34
REF001840,2024-02-05,155185.83,Electrical Fault,11
REF002531,2018-04-15,47438.97,Electrical Fault,44
WEL001920,2019-09-24,145145.26,Pump Failure,49
REF002498,2021-10-25,160668.72,Corrosion,95
PIP002646,2020-12-29,40245.25,Valve Leak,45
REF001617,2020-03-28,66663.31,Electrical Fault,92
REF002890,2019-01-10,137430.17,Overheating,92
WEL001364,2018-09-20,71868.28,Overheating,114
REF000116,2022-10-09,26174.89,Pump Failure,111
REF001804,2021-01-24,169971.77,Valve Leak,107
WEL001739,2023-12-14,174353.38,Overheating,75
REF002659,2018-09-18,11388.33,Electrical Fault,80
REF000665,2020-01-05,67847.97,Pump Failure,112
REF002818,2018-01-30,146228.33,Pump Failure,89
WEL000380,2018-10-12,166685.24,Valve Leak,58
WEL001115,2022-08-08,95584.57,Corrosion,35
PIP001229,2018-08-23,13597.64,Overheating,90
REF002836,2018-02-21,17030.29,Valve Leak,97
PIP000475,2018-01-13,81611.31,Pump Failure,119
REF001288,2018-08-13,7738.1,Valve Leak,30
WEL000510,2024-06-13,78508.38,Pump Failure,78
PIP002354,2022-07-17,9022.97,Valve Leak,73
WEL000125,2019-05-04,193775.61,Pump Failure,99
PIP002023,2018-05-13,163642.43,Overheating,43
PIP001895,2020-12-17,158035.68,Overheating,119
WEL002737,2021-02-05,164076.44,Electrical Fault,119
WEL001973,2024-04-19,115058.46,Overheating,58
PIP000536,2019-09-09,149590.87,Corrosion,77
REF000870,2018-03-06,19309.15,Valve Leak,45
REF001458,2023-07-22,22823.55,Pump Failure,100
REF002074,2020-11-18,194905.94,Corrosion,67
PIP000994,2019-07-07,121954.12,Corrosion,102
REF001752,2023-06-15,198523.75,Corrosion,3
WEL002595,2023-03-05,106661.51,Electrical Fault,79
PIP000931,2021-11-28,22870.71,Valve Leak,88
WEL000533,2021-08-29,159273.12,Corrosion,28
PIP000453,2018-07-13,82702.55,Electrical Fault,106
REF002036,2023-08-30,85195.07,Pump Failure,68
PIP001839,2020-10-14,184211.23,Electrical Fault,100
WEL000991,2021-03-26,94477.68,Valve Leak,115
REF001076,2022-01-28,122472.58,Valve Leak,85
REF000320,2024-07-23,159551.21,Valve Leak,93
REF001367,2024-02-01,80853.4,Corrosion,57
REF001719,2020-04-08,109730.49,Pump Failure,67
WEL000739,2022-06-06,170268.83,Corrosion,106
WEL002439,2019-09-06,113512.73,Corrosion,10
WEL000314,2023-07-08,90902.66,Electrical Fault,2
WEL001856,2021-07-28,78281.9,Corrosion,23
PIP002152,2018-02-21,56840.37,Corrosion,44
PIP001667,2018-07-25,71379.86,Pump Failure,13
WEL002092,2023-02-24,19212.7,Pump Failure,35
REF002893,2021-11-07,112813.84,Corrosion,30
REF001266,2024-01-29,93501.16,Electrical Fault,2
WEL000231,2019-08-06,137976.55,Valve Leak,116
REF000711,2019-07-21,77171.44,Valve Leak,44
REF002967,2024-01-15,30216.48,Pump Failure,104
WEL000979,2018-04-26,168320.65,Overheating,24
PIP000776,2022-06-02,109265.71,Pump Failure,56
WEL002195,2019-07-21,131995.71,Pump Failure,45
PIP001685,2023-06-21,75453.2,Overheating,1
WEL000417,2018-08-10,166347.05,Electrical Fault,61
REF001841,2022-10-28,107516.07,Overheating,46
WEL002219,2024-06-25,176277.83,Overheating,68
WEL002471,2024-07-22,13028.61,Valve Leak,39
REF001161,2019-06-09,23779.03,Electrical Fault,34
PIP002450,2021-12-18,90949.03,Electrical Fault,60
REF002615,2023-03-09,189614.32,Overheating,38
WEL002055,2022-11-27,78585.24,Valve Leak,16
PIP002062,2023-09-01,171367.51,Valve Leak,18
REF000970,2021-07-28,140123.82,Pump Failure,27
REF001892,2024-05-08,27540.86,Valve Leak,56
WEL000062,2019-08-27,154196.48,Overheating,36
REF002851,2018-12-30,184493.1,Electrical Fault,89
PIP002325,2021-02-26,179410.23,Electrical Fault,80
REF002119,2024-07-20,96013.09,Pump Failure,106
REF001000,2018-02-03,171384.32,Overheating,66
WEL002274,2022-01-12,9689.58,Corrosion,81
PIP002303,2022-03-14,106753.94,Valve Leak,24
REF002570,2023-11-25,85111.45,Electrical Fault,34
REF001393,2019-03-06,20337.41,Corrosion,86
PIP001222,2018-05-04,122130.81,Valve Leak,1
REF001317,2019-09-04,91436.06,Electrical Fault,18
PIP002857,2023-04-19,73209.42,Pump Failure,14
WEL001803,2023-12-08,42855.12,Valve Leak,51
REF002086,2023-03-10,123240.76,Pump Failure,11
PIP001187,2022-12-23,21374.96,Pump Failure,30
REF002708,2022-06-15,105052.84,Electrical Fault,56
PIP001187,2020-01-05,147823.14,Corrosion,86
REF001322,2019-05-08,61472.71,Overheating,13
REF002455,2020-03-22,142619.63,Electrical Fault,62
PIP000457,2021-05-22,67870.24,Valve Leak,50
WEL002836,2023-11-26,154533.42,Overheating,119
REF001617,2021-01-11,174704.09,Valve Leak,101
PIP000338,2021-07-16,148933.38,Pump Failure,59
REF001845,2022-02-26,84707.28,Valve Leak,12
REF001305,2018-04-28,144137.41,Pump Failure,93
PIP001019,2021-01-23,167033.15,Corrosion,60
WEL000223,2021-01-21,112591.38,Overheating,58
REF001208,2022-12-05,180136.67,Electrical Fault,81
REF000026,2021-09-25,191064.76,Pump Failure,92
PIP002845,2023-12-24,177572.68,Valve Leak,33
WEL001483,2024-04-14,61284.15,Valve Leak,16
REF001733,2018-03-17,97332.81,Pump Failure,25
REF002981,2018-07-05,13478.15,Corrosion,99
PIP002766,2019-11-02,133800.01,Overheating,104
REF000846,2019-05-31,26592.88,Electrical Fault,85
PIP001471,2019-04-18,198789.06,Electrical Fault,45
WEL001256,2019-04-07,128503.02,Overheating,54
PIP002278,2023-04-26,9494.28,Overheating,5
WEL002431,2018-11-26,13944.93,Overheating,33
PIP001661,2024-04-11,129760.72,Pump Failure,117
REF001242,2023-05-17,65649.1,Pump Failure,41
WEL000854,2022-05-22,8451.57,Electrical Fault,42
PIP000794,2022-07-27,158363.56,Valve Leak,40
WEL002701,2024-04-11,181241.43,Corrosion,103
WEL001421,2021-01-20,137029.19,Pump Failure,95
PIP000102,2019-10-06,9617.05,Overheating,8
PIP000484,2020-05-09,95747.69,Electrical Fault,108
WEL002250,2018-07-22,163200.47,Electrical Fault,54
REF001289,2021-08-23,139572.31,Pump Failure,53
WEL000623,2022-06-22,50893.44,Valve Leak,8
WEL001387,2024-04-10,127015.49,Corrosion,82
WEL002921,2021-12-04,71415.09,Valve Leak,7
REF000371,2018-01-10,122300.74,Overheating,76
REF002255,2020-09-14,145566.17,Overheating,66
REF000527,2018-05-10,159652.82,Pump Failure,77
WEL000640,2022-08-31,101627.85,Electrical Fault,7
WEL002239,2019-10-05,116751.02,Valve Leak,61
REF001620,2021-07-30,58431.7,Valve Leak,80
WEL002028,2021-04-14,10536.99,Pump Failure,89
PIP001591,2022-10-12,152011.53,Valve Leak,89
PIP001651,2021-01-25,110857.83,Valve Leak,102
REF000900,2019-02-05,148450.8,Pump Failure,26
PIP001687,2018-04-27,148012.0,Corrosion,101
WEL000284,2022-06-26,100119.39,Valve Leak,19
PIP002378,2023-06-09,154843.05,Electrical Fault,58
REF002741,2022-09-13,186712.7,Overheating,28
WEL001689,2022-04-13,188740.34,Overheating,86
REF002354,2022-06-29,102933.22,Corrosion,61
PIP000086,2024-02-26,17018.3,Valve Leak,29
WEL001495,2023-08-05,93831.69,Valve Leak,57
WEL000483,2020-10-20,155278.01,Pump Failure,9
REF001450,2024-07-11,85214.92,Overheating,37
REF001701,2023-04-17,83748.11,Valve Leak,57
WEL002420,2022-03-12,122467.26,Valve Leak,115
WEL002355,2018-08-04,176958.17,Overheating,64
WEL000278,2024-05-28,91924.59,Electrical Fault,109
WEL002100,2021-06-12,105574.9,Overheating,71
WEL002054,2020-08-25,84727.73,Corrosion,11
WEL002873,2024-01-25,194955.24,Pump Failure,36
WEL002961,2018-12-18,172726.56,Electrical Fault,25
REF001154,2021-09-07,138125.81,Electrical Fault,88
PIP001164,2024-07-06,146281.2,Pump Failure,53
REF002472,2020-06-11,111037.81,Corrosion,79
WEL001405,2020-09-06,78418.75,Corrosion,18
REF002522,2022-11-22,93185.42,Electrical Fault,63
REF000059,2022-09-16,96483.65,Electrical Fault,26
PIP002987,2024-10-09,24381.03,Overheating,24
WEL001133,2024-03-27,192249.29,Valve Leak,108
PIP000797,2019-09-06,69546.98,Overheating,14
WEL002551,2022-06-23,35919.07,Electrical Fault,78
PIP001669,2020-12-11,167454.22,Valve Leak,98
WEL001957,2018-08-13,74853.38,Corrosion,80
PIP002306,2023-09-20,129824.75,Electrical Fault,67
REF001012,2018-05-06,101237.11,Valve Leak,107
REF002121,2023-07-19,21978.75,Corrosion,114
REF002084,2022-07-13,103491.47,Pump Failure,49
REF001351,2024-07-01,96026.99,Pump Failure,113
WEL001236,2022-09-04,133111.18,Overheating,114
PIP002896,2018-03-24,69720.76,Pump Failure,2
REF001820,2021-11-05,25065.49,Valve Leak,94
PIP001361,2024-04-25,121529.99,Overheating,49
PIP000021,2023-12-03,76069.13,Valve Leak,43
PIP000787,2020-06-22,28348.95,Overheating,108
WEL000929,2022-07-12,199591.23,Pump Failure,37
REF001516,2020-07-21,134403.76,Overheating,7
WEL000085,2018-12-21,142797.74,Electrical Fault,71
PIP002379,2024-09-14,72020.41,Valve Leak,119
PIP000155,2020-11-10,73894.98,Pump Failure,111
PIP000122,2020-12-17,130807.84,Valve Leak,3
PIP002828,2022-02-04,44176.9,Corrosion,35
PIP002345,2022-07-18,145847.01,Corrosion,103
PIP001345,2023-08-06,129595.34,Pump Failure,67
PIP002119,2022-12-30,47999.53,Overheating,5
PIP001969,2018-03-17,33252.74,Electrical Fault,45
REF000205,2024-11-11,77671.16,Pump Failure,84
WEL000032,2018-09-10,95652.75,Overheating,23
PIP001481,2018-07-11,81103.38,Corrosion,56
REF001125,2018-08-19,133795.53,Overheating,22
PIP002292,2019-05-14,112750.24,Corrosion,38
WEL002190,2018-07-03,153783.57,Pump Failure,80
PIP003000,2021-07-07,107809.6,Valve Leak,3
REF001732,2022-12-23,83696.9,Corrosion,112
REF000757,2018-10-09,65576.01,Electrical Fault,63
REF002259,2021-10-30,42614.59,Valve Leak,4
PIP001484,2020-06-17,70799.63,Valve Leak,35
PIP002386,2022-09-24,150295.55,Overheating,70
PIP001825,2024-04-11,37946.7,Valve Leak,76
REF000233,2022-07-23,89974.77,Pump Failure,9
REF001674,2018-10-11,151388.92,Corrosion,64
REF001261,2020-11-28,52560.38,Corrosion,67
REF000476,2022-11-08,46446.36,Corrosion,98
PIP000111,2019-09-29,34560.86,Corrosion,84
REF000113,2022-10-01,197890.65,Corrosion,20
REF001008,2023-06-28,138867.25,Corrosion,104
PIP000388,2023-04-09,72955.35,Overheating,71
PIP001694,2018-07-09,32658.75,Overheating,25
WEL000603,2022-01-31,126543.34,Electrical Fault,21
REF002100,2021-08-20,174595.33,Valve Leak,88
PIP002421,2023-08-01,138687.65,Corrosion,46
REF001760,2023-12-14,188159.4,Corrosion,62
REF000855,2020-10-14,94957.76,Valve Leak,20
PIP001166,2021-03-02,148561.23,Pump Failure,49
REF002506,2021-05-31,192404.9,Valve Leak,107
PIP001492,2023-04-03,52141.92,Corrosion,51
WEL000478,2022-01-16,75991.4,Corrosion,53
PIP000094,2020-12-17,56177.3,Corrosion,52
WEL000652,2020-05-08,133010.55,Corrosion,115
REF002892,2023-05-05,35383.15,Valve Leak,100
PIP002573,2024-04-04,1291.0,Pump Failure,18
PIP000049,2021-01-14,132142.6,Electrical Fault,82
REF001761,2022-11-25,186083.95,Electrical Fault,34
PIP000331,2023-02-16,7090.91,Corrosion,49
PIP000011,2021-09-11,74910.63,Overheating,85
REF001396,2024-10-03,143115.68,Valve Leak,73
REF001739,2023-10-07,196017.64,Electrical Fault,64
WEL002764,2019-07-30,66930.36,Corrosion,119
WEL000454,2018-10-13,169549.32,Overheating,85
REF000900,2018-02-28,147278.95,Valve Leak,50
PIP002254,2021-03-22,194004.57,Electrical Fault,4
WEL001491,2024-08-31,28729.78,Overheating,79
PIP000703,2022-06-08,175162.37,Pump Failure,23
WEL000623,2020-12-02,28239.14,Electrical Fault,81
REF000906,2020-04-29,7125.09,Electrical Fault,10
PIP000345,2020-10-20,13455.0,Pump Failure,39
PIP000348,2020-09-30,44907.13,Electrical Fault,57
REF000070,2023-11-13,42723.67,Pump Failure,9
PIP001083,2022-10-09,150481.46,Valve Leak,71
WEL002301,2021-04-14,167441.76,Corrosion,116
PIP002770,2024-05-07,161038.43,Electrical Fault,101
WEL001174,2019-01-08,18086.52,Valve Leak,5
WEL000229,2020-02-18,67003.59,Overheating,23
PIP002885,2021-09-13,68325.45,Corrosion,61
REF001284,2021-01-16,185456.39,Valve Leak,2
WEL001371,2019-07-28,140460.43,Valve Leak,37
REF001188,2023-03-30,43919.27,Valve Leak,110
WEL001705,2018-07-07,90460.96,Overheating,100
WEL001722,2021-07-06,20566.25,Pump Failure,102
REF002850,2018-05-12,177029.62,Valve Leak,83
WEL002961,2020-08-10,46062.6,Electrical Fault,30
WEL000186,2022-09-12,53091.07,Corrosion,34
PIP000303,2024-12-23,105254.82,Overheating,34
PIP001672,2020-07-24,177407.66,Pump Failure,72
REF000598,2019-08-13,89181.95,Electrical Fault,40
WEL002469,2022-02-12,155230.54,Valve Leak,98
WEL002540,2020-07-27,90111.47,Valve Leak,24
WEL001769,2018-04-06,119560.6,Corrosion,119
WEL000653,2023-09-24,63795.79,Pump Failure,49
REF002699,2019-08-06,27432.84,Valve Leak,12
REF000015,2019-10-04,127824.59,Overheating,27
PIP002316,2020-05-19,9874.27,Electrical Fault,67
REF002525,2021-02-22,79217.69,Valve Leak,32
PIP002421,2023-01-04,7735.23,Overheating,83
WEL002691,2021-06-07,90565.97,Overheating,58
PIP000340,2022-06-06,163382.33,Overheating,21
WEL000238,2019-09-28,131350.56,Electrical Fault,36
WEL002280,2024-03-20,180111.67,Electrical Fault,115
WEL001530,2021-06-21,95881.16,Pump Failure,101
WEL001720,2018-05-21,62957.52,Electrical Fault,106
PIP002867,2019-08-24,72676.82,Valve Leak,101
WEL000826,2019-04-08,21889.38,Electrical Fault,14
REF002856,2024-06-04,39656.53,Valve Leak,66
WEL001362,2022-01-14,152237.87,Overheating,11
PIP002667,2019-03-06,66483.99,Electrical Fault,26
PIP000587,2024-01-18,134458.8,Corrosion,100
PIP001117,2023-03-15,23803.73,Electrical Fault,113
PIP002486,2021-11-09,96742.82,Overheating,55
REF001758,2018-10-21,105764.02,Corrosion,61
REF002336,2018-05-06,142256.93,Corrosion,51
WEL001095,2022-04-03,111458.24,Overheating,30
REF001840,2018-06-27,12756.59,Pump Failure,91
PIP002944,2024-09-12,5374.6,Overheating,44
WEL001241,2020-10-26,170658.73,Electrical Fault,96
PIP002739,2019-03-18,33936.35,Electrical Fault,24
PIP000422,2019-10-18,47371.97,Valve Leak,54
WEL000244,2019-05-11,1881.07,Valve Leak,55
PIP000719,2021-11-01,190055.07,Electrical Fault,36
PIP002135,2022-08-27,151810.46,Corrosion,102
PIP002553,2022-09-10,154036.97,Valve Leak,29
WEL000086,2018-04-16,179131.06,Corrosion,34
REF000532,2022-07-10,117177.64,Valve Leak,81
REF002347,2023-02-10,85832.32,Electrical Fault,81
WEL000797,2023-03-02,16210.8,Pump Failure,33
PIP002919,2018-08-12,14129.32,Electrical Fault,37
PIP002229,2024-01-24,184199.24,Electrical Fault,108
PIP002629,2021-12-29,12871.05,Corrosion,39
WEL002873,2023-08-10,80559.35,Pump Failure,17
PIP002235,2020-10-14,116368.85,Electrical Fault,77
REF002909,2023-10-26,168059.76,Valve Leak,20
REF001678,2023-07-09,96688.88,Valve Leak,13
WEL001248,2020-09-13,188610.24,Electrical Fault,69
WEL002493,2023-04-27,199553.32,Electrical Fault,13
PIP001645,2022-03-25,148637.95,Corrosion,99
WEL001743,2022-07-02,186678.89,Valve Leak,5
WEL002737,2021-08-13,120707.82,Pump Failure,59
WEL001014,2019-04-23,84594.33,Electrical Fault,110
REF000711,2022-10-23,36564.82,Pump Failure,22
WEL002369,2023-01-26,43428.38,Corrosion,50
PIP002917,2021-09-18,24251.5,Valve Leak,106
WEL002295,2022-04-06,44504.31,Pump Failure,66
REF001635,2023-05-06,79477.19,Valve Leak,2
WEL000814,2018-09-13,27838.01,Pump Failure,92
WEL000646,2022-05-31,163851.81,Pump Failure,112
WEL001252,2023-08-03,169908.67,Corrosion,68
WEL001758,2023-04-08,118936.74,Overheating,109
WEL002795,2018-12-19,60722.68,Electrical Fault,67
PIP002594,2024-03-29,149897.94,Pump Failure,42
PIP000412,2022-01-26,153983.86,Pump Failure,61
PIP001682,2021-02-21,190308.4,Pump Failure,21
PIP002797,2022-10-02,152528.96,Overheating,86
PIP000618,2022-11-27,150269.28,Valve Leak,70
PIP001365,2022-09-15,152415.85,Pump Failure,25
REF000488,2019-03-13,10312.61,Pump Failure,67
REF000233,2020-03-22,164683.01,Valve Leak,88
PIP000585,2021-06-07,157314.34,Pump Failure,112
REF001460,2024-07-09,126766.0,Pump Failure,34
PIP000851,2022-02-20,162672.32,Corrosion,17
REF001551,2024-02-12,68040.87,Overheating,64
WEL000749,2022-01-03,117525.99,Pump Failure,46
PIP002981,2018-12-21,189800.82,Valve Leak,65
PIP001557,2024-03-23,194490.1,Pump Failure,89
WEL000277,2023-08-10,14634.22,Electrical Fault,4
REF000294,2023-04-19,190077.27,Corrosion,78
PIP001526,2024-10-03,136992.63,Corrosion,79
PIP002363,2024-04-15,30623.46,Overheating,3
REF000633,2018-11-19,87966.69,Pump Failure,6
WEL002797,2021-04-12,149291.41,Electrical Fault,111
WEL000922,2019-12-25,128697.45,Electrical Fault,53
REF001116,2020-11-23,145122.66,Pump Failure,26
WEL001472,2018-07-20,183225.3,Pump Failure,50
WEL000732,2024-02-16,180150.39,Overheating,93
WEL002701,2021-05-08,41913.41,Valve Leak,94
REF000099,2018-10-09,61027.63,Electrical Fault,30
PIP002788,2018-08-18,130654.38,Corrosion,73
WEL001939,2022-10-14,152113.93,Electrical Fault,77
REF002201,2019-11-07,180918.98,Overheating,23
PIP000439,2022-11-16,109260.26,Corrosion,66
PIP002080,2023-07-10,85972.5,Overheating,33
PIP001327,2019-04-27,184554.62,Overheating,38
PIP000017,2019-12-16,196164.77,Pump Failure,8
WEL002973,2022-09-13,116613.69,Electrical Fault,23
REF002601,2023-04-12,93396.37,Electrical Fault,101
PIP002674,2023-09-14,150983.81,Valve Leak,118
REF000322,2024-10-06,88997.5,Corrosion,13
PIP002503,2024-09-14,61351.74,Overheating,39
PIP002710,2018-11-02,193769.07,Pump Failure,37
PIP001690,2023-07-15,111845.75,Electrical Fault,12
REF000044,2021-10-09,106995.66,Corrosion,67
REF001768,2021-01-16,199493.24,Overheating,9
PIP000448,2022-01-15,61099.52,Electrical Fault,94
PIP002833,2022-03-31,124537.83,Pump Failure,68
REF000807,2018-06-05,6754.31,Electrical Fault,33
WEL000393,2021-12-30,156128.59,Valve Leak,64
REF002643,2022-11-19,82078.22,Valve Leak,1
REF000666,2018-06-20,65961.97,Valve Leak,72
WEL002350,2023-09-05,84036.95,Pump Failure,19
PIP002471,2018-05-07,71032.06,Overheating,53
REF002534,2020-05-31,16669.36,Corrosion,13
REF002907,2020-08-05,48207.28,Pump Failure,90
PIP000267,2019-02-01,123137.05,Electrical Fault,52
PIP000266,2021-02-24,188258.07,Electrical Fault,93
WEL000357,2021-05-06,91564.78,Electrical Fault,33
REF001704,2018-05-21,106357.13,Pump Failure,101
PIP000176,2024-05-10,175301.35,Valve Leak,8
WEL000119,2020-04-26,108182.54,Electrical Fault,70
WEL000828,2020-04-06,109025.6,Overheating,119
WEL002263,2022-10-21,8919.47,Corrosion,53
PIP002402,2019-01-27,171605.52,Pump Failure,96
REF001843,2018-03-28,89290.45,Corrosion,72
PIP002417,2024-01-11,93279.15,Electrical Fault,27
REF002166,2021-08-12,40516.21,Pump Failure,96
REF002328,2020-05-09,49787.52,Overheating,27
REF000347,2022-10-29,14544.35,Corrosion,67
REF000369,2023-05-23,178580.16,Overheating,61
WEL000474,2020-06-07,40642.15,Overheating,109
REF000204,2021-09-02,161661.97,Valve Leak,26
REF000661,2020-12-28,89207.93,Corrosion,83
WEL002621,2020-11-28,83905.92,Corrosion,52
REF000950,2022-04-13,42073.29,Valve Leak,5
WEL002046,2024-05-23,82998.49,Electrical Fault,82
PIP001649,2021-04-24,106168.19,Pump Failure,49
WEL001718,2023-05-21,32667.98,Electrical Fault,64
PIP002662,2022-12-23,59472.38,Electrical Fault,113
WEL000373,2019-01-20,109775.69,Corrosion,83
WEL001324,2021-03-21,51014.51,Pump Failure,87
PIP002083,2019-06-24,152464.58,Corrosion,24
WEL000147,2021-11-29,20957.44,Corrosion,115
REF002459,2019-01-12,153871.64,Pump Failure,72
PIP002410,2019-08-04,24782.55,Corrosion,11
REF002402,2019-03-29,109890.43,Electrical Fault,40
WEL002864,2021-01-09,4450.09,Overheating,48
PIP002830,2021-09-18,67836.99,Pump Failure,72
PIP000798,2024-10-26,34223.75,Electrical Fault,42
REF002888,2022-11-29,83962.66,Electrical Fault,52
REF002016,2023-01-02,62889.38,Overheating,88
REF002200,2023-05-23,188726.17,Pump Failure,112
WEL002385,2021-06-01,197670.62,Pump Failure,98
REF000445,2024-11-01,44601.59,Overheating,114
WEL001635,2023-05-06,88714.38,Electrical Fault,54
WEL001048,2024-12-27,156338.02,Valve Leak,53
PIP001226,2022-12-19,76467.75,Valve Leak,66
REF001217,2018-08-24,124075.31,Pump Failure,3
REF001488,2023-05-27,136802.37,Overheating,82
PIP002863,2021-10-30,148504.32,Valve Leak,43
WEL001331,2019-12-29,85564.68,Electrical Fault,66
WEL002220,2024-12-06,190544.22,Corrosion,59
PIP001335,2024-01-14,175415.35,Overheating,26
REF001870,2018-05-02,33595.04,Pump Failure,48
PIP000903,2021-10-25,61740.58,Corrosion,66
PIP000164,2019-04-25,189763.6,Electrical Fault,7
REF001197,2019-02-14,60904.11,Corrosion,70
PIP002810,2021-12-11,100448.35,Electrical Fault,91
WEL000582,2022-01-18,26854.38,Pump Failure,100
WEL002096,2018-02-19,122347.54,Overheating,45
WEL000173,2019-05-09,70936.85,Pump Failure,95
PIP002274,2018-08-29,172505.35,Valve Leak,12
REF002649,2023-12-04,34365.49,Corrosion,88
REF002255,2022-05-29,195294.97,Overheating,118
PIP001814,2022-03-15,190174.76,Overheating,109
PIP000746,2021-01-10,67222.11,Corrosion,112
REF002989,2019-05-09,86787.17,Corrosion,10
REF000861,2023-10-13,145762.72,Electrical Fault,12
PIP000351,2020-10-14,160362.74,Valve Leak,11
PIP001633,2018-07-16,95961.74,Corrosion,100
PIP002153,2018-02-28,20789.61,Electrical Fault,102
REF001497,2018-04-01,188887.41,Valve Leak,8
REF002069,2019-04-02,28449.1,Pump Failure,15
PIP002112,2020-05-15,171537.89,Overheating,102
PIP002483,2020-03-06,185740.92,Valve Leak,77
WEL001725,2020-08-23,35183.71,Pump Failure,84
WEL001611,2023-10-24,126242.44,Pump Failure,23
PIP001998,2023-08-27,58428.45,Electrical Fault,112
WEL001886,2023-12-07,175576.53,Corrosion,10
WEL002925,2020-10-04,173906.56,Valve Leak,73
WEL002310,2022-09-29,162228.66,Pump Failure,2
PIP002827,2022-01-31,117314.21,Pump Failure,103
PIP002070,2019-10-13,13213.76,Electrical Fault,76
PIP002388,2023-07-08,36874.42,Corrosion,84
PIP000393,2020-12-30,128808.4,Corrosion,13
PIP002645,2021-02-17,63781.24,Pump Failure,76
PIP000514,2018-01-26,139225.81,Overheating,116
WEL000342,2024-01-14,153631.76,Electrical Fault,40
WEL001428,2020-04-14,38274.87,Valve Leak,91
WEL002841,2018-11-24,160843.48,Corrosion,74
WEL001482,2024-05-20,117831.07,Pump Failure,1
WEL001252,2019-03-23,14904.3,Corrosion,81
REF002586,2023-05-31,168997.07,Electrical Fault,50
REF002432,2022-09-16,43352.83,Electrical Fault,9
WEL002659,2024-02-10,11137.07,Overheating,43
WEL001529,2020-04-09,111379.36,Electrical Fault,86
REF000471,2018-09-28,158631.45,Corrosion,47
PIP001821,2018-09-20,154553.29,Electrical Fault,25
WEL000464,2019-03-10,83804.88,Pump Failure,36
REF002681,2023-12-02,36734.59,Electrical Fault,103
PIP002645,2024-02-11,111266.52,Corrosion,81
WEL002790,2018-09-16,38742.4,Corrosion,17
REF002849,2020-08-19,88568.16,Corrosion,40
REF000524,2024-08-23,18782.26,Corrosion,80
REF001496,2021-10-01,26358.5,Pump Failure,52
PIP001918,2018-05-11,45966.59,Electrical Fault,114
PIP001130,2020-02-04,167566.11,Valve Leak,110
WEL000273,2019-04-05,20329.19,Pump Failure,69
WEL001569,2018-08-10,127849.84,Overheating,25
WEL002224,2021-11-15,116330.81,Valve Leak,10
REF002291,2023-10-14,194752.76,Pump Failure,30
WEL000889,2024-10-14,165664.14,Electrical Fault,9
PIP001632,2024-04-10,149918.81,Pump Failure,25
PIP001362,2018-01-12,76902.96,Overheating,76
REF001518,2023-08-28,59641.54,Corrosion,110
REF002630,2023-04-10,39144.91,Valve Leak,31
REF000171,2023-05-09,95594.75,Valve Leak,59
PIP001199,2021-07-24,159220.38,Valve Leak,30
WEL001871,2022-08-12,145764.59,Valve Leak,92
REF002463,2018-07-21,8582.66,Electrical Fault,113
WEL001184,2019-10-02,178100.64,Valve Leak,15
WEL000668,2023-09-25,7270.48,Corrosion,87
WEL000788,2020-12-06,13151.13,Valve Leak,75
PIP000194,2024-11-19,168894.56,Corrosion,97
PIP002582,2019-06-23,38671.23,Corrosion,89
PIP000955,2020-09-11,148616.2,Pump Failure,76
REF002952,2020-03-10,66021.76,Overheating,1
PIP000738,2020-08-27,7288.59,Pump Failure,64
REF000509,2023-08-01,94182.42,Overheating,94
PIP001146,2024-11-25,74542.14,Pump Failure,71
REF000083,2018-07-17,21451.2,Corrosion,22
PIP002704,2019-01-23,95628.83,Electrical Fault,101
WEL000101,2018-04-29,7097.65,Valve Leak,89
WEL000504,2020-06-03,148178.29,Corrosion,94
WEL002137,2018-05-28,146927.12,Corrosion,5
PIP001313,2020-07-31,89366.5,Pump Failure,96
WEL001115,2024-03-31,175273.48,Overheating,47
REF000055,2024-07-27,54250.12,Valve Leak,30
PIP002689,2019-06-21,162988.51,Overheating,105
PIP002295,2021-03-27,158870.23,Pump Failure,93
WEL002553,2020-09-11,156888.2,Pump Failure,87
REF001729,2022-09-18,106673.51,Pump Failure,93
PIP000544,2018-06-16,98292.36,Pump Failure,81
PIP000127,2018-11-17,137141.56,Pump Failure,7
PIP002862,2020-12-31,147657.39,Pump Failure,95
REF002813,2018-08-29,26738.85,Electrical Fault,44
WEL001208,2024-10-23,148843.51,Pump Failure,65
REF002839,2022-02-05,20512.12,Valve Leak,14
REF002716,2020-09-22,64771.67,Pump Failure,113
PIP001907,2022-03-16,114932.48,Overheating,72
PIP002666,2018-07-21,155901.7,Overheating,113
PIP000737,2021-12-17,168754.46,Pump Failure,18
REF002507,2020-08-10,141085.21,Pump Failure,35
WEL001113,2018-06-11,121839.88,Corrosion,111
WEL001404,2023-08-27,42983.8,Corrosion,19
PIP002030,2019-03-14,12304.45,Pump Failure,45
REF000682,2021-12-06,73591.03,Valve Leak,32
WEL002247,2022-10-31,140694.38,Pump Failure,35
WEL000292,2023-07-22,180994.26,Overheating,3
PIP001070,2019-01-02,181102.8,Overheating,87
REF000056,2022-02-01,102350.96,Electrical Fault,102
REF001564,2019-12-16,138807.66,Valve Leak,21
REF001264,2022-09-12,193739.67,Overheating,1
WEL000211,2023-08-28,102770.52,Overheating,67
WEL000530,2021-03-10,166011.22,Electrical Fault,9
REF002397,2018-07-27,66943.72,Pump Failure,49
WEL000095,2020-09-15,95586.2,Pump Failure,42
REF001975,2021-02-14,102208.77,Electrical Fault,56
WEL001696,2023-07-24,110003.59,Corrosion,42
REF000311,2018-05-12,92075.03,Valve Leak,37
REF002603,2023-09-20,179263.03,Corrosion,94
REF002227,2024-03-23,27775.22,Overheating,62
WEL002819,2021-03-21,135757.62,Electrical Fault,6
PIP000612,2020-09-24,168504.29,Pump Failure,55
PIP002518,2023-07-17,113043.51,Electrical Fault,29
PIP002459,2023-10-19,59134.13,Overheating,83
PIP000880,2024-03-18,46471.03,Valve Leak,6
REF000861,2023-08-03,122967.05,Overheating,71
PIP002470,2022-10-11,171785.32,Overheating,45
REF000622,2023-04-23,192683.07,Valve Leak,117
PIP000209,2023-10-01,111160.35,Valve Leak,2
PIP002571,2019-06-16,29961.47,Corrosion,92
WEL001494,2020-09-03,47524.25,Corrosion,18
PIP000287,2024-06-29,39583.37,Overheating,66
WEL002244,2020-09-26,27952.45,Electrical Fault,32
REF001666,2021-03-02,19616.0,Corrosion,36
WEL000650,2024-12-25,176845.8,Corrosion,116
WEL000009,2022-08-12,80186.66,Corrosion,36
PIP000128,2018-06-27,152610.27,Overheating,20
REF000371,2024-05-30,100813.79,Electrical Fault,118
WEL000096,2024-10-22,100268.71,Pump Failure,33
WEL001295,2019-09-13,107825.97,Overheating,40
PIP002073,2022-03-08,112377.64,Corrosion,44
PIP002155,2024-06-15,42798.43,Valve Leak,58
PIP001674,2019-05-16,98402.99,Pump Failure,118
REF001807,2024-05-17,101362.88,Valve Leak,4
WEL000277,2021-01-18,193960.69,Overheating,61
PIP000710,2018-12-10,154827.8,Electrical Fault,48
REF000876,2023-07-11,24261.81,Pump Failure,86
REF001020,2021-04-14,139067.65,Electrical Fault,46
WEL001465,2024-03-03,36716.79,Electrical Fault,64
WEL001238,2022-06-17,37803.1,Valve Leak,82
REF001595,2019-12-16,189910.17,Pump Failure,61
PIP001143,2021-06-18,40253.67,Electrical Fault,59
WEL001881,2020-01-23,196323.32,Overheating,55
WEL001011,2023-06-30,79617.99,Corrosion,42
PIP000255,2022-04-11,182333.11,Electrical Fault,12
REF001939,2022-04-10,142022.81,Valve Leak,100
PIP002887,2022-04-19,165096.16,Pump Failure,69
PIP001371,2024-07-30,150661.62,Corrosion,119
PIP002840,2023-02-24,160074.93,Overheating,93
WEL002900,2021-07-13,74010.16,Pump Failure,29
WEL000837,2022-04-16,129395.51,Pump Failure,13
PIP001561,2024-03-01,126129.27,Electrical Fault,74
REF002301,2020-04-14,40071.8,Pump Failure,98
WEL002052,2020-10-17,156008.98,Overheating,89
REF002655,2019-01-27,157314.96,Electrical Fault,93
PIP001876,2021-01-13,98944.92,Valve Leak,92
PIP001617,2019-05-01,83686.52,Overheating,5
PIP002481,2020-04-13,4958.97,Corrosion,61
PIP000920,2018-10-20,66800.95,Electrical Fault,97
WEL001906,2024-09-11,66616.32,Overheating,51
REF001441,2024-11-01,78744.81,Valve Leak,14
WEL002326,2021-05-20,152272.31,Corrosion,62
WEL002281,2020-11-24,10241.32,Corrosion,40
WEL002033,2022-05-07,96221.33,Overheating,116
PIP002134,2022-06-05,26676.72,Pump Failure,90
WEL001013,2021-08-29,122952.28,Electrical Fault,75
WEL000525,2021-03-21,112783.3,Valve Leak,33
PIP002725,2020-12-27,60795.46,Valve Leak,44
PIP000344,2018-10-24,6423.49,Pump Failure,71
WEL001073,2018-06-29,126599.47,Corrosion,62
PIP002269,2021-04-21,17730.71,Electrical Fault,9
WEL002586,2024-11-23,197371.91,Pump Failure,39
WEL001847,2024-04-11,13271.37,Overheating,45
WEL000488,2020-10-18,98031.53,Valve Leak,99
PIP002719,2020-05-04,54976.09,Valve Leak,115
WEL001381,2023-12-14,100807.68,Corrosion,87
REF000457,2023-06-30,148999.98,Corrosion,94
WEL000290,2020-11-10,45467.47,Pump Failure,22
WEL001171,2021-06-30,76487.77,Pump Failure,47
PIP002506,2020-07-23,49824.25,Electrical Fault,21
PIP002756,2019-03-11,112584.38,Valve Leak,77
PIP002776,2024-08-20,189640.15,Valve Leak,78
PIP000299,2023-05-15,121513.11,Electrical Fault,78
REF001881,2020-05-02,130242.98,Corrosion,2
PIP002064,2018-02-01,1636.72,Corrosion,106
REF002457,2022-06-26,43903.82,Valve Leak,40
PIP000257,2021-04-12,166677.79,Valve Leak,84
PIP001900,2018-08-05,190092.15,Valve Leak,90
REF000851,2021-02-07,156933.89,Pump Failure,32
WEL002398,2021-03-01,117423.92,Pump Failure,37
REF001766,2018-09-18,1906.89,Electrical Fault,38
REF000559,2024-11-09,100721.45,Overheating,109
REF001827,2020-01-05,116040.27,Electrical Fault,110
REF001737,2024-02-01,161559.49,Pump Failure,75
WEL000996,2022-05-23,143019.24,Electrical Fault,112
WEL000519,2022-03-07,88457.8,Pump Failure,117
PIP000507,2022-02-14,148974.6,Electrical Fault,15
PIP002856,2018-04-06,17392.2,Overheating,37
REF000646,2018-12-08,60200.15,Electrical Fault,8
REF000726,2018-06-28,27496.56,Corrosion,67
PIP002794,2020-09-17,135453.48,Overheating,3
REF002850,2023-05-31,73969.63,Overheating,108
PIP000144,2021-02-16,179688.08,Electrical Fault,14
PIP000034,2022-07-22,5559.05,Valve Leak,38
WEL001004,2023-03-26,199891.57,Overheating,23
REF002119,2022-08-24,157072.53,Corrosion,78
PIP000711,2024-11-05,105151.29,Corrosion,77
REF000843,2022-01-23,133640.81,Valve Leak,70
REF001723,2018-06-28,37046.01,Corrosion,83
WEL001913,2024-08-27,134319.59,Electrical Fault,24
REF000753,2019-05-31,69463.7,Corrosion,18
REF001508,2018-05-11,142342.38,Valve Leak,91
REF002236,2019-05-24,104471.52,Valve Leak,105
WEL001735,2022-06-23,166120.73,Corrosion,44
WEL001167,2022-08-16,193980.33,Valve Leak,100
WEL000127,2021-05-09,88043.2,Overheating,65
WEL001424,2020-04-21,62837.8,Electrical Fault,7
PIP001359,2019-02-28,179599.79,Corrosion,101
WEL002027,2020-12-03,198186.6,Electrical Fault,117
WEL000408,2022-06-07,23497.96,Valve Leak,100
PIP002862,2021-08-25,151271.74,Corrosion,83
WEL002302,2018-07-15,143668.26,Valve Leak,10
REF000247,2022-03-25,111040.77,Corrosion,44
WEL002536,2021-06-01,38435.72,Valve Leak,73
REF000119,2021-04-07,128547.49,Corrosion,104
REF002776,2021-08-20,9025.9,Valve Leak,34
PIP002792,2022-06-06,39053.05,Electrical Fault,86
REF002337,2020-08-19,56112.27,Overheating,47
WEL001644,2024-11-05,172962.27,Electrical Fault,116
WEL000941,2024-09-04,64179.06,Overheating,50
WEL002366,2019-09-08,167987.33,Valve Leak,116
WEL000287,2024-08-31,170320.36,Overheating,55
PIP001086,2020-04-30,99038.4,Overheating,13
REF002922,2018-11-19,64483.91,Overheating,80
WEL002935,2021-11-22,38716.57,Pump Failure,17
WEL001490,2019-01-24,28183.94,Valve Leak,39
PIP000572,2021-03-11,60334.31,Overheating,13
WEL001825,2018-01-18,72025.04,Electrical Fault,25
PIP000034,2021-02-09,182924.63,Electrical Fault,9
PIP002003,2018-10-07,142034.59,Valve Leak,49
WEL002429,2020-08-02,6954.38,Valve Leak,12
PIP002519,2018-02-16,177316.17,Electrical Fault,23
PIP001616,2023-12-04,178484.21,Corrosion,79
WEL001328,2020-06-03,136406.3,Overheating,63
WEL002555,2024-11-22,175635.49,Valve Leak,12
WEL002820,2021-04-27,32316.82,Valve Leak,85
PIP000155,2018-01-01,53224.94,Pump Failure,102
REF000624,2024-10-20,196460.34,Electrical Fault,79
PIP002740,2019-06-20,188823.74,Electrical Fault,15
PIP002494,2021-02-23,192997.78,Valve Leak,60
REF002144,2021-12-30,58750.76,Overheating,48
REF001888,2023-04-19,167740.99,Valve Leak,48
PIP000133,2021-01-28,44614.56,Valve Leak,29
PIP001242,2018-10-01,187891.03,Electrical Fault,96
REF002997,2022-11-07,179963.27,Valve Leak,6
WEL001478,2020-11-17,57553.76,Corrosion,49
WEL001099,2021-05-15,121926.79,Overheating,103
WEL001717,2019-10-25,135771.68,Electrical Fault,82
WEL000666,2018-05-18,77074.28,Overheating,90
PIP000118,2020-03-22,33314.66,Valve Leak,49
PIP001557,2019-04-15,161099.45,Valve Leak,92
PIP001124,2024-12-02,119771.45,Overheating,110
PIP001783,2020-02-22,29326.38,Electrical Fault,36
WEL001191,2024-10-05,171190.64,Electrical Fault,42
REF002390,2021-05-22,28765.51,Overheating,5
REF002194,2020-08-15,182658.76,Overheating,88
REF001695,2019-01-16,32788.43,Electrical Fault,48
WEL002141,2020-04-04,40501.8,Overheating,35
PIP002332,2018-03-04,46328.97,Electrical Fault,76
WEL002609,2020-08-22,160922.73,Overheating,8
WEL000084,2024-11-10,70804.31,Electrical Fault,70
WEL002155,2022-03-22,192686.35,Pump Failure,59
REF001056,2019-08-23,97389.11,Corrosion,19
PIP000669,2018-10-14,121637.81,Valve Leak,48
REF000044,2024-06-25,91943.93,Pump Failure,77
REF000273,2024-12-27,109169.74,Corrosion,25
REF000415,2020-05-20,175962.42,Valve Leak,97
PIP000009,2023-09-04,130642.91,Electrical Fault,20
WEL000883,2022-02-01,109563.59,Valve Leak,75
REF001263,2018-08-26,89560.82,Valve Leak,99
PIP000309,2018-05-30,98245.37,Valve Leak,93
PIP000605,2020-09-13,1313.55,Electrical Fault,49
REF001682,2018-04-03,102247.2,Valve Leak,27
REF000061,2022-09-03,121277.5,Valve Leak,55
PIP000440,2024-04-25,63196.75,Pump Failure,101
WEL001801,2022-07-21,137536.62,Overheating,22
PIP000106,2021-10-06,71165.51,Electrical Fault,7
WEL001188,2021-11-24,160679.18,Pump Failure,23
WEL000779,2018-01-22,20468.98,Valve Leak,117
REF002272,2022-10-26,63254.93,Electrical Fault,36
PIP001554,2024-05-08,160993.73,Electrical Fault,105
WEL000403,2020-12-12,160755.62,Electrical Fault,42
PIP000465,2019-02-16,138183.11,Corrosion,89
REF001989,2021-04-06,147639.72,Valve Leak,117
WEL001836,2021-09-15,153862.85,Electrical Fault,27
PIP001304,2021-07-21,64468.55,Corrosion,100
WEL000109,2023-08-17,184875.11,Overheating,18
PIP000795,2023-01-21,143089.87,Corrosion,9
WEL002688,2021-05-20,97540.37,Corrosion,18
REF001160,2018-09-22,171377.58,Pump Failure,51
WEL000061,2024-04-18,195884.36,Valve Leak,55
WEL000997,2019-03-22,68772.87,Valve Leak,118
WEL001410,2022-05-10,41870.35,Pump Failure,83
WEL002525,2020-12-02,56555.26,Electrical Fault,104
REF001483,2023-10-18,158417.77,Electrical Fault,45
WEL002116,2022-08-26,26037.61,Overheating,119
REF000646,2022-04-07,175970.03,Corrosion,24
PIP002346,2024-05-03,134991.18,Valve Leak,11
PIP001587,2022-11-22,119673.96,Electrical Fault,8
REF001656,2020-09-30,195339.98,Electrical Fault,20
REF002610,2024-11-04,25140.0,Corrosion,37
WEL001643,2022-10-08,145108.57,Electrical Fault,106
PIP001400,2022-07-14,52760.43,Valve Leak,16
PIP001044,2023-07-06,170328.62,Pump Failure,35
WEL000046,2018-10-16,150383.39,Valve Leak,39
WEL000534,2023-11-28,170831.99,Overheating,66
REF001303,2020-03-26,72138.45,Valve Leak,111
WEL000641,2022-09-08,62143.44,Corrosion,33
REF002932,2021-11-21,8516.63,Overheating,18
WEL000864,2022-05-24,17525.77,Electrical Fault,54
WEL001951,2022-03-16,79789.34,Pump Failure,112
PIP002296,2021-10-10,166867.34,Electrical Fault,25
WEL002569,2019-04-30,71104.48,Corrosion,111
WEL001133,2019-08-22,60329.45,Overheating,69
REF001196,2021-04-18,63094.86,Overheating,43
WEL000451,2021-12-14,21272.7,Overheating,41
REF000021,2024-03-06,68185.39,Electrical Fault,100
WEL000997,2018-10-20,122969.44,Pump Failure,107
REF000602,2021-10-11,176419.27,Corrosion,105
PIP000424,2020-06-12,123070.36,Overheating,95
REF002278,2022-05-17,74417.23,Pump Failure,88
WEL000755,2023-09-29,191970.77,Corrosion,69
PIP001232,2022-03-02,171045.47,Corrosion,35
REF000545,2019-12-10,22609.09,Valve Leak,29
REF000216,2022-08-29,146761.53,Pump Failure,81
REF001202,2020-02-08,102048.7,Corrosion,46
WEL001681,2023-10-04,190839.41,Valve Leak,47
PIP002589,2021-09-24,94418.89,Overheating,59
PIP001877,2018-08-12,187904.72,Overheating,49
PIP000094,2021-05-02,19453.84,Valve Leak,118
REF001653,2023-07-07,64063.06,Overheating,45
PIP002678,2023-06-13,178074.11,Pump Failure,35
REF002845,2018-06-21,190521.63,Overheating,88
PIP000770,2018-01-01,43549.6,Corrosion,4
WEL001664,2021-03-16,161848.97,Electrical Fault,76
PIP002285,2022-01-11,49409.21,Overheating,104
REF000508,2018-05-02,72042.5,Corrosion,76
PIP002537,2021-03-05,109107.85,Valve Leak,43
PIP001534,2024-07-19,123479.89,Pump Failure,17
WEL001678,2020-03-03,190437.78,Electrical Fault,119
PIP000320,2022-07-22,170871.74,Valve Leak,85
PIP001197,2024-08-11,79147.54,Valve Leak,82
PIP000665,2018-06-09,56294.13,Electrical Fault,99
PIP000987,2018-03-05,106617.9,Electrical Fault,85
REF001711,2022-02-06,73660.47,Overheating,8
PIP001503,2021-08-29,81057.62,Pump Failure,70
WEL002364,2023-12-01,74186.54,Overheating,34
REF002251,2018-10-31,198985.77,Pump Failure,111
WEL000798,2022-12-05,142776.49,Corrosion,96
PIP000576,2024-12-10,130423.81,Valve Leak,77
PIP002312,2021-03-16,133129.45,Pump Failure,74
WEL002597,2018-09-24,138128.98,Pump Failure,61
WEL001029,2020-11-21,153467.11,Pump Failure,30
WEL000256,2024-08-23,85152.64,Corrosion,24
REF000896,2024-12-08,121661.28,Overheating,59
WEL002651,2020-02-26,27401.15,Overheating,66
WEL001341,2024-03-24,156385.75,Corrosion,8
REF001919,2018-10-22,156531.76,Overheating,115
PIP002781,2020-05-28,5370.84,Corrosion,54
WEL001205,2018-02-22,181691.12,Pump Failure,81
WEL001926,2018-08-14,190727.06,Corrosion,47
WEL000214,2021-03-23,70051.32,Pump Failure,78
REF002768,2022-12-04,33078.33,Corrosion,67
WEL002238,2024-09-27,169466.68,Pump Failure,40
WEL001288,2020-07-21,19811.19,Valve Leak,83
WEL000553,2023-02-23,60101.37,Pump Failure,11
PIP002700,2023-09-16,67298.88,Valve Leak,104
PIP002957,2022-01-16,152242.84,Pump Failure,104
WEL000176,2018-10-15,126957.1,Corrosion,86
WEL002742,2019-10-10,71468.41,Electrical Fault,58
WEL002569,2018-07-26,199811.22,Corrosion,101
WEL001575,2018-02-13,33077.54,Overheating,60
PIP002179,2024-10-16,151212.58,Valve Leak,60
WEL000298,2021-12-23,126824.49,Valve Leak,5
PIP000204,2018-08-22,160334.08,Pump Failure,28
REF002806,2018-10-08,169392.74,Corrosion,99
PIP001124,2024-07-21,122259.14,Electrical Fault,7
WEL002909,2024-07-20,140541.45,Electrical Fault,40
PIP002730,2018-06-30,178795.54,Pump Failure,9
WEL000504,2024-04-29,81681.8,Corrosion,64
PIP002408,2018-06-23,176604.4,Overheating,55
WEL002962,2023-01-13,168189.69,Electrical Fault,35
WEL000413,2023-07-11,183819.55,Corrosion,109
PIP000218,2018-03-24,8419.4,Electrical Fault,92
REF000204,2021-11-02,20526.3,Corrosion,34
WEL002451,2023-05-23,48596.78,Valve Leak,63
REF001600,2018-02-12,113508.99,Pump Failure,103
PIP000704,2024-06-14,159154.46,Corrosion,93
REF002401,2024-12-13,150103.97,Pump Failure,64
REF001776,2019-10-18,171610.02,Pump Failure,68
REF001800,2019-05-23,23777.9,Overheating,83
PIP001364,2021-09-27,78902.14,Overheating,58
PIP000979,2022-12-27,30759.56,Overheating,9
WEL001761,2024-07-09,53671.68,Overheating,12
PIP000256,2021-02-06,32900.57,Valve Leak,119
PIP000747,2022-11-09,27213.64,Pump Failure,33
WEL001950,2024-08-25,192652.95,Corrosion,109
PIP002715,2023-09-25,162679.43,Corrosion,118
PIP000986,2018-10-08,108029.05,Electrical Fault,30
WEL002218,2018-08-29,68453.19,Overheating,25
WEL001435,2020-11-29,74291.78,Overheating,7
REF000407,2018-06-01,158911.06,Overheating,30
PIP000645,2022-05-04,168158.12,Pump Failure,31
WEL002137,2024-03-13,186582.07,Electrical Fault,45
WEL001975,2020-09-11,71591.9,Pump Failure,15
REF001242,2021-09-22,5461.53,Corrosion,43
PIP002952,2019-06-22,52130.6,Corrosion,47
PIP000834,2018-07-21,84418.27,Corrosion,99
PIP002993,2024-02-05,89187.82,Pump Failure,49
WEL001132,2024-03-03,147565.65,Overheating,65
WEL002637,2018-05-09,72227.32,Electrical Fault,11
REF002616,2021-11-10,77804.75,Corrosion,39
REF002259,2019-07-08,174161.41,Electrical Fault,68
WEL001821,2022-05-03,29480.81,Electrical Fault,81
PIP001251,2022-05-29,168785.47,Electrical Fault,22
WEL002040,2019-09-19,153395.59,Valve Leak,63
REF000848,2021-03-16,177303.09,Overheating,49
PIP001868,2023-09-25,127372.28,Pump Failure,12
PIP002553,2018-04-18,50192.14,Overheating,65
REF001469,2022-07-26,78676.56,Electrical Fault,12
REF001335,2023-09-22,27617.66,Pump Failure,89
WEL002188,2021-08-10,150211.13,Corrosion,67
REF002266,2019-01-21,18889.61,Corrosion,81
WEL000794,2020-04-18,156941.58,Overheating,85
PIP001381,2024-05-19,64235.25,Corrosion,62
WEL001638,2019-11-23,59357.02,Pump Failure,105
WEL002875,2022-12-30,143343.75,Overheating,88
PIP001114,2023-07-18,27635.28,Overheating,89
WEL002861,2022-12-08,171846.92,Valve Leak,40
REF000310,2019-06-19,40831.6,Pump Failure,24
WEL002832,2024-01-19,80868.65,Pump Failure,113
WEL000930,2023-01-24,148780.38,Pump Failure,27
PIP001451,2024-10-24,181572.28,Pump Failure,35
PIP000179,2022-04-12,7874.27,Corrosion,110
PIP000629,2020-05-23,156755.74,Corrosion,50
WEL002232,2023-06-20,105769.28,Valve Leak,3
PIP000647,2021-11-19,101848.28,Valve Leak,14
PIP001788,2018-10-02,59116.83,Corrosion,17
REF002884,2022-05-03,160730.78,Valve Leak,114
PIP000460,2023-10-17,142913.75,Corrosion,57
WEL001876,2021-07-05,65587.79,Valve Leak,17
WEL000018,2021-02-25,28887.19,Pump Failure,113
REF002220,2019-01-30,104361.36,Corrosion,91
PIP000628,2018-12-03,178412.3,Corrosion,31
WEL002666,2020-01-02,174824.73,Valve Leak,61
WEL001035,2024-05-24,75368.3,Overheating,43
PIP002267,2019-10-03,168407.11,Valve Leak,52
WEL001832,2018-04-06,160869.03,Electrical Fault,5
REF000010,2022-06-04,85670.78,Corrosion,25
REF002313,2020-08-10,2567.28,Corrosion,73
WEL002823,2018-02-04,176276.72,Overheating,55
REF002957,2022-11-22,191857.16,Pump Failure,86
PIP000230,2021-03-12,6370.42,Corrosion,104
PIP002120,2019-02-08,180435.5,Pump Failure,29
PIP000069,2022-11-15,28259.48,Electrical Fault,62
PIP002098,2021-04-07,71560.96,Valve Leak,23
PIP000071,2023-04-23,44149.47,Overheating,114
REF000803,2018-09-12,87559.76,Valve Leak,49
WEL002435,2023-11-01,40182.5,Valve Leak,108
WEL001650,2018-04-27,163652.91,Corrosion,110
REF001745,2020-11-08,182112.92,Corrosion,82
PIP002074,2022-04-19,167984.61,Overheating,26
PIP000255,2019-05-27,71156.1,Corrosion,24
WEL001524,2021-02-05,17304.34,Pump Failure,65
PIP000055,2020-07-09,175079.95,Pump Failure,92
PIP002748,2019-10-04,145558.53,Electrical Fault,95
PIP000527,2022-07-20,155370.49,Overheating,14
WEL000469,2023-10-18,25112.48,Overheating,23
PIP001087,2023-07-04,172596.65,Corrosion,86
PIP002506,2021-06-04,52060.95,Pump Failure,39
REF001713,2023-03-26,77928.73,Pump Failure,21
REF001484,2020-11-04,126655.44,Electrical Fault,85
REF001434,2023-06-04,27901.74,Corrosion,113
PIP002384,2018-09-20,187509.36,Corrosion,40
PIP000285,2022-08-05,57311.6,Valve Leak,39
WEL000788,2024-01-28,145615.2,Electrical Fault,22
REF002837,2019-11-05,187274.52,Corrosion,65
REF002053,2020-02-27,133427.27,Corrosion,43
PIP000552,2019-08-31,192745.51,Pump Failure,81
PIP000631,2018-09-29,146386.93,Electrical Fault,4
WEL002861,2019-12-25,14058.81,Overheating,113
REF001893,2021-04-25,21195.59,Valve Leak,44
REF000862,2021-08-17,101883.42,Valve Leak,30
REF001336,2022-10-26,114710.59,Corrosion,33
REF001271,2024-06-15,199810.29,Valve Leak,106
WEL001766,2021-01-08,70942.04,Electrical Fault,71
REF001416,2019-10-09,83537.45,Valve Leak,19
PIP001404,2021-07-09,158486.05,Overheating,72
PIP000055,2022-04-25,23899.74,Valve Leak,64
PIP002351,2018-05-25,4284.97,Overheating,99
WEL001283,2021-11-06,60785.84,Pump Failure,6
WEL002917,2022-10-04,107406.64,Corrosion,31
WEL000490,2024-03-29,155210.43,Overheating,90
REF002738,2022-10-20,115605.16,Valve Leak,45
REF002579,2019-12-08,132294.19,Valve Leak,102
REF000636,2018-08-21,190545.84,Valve Leak,84
WEL001770,2022-01-14,143831.03,Pump Failure,107
REF002723,2022-05-19,16512.94,Valve Leak,45
REF000014,2019-11-18,102125.05,Overheating,91
WEL000227,2020-05-21,55897.86,Pump Failure,42
WEL001335,2023-11-23,9029.05,Electrical Fault,42
REF000089,2022-01-06,82715.83,Corrosion,99
PIP002357,2022-04-06,72163.66,Valve Leak,73
REF002395,2023-08-26,45960.09,Valve Leak,21
REF001911,2023-07-20,71391.52,Pump Failure,21
PIP002511,2021-04-01,169089.31,Electrical Fault,26
WEL000151,2024-11-21,56345.73,Electrical Fault,79
REF002753,2021-05-03,184935.88,Overheating,4
REF002638,2020-07-09,17415.18,Corrosion,109
WEL001498,2018-03-05,41491.97,Electrical Fault,51
REF000880,2021-04-22,126731.69,Valve Leak,38
PIP002175,2024-07-26,138817.14,Electrical Fault,76
WEL001233,2018-07-23,30635.45,Pump Failure,66
WEL002805,2021-02-19,84573.26,Overheating,39
REF000786,2018-12-04,20296.49,Pump Failure,62
REF001930,2018-10-13,20005.78,Pump Failure,39
REF000319,2022-07-20,122936.31,Electrical Fault,80
WEL001524,2023-12-21,57947.64,Pump Failure,8
PIP001168,2020-12-04,191589.78,Overheating,11
WEL001292,2019-11-03,124371.03,Electrical Fault,16
REF002670,2019-02-09,68176.4,Overheating,63
WEL002076,2023-05-03,152230.19,Overheating,38
REF000866,2021-05-29,125899.19,Electrical Fault,4
WEL001095,2022-12-21,142911.15,Valve Leak,60
PIP002623,2019-04-28,101727.01,Valve Leak,48
REF002940,2021-09-29,51723.37,Corrosion,89
PIP000017,2023-06-20,73154.85,Overheating,82
WEL002533,2018-08-04,57432.0,Valve Leak,66
PIP002182,2020-02-14,153199.75,Overheating,26
REF000428,2023-08-03,124626.71,Overheating,72
REF002058,2023-03-07,151383.59,Overheating,113
WEL001199,2018-09-22,131156.04,Pump Failure,77
WEL001730,2023-08-23,31595.97,Overheating,92
REF002867,2022-11-06,66188.8,Overheating,87
WEL000249,2023-04-16,160812.86,Valve Leak,66
PIP000454,2022-07-08,82907.95,Pump Failure,30
WEL001765,2020-05-26,179846.08,Corrosion,13
PIP001134,2020-01-12,198477.67,Pump Failure,58
WEL000715,2020-10-07,113909.11,Pump Failure,24
WEL002811,2021-10-06,177942.42,Overheating,50
PIP000649,2018-09-17,74488.55,Electrical Fault,85
PIP001135,2020-09-02,165091.78,Pump Failure,19
PIP000284,2020-07-29,94962.9,Overheating,45
WEL000507,2023-08-26,116452.29,Valve Leak,52
PIP002183,2018-11-03,144029.17,Electrical Fault,113
PIP001481,2023-11-22,63557.97,Pump Failure,21
PIP001358,2020-05-17,47285.84,Electrical Fault,29
WEL002405,2021-10-24,50042.99,Valve Leak,105
PIP002956,2019-07-08,51182.56,Valve Leak,92
WEL000562,2023-12-15,183690.19,Overheating,56
WEL002329,2018-07-02,128224.31,Overheating,43
REF002690,2021-07-11,17415.29,Corrosion,100
WEL000042,2020-10-16,14926.77,Valve Leak,105
PIP001318,2019-06-09,138278.55,Valve Leak,71
REF001938,2020-01-31,85054.4,Corrosion,62
WEL002499,2020-03-09,177978.85,Valve Leak,49
REF001954,2024-12-08,159218.45,Pump Failure,77
WEL002434,2024-04-28,84274.58,Valve Leak,118
REF001988,2024-10-27,168195.53,Electrical Fault,88
PIP001864,2019-07-24,6054.38,Electrical Fault,47
WEL000774,2018-10-15,61779.13,Corrosion,60
REF001170,2020-06-11,113590.38,Valve Leak,50
REF001289,2019-04-23,8781.04,Pump Failure,73
WEL002937,2019-12-21,42580.7,Corrosion,6
REF002727,2023-05-24,74244.3,Corrosion,44
WEL002994,2022-05-23,180695.41,Electrical Fault,115
WEL002580,2022-05-17,128495.22,Corrosion,46
PIP000896,2019-12-13,90910.27,Corrosion,46
PIP001255,2018-09-24,19414.36,Overheating,34
PIP001920,2019-11-15,100599.68,Overheating,9
PIP000273,2020-03-05,20525.77,Corrosion,53
REF001349,2022-09-30,83527.58,Electrical Fault,115
REF000309,2022-07-25,144045.41,Electrical Fault,100
PIP001300,2021-08-25,135176.65,Overheating,87
REF002063,2020-02-18,94419.64,Electrical Fault,89
WEL001967,2018-04-10,108884.49,Pump Failure,3
REF000347,2023-11-05,177210.04,Overheating,14
REF001020,2020-05-19,56326.36,Valve Leak,105
REF000389,2024-12-19,163126.71,Overheating,107
PIP001859,2021-03-16,128435.13,Electrical Fault,2
REF002266,2024-11-25,40315.89,Pump Failure,38
REF001770,2020-10-11,72387.71,Electrical Fault,90
PIP001024,2019-11-19,176151.79,Corrosion,118
WEL000071,2019-11-02,20707.31,Overheating,50
WEL001165,2022-03-14,35259.75,Overheating,20
WEL000844,2020-08-17,57066.43,Overheating,48
PIP001884,2024-11-15,147205.94,Electrical Fault,7
REF001363,2021-08-17,27710.75,Electrical Fault,109
WEL000813,2018-05-06,26085.09,Corrosion,66
PIP002351,2024-11-27,67103.81,Electrical Fault,34
PIP001380,2018-12-02,79500.48,Corrosion,5
WEL002853,2019-12-26,109714.33,Pump Failure,103
PIP001391,2019-12-07,182479.7,Valve Leak,116
WEL001680,2020-02-08,159697.87,Overheating,10
PIP001448,2024-04-29,39027.34,Corrosion,5
PIP002972,2024-05-02,94599.67,Pump Failure,1
REF000078,2021-08-03,97430.06,Pump Failure,115
WEL002223,2023-03-02,16261.52,Valve Leak,33
WEL000430,2023-02-07,165767.97,Corrosion,64
WEL000555,2024-09-18,189332.87,Electrical Fault,90
WEL000129,2020-08-15,179533.35,Electrical Fault,87
WEL002887,2018-07-02,5661.27,Valve Leak,30
PIP001553,2022-12-21,8638.78,Valve Leak,98
WEL000263,2020-09-12,111581.4,Pump Failure,53
REF000392,2018-07-22,121128.97,Valve Leak,102
PIP000215,2023-10-29,19348.53,Corrosion,12
REF000294,2021-01-19,107154.18,Corrosion,60
REF002526,2023-08-15,58701.25,Corrosion,50
REF002316,2023-01-18,1689.4,Overheating,13
WEL001417,2020-03-27,35573.19,Electrical Fault,86
WEL002383,2021-01-07,191837.82,Overheating,114
PIP002943,2018-01-12,103225.78,Corrosion,85
PIP000808,2019-10-27,85626.92,Pump Failure,93
REF002879,2022-06-29,50027.49,Pump Failure,5
PIP001881,2023-06-04,99633.47,Overheating,72
WEL000442,2020-12-01,11938.49,Corrosion,107
WEL001375,2023-11-19,59865.46,Corrosion,17
PIP002436,2023-11-26,180805.81,Electrical Fault,37
REF000490,2020-11-23,105585.88,Corrosion,6
WEL000595,2021-03-04,118397.62,Corrosion,16
PIP002786,2024-04-25,159003.8,Electrical Fault,23
PIP001099,2021-04-04,132668.24,Corrosion,23
PIP000260,2020-09-11,14552.69,Electrical Fault,72
REF001911,2019-05-15,183138.63,Overheating,89
WEL002848,2022-07-11,169071.53,Corrosion,41
PIP000309,2024-09-24,77510.45,Electrical Fault,51
REF001769,2023-12-04,167035.53,Pump Failure,23
WEL001146,2022-09-20,46162.17,Overheating,117
PIP001365,2018-07-21,8594.48,Overheating,102
WEL002999,2023-06-13,159133.94,Corrosion,77
WEL001150,2024-02-05,3651.74,Pump Failure,16
PIP002317,2018-05-22,134829.15,Corrosion,83
REF002307,2020-02-04,123645.51,Corrosion,114
REF000969,2024-05-14,171387.34,Electrical Fault,32
REF001290,2022-09-09,13133.35,Corrosion,52
REF000206,2024-05-02,90297.88,Corrosion,76
PIP001447,2023-04-29,47264.58,Valve Leak,20
REF000883,2018-08-17,51671.93,Valve Leak,3
WEL000161,2021-09-23,144997.13,Overheating,22
WEL002829,2024-03-25,77118.73,Valve Leak,4
REF002223,2022-06-05,90222.35,Pump Failure,74
PIP000234,2021-07-09,194300.63,Valve Leak,30
WEL000389,2024-07-01,70146.61,Electrical Fault,46
PIP001252,2020-02-14,87650.61,Overheating,2
WEL001721,2023-03-11,185400.35,Pump Failure,62
WEL001322,2018-06-23,65771.67,Corrosion,101
REF002720,2022-03-16,43560.41,Valve Leak,118
REF000022,2021-05-05,152156.26,Electrical Fault,82
WEL002413,2020-09-16,181801.28,Valve Leak,54
WEL001428,2020-12-26,50828.58,Corrosion,6
REF000669,2019-08-20,32968.29,Overheating,10
WEL001869,2024-07-03,108586.42,Electrical Fault,5
WEL002708,2018-08-13,106190.59,Corrosion,41
REF000819,2024-12-13,128689.75,Valve Leak,68
REF000742,2023-05-19,97172.49,Overheating,40
WEL001708,2024-12-26,63189.09,Pump Failure,19
REF002022,2024-05-02,42231.77,Electrical Fault,45
REF001322,2020-04-06,85277.91,Pump Failure,91
WEL000783,2021-11-13,158298.69,Pump Failure,66
REF002035,2024-02-06,136217.12,Overheating,61
REF000270,2023-07-04,80898.85,Pump Failure,17
PIP001158,2019-09-28,72922.0,Valve Leak,35
WEL000170,2019-07-13,141709.11,Electrical Fault,109
WEL002598,2021-05-18,186454.57,Pump Failure,84
PIP000337,2022-03-04,69317.81,Pump Failure,98
WEL002052,2019-11-25,13201.31,Pump Failure,22
REF000070,2018-06-15,155450.39,Pump Failure,40
REF002340,2023-03-22,40064.6,Overheating,98
WEL002714,2018-05-28,62448.0,Electrical Fault,112
REF001383,2020-05-18,185304.11,Valve Leak,42
WEL002837,2024-01-05,174840.69,Electrical Fault,17
WEL002564,2024-08-22,67842.6,Corrosion,39
WEL001083,2020-05-22,15051.11,Corrosion,47
PIP000733,2020-08-28,120141.25,Corrosion,95
PIP000655,2023-10-25,125208.51,Electrical Fault,30
PIP002464,2021-12-15,121856.33,Electrical Fault,58
REF000835,2024-01-21,70475.95,Electrical Fault,84
PIP002916,2024-10-23,88610.31,Corrosion,16
REF001749,2020-08-25,162082.52,Overheating,55
PIP001349,2022-08-25,30344.12,Pump Failure,38
REF001618,2022-10-05,193266.98,Pump Failure,59
REF001672,2022-10-30,50189.1,Pump Failure,60
PIP002048,2023-04-04,166671.41,Electrical Fault,13
WEL001934,2023-11-13,9223.13,Valve Leak,67
REF001400,2019-08-12,146201.3,Corrosion,14
REF000206,2022-09-23,32433.49,Overheating,65
PIP000251,2020-05-07,111361.51,Corrosion,26
PIP002179,2024-09-08,146074.69,Valve Leak,70
REF000246,2024-05-05,48614.24,Overheating,26
PIP002710,2019-09-11,97018.79,Valve Leak,38
REF002874,2018-07-22,83609.03,Corrosion,115
REF001569,2020-06-26,94116.64,Overheating,50
PIP002074,2024-01-09,6862.75,Pump Failure,53
REF002773,2024-09-25,154085.68,Electrical Fault,61
REF001138,2024-03-15,50455.36,Electrical Fault,50
REF002182,2018-06-30,19887.77,Electrical Fault,57
WEL002543,2022-07-31,145791.23,Valve Leak,53
REF002758,2023-04-12,7047.36,Valve Leak,38
WEL002009,2022-11-11,145379.55,Valve Leak,36
REF001229,2020-06-11,107218.97,Overheating,97
WEL002476,2018-10-31,109282.67,Valve Leak,12
REF002473,2024-03-26,122612.11,Valve Leak,49
PIP002249,2023-12-19,30989.37,Pump Failure,53
WEL000667,2019-02-16,182772.55,Pump Failure,110
REF002979,2018-10-09,26795.41,Valve Leak,72
PIP001867,2023-08-12,77078.98,Valve Leak,38
PIP000086,2019-01-11,139144.76,Overheating,104
PIP001467,2021-10-22,93253.51,Corrosion,31
WEL000646,2022-09-04,127487.09,Pump Failure,34
REF000131,2022-07-26,161528.89,Valve Leak,119
PIP001544,2020-02-06,93599.55,Corrosion,61
WEL000031,2019-03-17,138258.77,Electrical Fault,94
WEL002854,2019-05-31,9976.58,Valve Leak,15
WEL001786,2022-05-14,24221.83,Valve Leak,27
REF000046,2021-10-30,140946.04,Corrosion,42
PIP001368,2021-03-08,156852.04,Pump Failure,52
WEL000902,2019-08-08,127511.9,Pump Failure,103
REF002964,2022-04-19,77180.22,Overheating,107
REF002294,2024-03-18,22230.66,Pump Failure,80
PIP002747,2018-03-23,162998.59,Overheating,23
WEL002487,2024-04-01,185340.89,Corrosion,79
WEL001055,2023-01-28,138027.64,Overheating,102
PIP000979,2023-12-13,1900.91,Overheating,32
REF000813,2023-10-24,124745.74,Electrical Fault,30
PIP001542,2023-05-21,23741.78,Electrical Fault,69
REF000766,2021-04-17,173005.53,Pump Failure,45
PIP000009,2021-08-11,96850.25,Corrosion,72
REF002025,2022-04-26,119150.63,Valve Leak,21
WEL000091,2024-06-04,136994.8,Electrical Fault,63
PIP002999,2018-02-14,136366.23,Electrical Fault,65
PIP000431,2024-06-12,5744.09,Pump Failure,87
WEL000266,2020-03-28,109051.15,Overheating,19
WEL002490,2023-06-20,53057.09,Overheating,57
PIP000826,2021-02-26,197180.16,Pump Failure,113
PIP000797,2019-02-02,124036.03,Valve Leak,40
REF001692,2024-01-21,58385.13,Valve Leak,85
REF001043,2020-11-13,94903.72,Corrosion,2
PIP001630,2019-01-19,142384.62,Valve Leak,55
WEL000973,2024-12-06,40725.64,Overheating,33
WEL000067,2023-02-16,156865.29,Pump Failure,66
WEL002087,2023-02-16,136592.7,Corrosion,74
WEL002202,2024-04-30,136756.76,Pump Failure,58
REF001914,2023-02-07,12537.57,Valve Leak,93
REF000142,2022-02-02,35002.29,Pump Failure,29
WEL002316,2022-09-24,112825.35,Overheating,22
REF000325,2024-10-21,118863.49,Pump Failure,35
WEL001642,2022-03-20,165324.73,Corrosion,91
PIP001401,2022-08-10,42004.6,Overheating,117
REF002059,2018-07-25,29127.85,Overheating,51
PIP000354,2023-03-02,51660.6,Pump Failure,84
REF000124,2024-07-05,121522.05,Pump Failure,85
REF001873,2018-05-23,113823.55,Corrosion,9
WEL001476,2021-11-29,150179.26,Pump Failure,60
WEL002830,2022-06-26,182533.9,Electrical Fault,98
REF000379,2023-10-18,195652.97,Pump Failure,37
WEL002132,2022-05-05,194092.95,Valve Leak,106
REF000936,2020-12-23,68968.25,Electrical Fault,77
REF000413,2024-07-16,17172.51,Corrosion,103
WEL000492,2022-04-08,163527.07,Electrical Fault,27
REF002014,2023-09-15,3093.82,Pump Failure,79
WEL002710,2020-01-02,8335.47,Electrical Fault,47
PIP000558,2021-02-11,86752.19,Overheating,116
PIP000287,2023-05-28,135926.36,Overheating,76
WEL002698,2019-04-14,2589.47,Corrosion,77
WEL001907,2018-09-04,49963.15,Electrical Fault,96
WEL002565,2019-11-27,161710.43,Electrical Fault,9
REF000801,2018-02-13,40525.72,Pump Failure,99
PIP000737,2022-04-03,120158.73,Electrical Fault,87
PIP000286,2022-03-27,145837.12,Valve Leak,44
REF002344,2023-08-26,36752.53,Corrosion,10
REF002312,2018-01-25,14222.78,Corrosion,13
PIP000736,2018-01-30,182148.67,Pump Failure,4
PIP000227,2020-09-05,104384.92,Pump Failure,26
WEL000963,2024-11-27,193959.08,Pump Failure,4
PIP001124,2018-12-26,184053.13,Electrical Fault,18
REF001815,2023-09-23,12713.76,Overheating,115
PIP000543,2021-04-03,160740.72,Pump Failure,24
PIP001926,2023-05-27,46402.93,Pump Failure,86
WEL002919,2023-06-20,55087.63,Corrosion,42
WEL000360,2023-09-08,184051.7,Corrosion,9
REF001570,2021-10-31,111481.18,Overheating,4
REF002238,2022-11-14,40316.71,Valve Leak,65
WEL001669,2019-05-05,79278.37,Corrosion,31
PIP002132,2024-04-23,167639.7,Valve Leak,109
WEL001417,2023-03-04,105293.47,Pump Failure,38
WEL001470,2024-04-01,8220.31,Corrosion,15
REF002782,2024-02-12,72440.07,Valve Leak,19
REF001099,2024-08-07,88579.02,Electrical Fault,1
WEL000523,2018-06-15,198089.66,Overheating,54
PIP000814,2018-03-17,140148.0,Overheating,27
REF000381,2018-08-30,145266.52,Electrical Fault,79
WEL000997,2024-08-18,46981.87,Pump Failure,65
REF002249,2019-05-19,133447.46,Corrosion,22
WEL002748,2024-04-16,188644.8,Corrosion,38
REF000794,2019-08-08,86907.16,Corrosion,5
WEL002692,2023-12-02,171364.05,Electrical Fault,10
REF002937,2018-03-07,122013.92,Electrical Fault,104
WEL002097,2021-04-18,114803.6,Valve Leak,88
REF002980,2021-03-27,40951.33,Electrical Fault,57
REF002477,2021-12-11,27315.9,Pump Failure,95
PIP002588,2022-03-02,100652.33,Overheating,29
WEL002424,2021-03-11,10427.0,Electrical Fault,13
REF002620,2022-11-02,168899.09,Pump Failure,38
WEL001509,2019-01-13,64069.99,Pump Failure,37
REF000273,2019-06-26,74532.98,Valve Leak,104
REF001322,2022-03-06,50288.37,Corrosion,79
WEL000817,2020-07-09,38820.64,Corrosion,96
WEL001585,2022-04-03,98050.81,Pump Failure,57
WEL000920,2021-02-24,24135.35,Corrosion,84
WEL002123,2021-12-10,115571.68,Overheating,37
WEL002882,2021-10-14,198496.98,Corrosion,102
REF002026,2024-10-22,63384.09,Overheating,78
REF002327,2018-04-22,36046.21,Corrosion,53
PIP002465,2024-01-25,36996.61,Overheating,96
WEL002763,2023-07-28,135984.64,Valve Leak,114
PIP001411,2021-10-21,195273.44,Corrosion,43
REF000287,2022-08-06,108032.09,Electrical Fault,19
WEL002292,2024-01-23,163683.16,Pump Failure,87
PIP002858,2020-08-31,173736.24,Pump Failure,100
REF002039,2022-08-20,177663.45,Overheating,104
PIP001060,2018-10-07,182881.49,Corrosion,112
REF000077,2019-06-23,136195.43,Valve Leak,110
WEL002150,2022-12-17,132229.93,Overheating,64
REF000583,2020-03-18,74177.71,Valve Leak,81
WEL001970,2020-08-18,136377.04,Valve Leak,27
WEL001466,2019-12-29,150703.35,Pump Failure,86
WEL002847,2019-09-10,22338.25,Electrical Fault,1
WEL002626,2019-11-27,172520.87,Corrosion,28
PIP000743,2021-10-01,196001.14,Pump Failure,11
PIP000756,2023-08-23,131770.37,Corrosion,93
WEL000070,2020-05-26,22750.43,Pump Failure,74
REF001341,2018-08-16,13206.71,Pump Failure,95
WEL002968,2023-02-08,42665.28,Valve Leak,63
PIP001472,2019-10-14,27285.58,Pump Failure,61
REF002586,2022-07-25,55290.5,Electrical Fault,58
PIP000439,2019-01-22,134894.19,Pump Failure,99
PIP000087,2019-10-26,136657.36,Overheating,90
PIP000582,2020-05-16,134409.52,Valve Leak,119
PIP001801,2020-03-31,111822.3,Overheating,70
PIP000266,2019-01-02,142278.86,Pump Failure,111
WEL000674,2021-11-21,118298.79,Pump Failure,102
WEL000932,2022-05-12,21990.61,Pump Failure,119
WEL001734,2020-04-30,77580.25,Pump Failure,109
WEL002885,2020-01-24,100731.63,Electrical Fault,45
PIP000254,2020-03-16,76420.6,Overheating,50
REF001251,2023-10-24,134809.73,Overheating,106
WEL000187,2020-04-24,12927.93,Valve Leak,1
REF002411,2020-01-21,131849.07,Corrosion,80
PIP000689,2020-07-01,26296.94,Corrosion,101
WEL001131,2021-07-30,123580.16,Overheating,119
PIP000576,2022-03-21,124209.33,Electrical Fault,32
WEL000230,2019-08-27,175603.38,Overheating,119
WEL002538,2022-03-02,189782.55,Electrical Fault,1
WEL001779,2018-01-13,162969.24,Valve Leak,88
WEL002697,2019-10-27,110636.94,Corrosion,81
REF000225,2020-03-03,171619.0,Electrical Fault,101
WEL002422,2020-05-27,102167.21,Overheating,41
WEL000740,2020-10-16,95360.92,Corrosion,91
PIP002534,2018-05-01,179803.65,Overheating,72
WEL000131,2018-01-02,96751.48,Pump Failure,111
WEL000669,2024-01-05,169989.9,Valve Leak,41
REF000096,2018-11-05,174064.38,Overheating,31
REF002025,2018-03-17,46419.55,Electrical Fault,113
PIP001716,2024-01-01,138268.66,Corrosion,1
WEL002502,2021-03-18,91100.85,Pump Failure,45
PIP000652,2024-05-30,69193.32,Valve Leak,106
PIP000499,2019-07-03,83049.77,Electrical Fault,69
WEL001409,2023-04-11,95961.26,Pump Failure,54
WEL000015,2021-11-17,166248.49,Valve Leak,37
PIP001020,2022-10-04,161610.06,Overheating,20
PIP001414,2018-11-23,128728.24,Valve Leak,9
PIP002719,2020-11-05,30697.97,Overheating,52
PIP002241,2019-07-05,131958.87,Electrical Fault,29
REF001366,2022-05-12,96611.79,Valve Leak,93
PIP000563,2020-06-10,8003.21,Valve Leak,51
PIP002670,2024-03-16,107931.2,Electrical Fault,33
PIP000450,2020-01-04,70201.76,Pump Failure,96
REF000868,2020-10-24,19593.01,Pump Failure,115
WEL001084,2018-01-19,175111.61,Overheating,111
WEL001360,2024-09-07,116382.36,Corrosion,51
PIP002978,2024-07-16,17321.63,Corrosion,94
REF002212,2019-10-26,88439.48,Valve Leak,32
REF001239,2024-10-04,95608.77,Pump Failure,76
REF001887,2018-11-06,190097.41,Valve Leak,26
PIP000813,2018-10-31,45378.36,Overheating,116
PIP001060,2018-10-24,168195.02,Valve Leak,93
PIP000439,2024-12-02,15779.07,Valve Leak,54
REF002563,2023-09-10,84507.63,Corrosion,8
REF002500,2023-06-30,69447.27,Overheating,37
PIP000728,2023-06-04,47452.44,Valve Leak,88
WEL002906,2018-03-01,102794.13,Overheating,26
REF001115,2021-07-23,129878.27,Pump Failure,20
REF000149,2024-03-20,132401.73,Electrical Fault,74
WEL001300,2024-02-10,16011.09,Valve Leak,40
REF000885,2023-11-09,154767.94,Valve Leak,30
PIP000560,2024-08-24,185249.72,Corrosion,105
PIP002048,2018-08-21,188275.9,Corrosion,101
WEL001088,2019-12-12,64039.8,Electrical Fault,55
WEL001335,2023-01-06,130256.68,Electrical Fault,37
WEL000388,2023-05-16,190442.94,Corrosion,44
WEL002912,2022-09-27,160938.61,Pump Failure,28
WEL002399,2023-10-04,186606.12,Pump Failure,1
REF001460,2019-04-01,129656.22,Corrosion,64
WEL000552,2024-01-20,121334.88,Electrical Fault,108
PIP002222,2024-08-16,13794.61,Pump Failure,10
WEL002351,2018-02-16,176169.86,Pump Failure,91
REF000841,2020-01-01,47152.75,Electrical Fault,102
PIP001965,2019-03-19,20062.22,Electrical Fault,16
REF000448,2020-01-26,184177.09,Pump Failure,34
REF001694,2019-12-06,151771.68,Pump Failure,23
WEL001947,2018-04-06,51688.04,Overheating,99
REF000871,2018-02-21,174500.12,Valve Leak,87
REF001083,2022-01-09,72030.63,Pump Failure,11
WEL001623,2019-09-02,6327.24,Corrosion,15
REF000661,2018-09-23,198278.86,Corrosion,19
PIP001213,2022-06-28,169268.0,Valve Leak,60
REF002300,2020-09-15,114294.84,Pump Failure,54
PIP001916,2019-05-17,173800.34,Corrosion,35
REF001284,2023-06-13,94424.55,Valve Leak,31
REF000779,2024-03-10,139269.87,Overheating,95
PIP002140,2018-07-04,115425.41,Pump Failure,88
REF002450,2022-08-23,180579.35,Valve Leak,101
PIP000377,2021-02-22,52337.09,Overheating,117
PIP000086,2023-01-05,137717.4,Electrical Fault,58
REF000588,2021-03-14,139236.93,Valve Leak,56
REF002754,2021-04-04,173732.05,Corrosion,4
WEL001192,2023-01-30,91026.19,Valve Leak,96
PIP001581,2019-03-04,182909.56,Electrical Fault,41
REF000648,2018-05-04,146707.98,Overheating,76
PIP001826,2021-09-02,12271.9,Pump Failure,42
PIP000480,2022-08-31,139578.44,Overheating,68
PIP002093,2024-12-07,70428.19,Valve Leak,13
REF002722,2020-03-03,54820.62,Corrosion,58
PIP001801,2019-07-01,173366.75,Overheating,79
REF000936,2023-03-07,192832.7,Electrical Fault,96
REF002288,2020-06-11,86456.83,Overheating,8
PIP000884,2022-12-17,178318.66,Valve Leak,15
PIP000630,2020-08-17,70786.13,Electrical Fault,116
REF000402,2020-03-01,13073.44,Electrical Fault,3
REF002527,2022-02-20,106748.26,Valve Leak,24
REF002744,2022-03-31,84175.67,Corrosion,1
REF002073,2022-05-20,15957.26,Overheating,5
REF002587,2022-10-03,187524.97,Corrosion,2
WEL002903,2022-11-20,121214.93,Pump Failure,10
PIP002796,2022-03-20,19665.38,Overheating,44
REF000037,2018-03-21,1288.13,Corrosion,107
REF002591,2021-10-18,88043.84,Pump Failure,23
REF000934,2022-11-07,144496.93,Valve Leak,117
WEL001705,2019-10-27,78072.1,Pump Failure,87
WEL001894,2019-02-06,188789.33,Valve Leak,25
PIP000636,2020-01-24,48710.98,Electrical Fault,16
WEL002798,2019-11-23,122148.66,Valve Leak,2
WEL001744,2019-04-20,74382.95,Overheating,104
REF000967,2024-10-21,87686.34,Overheating,89
WEL000165,2021-01-06,132736.21,Corrosion,63
WEL001007,2019-12-22,175192.14,Overheating,13
WEL002050,2019-01-19,185607.97,Overheating,12
WEL001512,2020-12-09,12181.69,Overheating,39
REF000075,2021-04-17,124164.31,Valve Leak,43
WEL001559,2020-04-04,166830.03,Overheating,12
REF000759,2022-10-07,30568.22,Overheating,30
PIP000154,2018-08-12,39248.62,Pump Failure,38
WEL000136,2019-03-06,144452.35,Valve Leak,28
REF001038,2019-09-27,84493.57,Overheating,104
WEL001156,2020-03-22,171154.66,Corrosion,49
WEL001184,2024-09-30,9467.48,Pump Failure,78
WEL000152,2020-04-08,156340.35,Overheating,7
PIP001365,2022-08-11,118757.26,Corrosion,56
REF002452,2022-01-30,18493.09,Valve Leak,81
PIP000891,2023-02-08,19303.25,Corrosion,119
REF000164,2024-02-03,148435.03,Valve Leak,91
PIP001242,2023-06-05,122988.26,Overheating,30
WEL002968,2018-01-09,85199.27,Electrical Fault,101
PIP000792,2023-05-31,28578.27,Overheating,50
WEL000442,2024-01-14,19486.16,Valve Leak,102
WEL002008,2018-04-22,129653.68,Pump Failure,5
WEL002764,2023-07-07,150531.31,Electrical Fault,45
WEL000401,2021-06-06,110456.33,Valve Leak,25
WEL000446,2024-03-08,36405.04,Valve Leak,65
WEL002661,2018-12-02,148807.15,Electrical Fault,105
REF002159,2020-09-12,83834.16,Valve Leak,20
REF002744,2019-12-11,191234.89,Overheating,58
REF002504,2024-12-14,187902.34,Corrosion,41
REF000477,2018-01-12,192002.52,Electrical Fault,111
REF001150,2021-10-22,117049.41,Overheating,42
PIP000733,2024-03-30,62656.29,Pump Failure,61
PIP002960,2018-02-25,101326.15,Electrical Fault,107
WEL002462,2021-03-03,199367.51,Pump Failure,112
PIP002606,2018-11-24,149721.44,Valve Leak,66
REF001842,2019-09-05,27437.52,Overheating,90
PIP001410,2019-08-28,162554.08,Corrosion,115
REF001273,2023-03-09,162109.65,Overheating,73
REF001637,2024-05-10,197257.08,Corrosion,72
REF000181,2022-08-28,95727.95,Electrical Fault,18
WEL000527,2023-11-19,147210.08,Valve Leak,7
WEL002289,2023-03-20,52724.1,Overheating,117
PIP000426,2023-01-06,167792.56,Overheating,55
WEL001048,2022-06-01,86697.58,Pump Failure,30
PIP002578,2023-02-13,172546.43,Electrical Fault,47
WEL001012,2018-01-14,148036.54,Overheating,10
WEL001988,2022-04-01,62225.88,Corrosion,28
WEL000108,2023-11-17,8330.14,Corrosion,21
PIP001821,2020-03-12,56080.86,Pump Failure,102
PIP001980,2018-01-13,147439.29,Valve Leak,10
WEL002902,2019-08-11,31307.7,Electrical Fault,51
REF001244,2019-07-27,77005.5,Overheating,103
WEL002175,2022-08-07,20581.38,Corrosion,61
REF000097,2019-06-24,6622.8,Overheating,40
PIP000579,2023-09-09,68835.96,Electrical Fault,28
PIP001262,2021-09-13,100423.31,Corrosion,21
WEL001877,2021-06-19,46899.23,Corrosion,53
REF002267,2023-10-16,67421.9,Corrosion,41
REF000171,2022-09-24,83897.46,Valve Leak,78
PIP001182,2023-09-24,36183.34,Valve Leak,72
REF002522,2020-05-06,54214.92,Corrosion,96
REF001821,2023-05-04,190128.14,Pump Failure,85
