well_id,date,oil_production_barrels,gas_production_mcf,water_cut_pct,pressure_psi,temperature_c
WEL002961,2024-10-15,1002,717,23.05,2723,171
WEL001966,2024-02-04,2786,18084,23.24,1383,162
WEL001312,2023-06-29,3872,11590,19.29,1343,111
WEL002619,2020-04-13,2510,17058,13.24,1205,147
WEL002290,2018-06-27,3081,5623,36.9,2207,167
WEL000298,2019-07-01,4511,19736,26.75,4772,163
WEL001058,2021-12-08,3749,3874,53.85,1532,123
WEL002769,2022-06-22,4233,16855,35.2,1552,82
WEL001718,2020-04-15,2133,9295,28.83,4828,170
WEL000240,2021-09-07,2286,12812,25.11,1577,146
WEL000071,2022-02-19,3444,17563,58.51,2340,72
WEL002990,2020-05-05,3099,6132,29.74,4297,62
WEL001061,2020-11-19,3353,6173,27.26,4421,81
WEL001100,2020-08-09,4384,2608,27.67,1674,102
WEL002740,2024-02-03,2593,2653,25.88,3401,76
WEL002943,2022-09-01,3931,5600,58.61,4746,96
WEL002716,2019-04-25,4850,13754,27.0,1224,60
WEL001760,2020-04-01,3942,19015,30.13,1776,124
WEL000504,2021-09-08,1283,9382,50.06,2756,77
WEL001709,2024-05-15,4915,14851,12.79,4793,165
WEL002987,2023-06-01,4776,17284,14.84,1787,124
WEL000892,2020-03-11,406,16752,47.6,3336,131
WEL000949,2018-11-13,3142,5334,40.19,4706,61
WEL002786,2018-06-01,1366,10525,24.34,4584,177
WEL001848,2019-05-24,3470,16675,24.87,3979,112
WEL001406,2022-11-28,942,4218,32.03,2458,66
WEL000988,2024-04-14,101,6311,17.78,4204,135
WEL000479,2024-11-02,3476,5531,35.06,1577,117
WEL001844,2024-11-29,725,2567,47.81,3914,112
WEL001126,2019-09-10,1132,4936,16.25,3488,178
WEL002889,2019-12-19,4221,2283,47.25,3681,96
WEL000919,2023-08-27,1492,18569,10.01,1667,144
WEL000110,2022-01-30,1660,4996,43.18,1671,97
WEL002763,2020-07-20,4905,3509,10.49,1683,85
WEL002132,2021-01-19,1096,14950,46.52,4986,158
WEL002838,2022-07-27,3440,16200,51.0,3783,147
WEL002274,2018-01-05,4769,15325,33.88,3624,165
WEL002104,2019-03-01,1691,14477,37.45,4633,51
WEL002881,2024-06-24,2254,12007,13.16,4380,53
WEL001097,2023-09-07,2970,8864,15.48,2611,154
WEL002044,2020-03-20,4543,7079,29.29,2556,152
WEL001307,2022-05-12,2659,937,45.23,2535,123
WEL002129,2020-04-07,1609,4225,42.04,1101,151
WEL000130,2019-03-16,1485,15571,43.67,3169,78
WEL002414,2020-08-13,243,12212,58.44,3008,106
WEL000821,2024-05-09,1901,18116,7.58,1570,55
WEL000173,2022-01-07,3440,18409,8.43,1760,146
WEL000988,2022-09-30,2001,2297,5.29,3229,62
WEL001761,2018-09-07,2720,13696,22.81,2033,129
WEL002361,2022-05-16,3813,17039,29.2,3300,99
WEL001942,2024-06-07,2694,10664,58.79,3491,135
WEL000009,2023-03-21,1464,7266,56.36,1294,120
WEL002395,2018-03-19,2602,10077,37.94,3741,105
WEL000829,2019-09-25,2430,11548,53.39,2104,134
WEL000095,2021-02-14,4111,1577,59.22,3390,134
WEL002766,2024-06-02,3626,8075,59.54,3314,154
WEL000518,2019-12-10,4435,3934,46.66,1184,135
WEL002363,2022-06-02,4348,18533,8.47,2736,143
WEL001280,2020-04-21,2200,11269,52.29,2303,107
WEL002554,2024-02-21,373,14457,28.46,4960,165
WEL001355,2021-02-12,4852,19356,46.53,1506,91
WEL001093,2024-05-27,2199,2108,38.58,1148,60
WEL002236,2021-11-07,2373,5629,54.6,3105,91
WEL000127,2024-10-01,2416,8537,40.74,1759,178
WEL002456,2018-11-11,3663,8337,12.14,3089,112
WEL000616,2024-05-09,583,4093,53.73,3643,139
WEL002623,2019-02-22,820,1897,19.53,1981,58
WEL000111,2024-02-10,408,16478,9.84,1818,135
WEL002591,2023-08-13,3682,1696,11.52,3322,153
WEL000744,2021-08-26,3467,17179,11.69,2230,116
WEL002842,2021-03-08,1419,1567,20.63,2213,52
WEL001748,2021-10-28,3947,3601,25.53,1029,59
WEL002597,2022-10-08,1514,18533,9.32,1521,148
WEL001399,2019-02-03,1166,11080,40.52,2944,130
WEL002240,2023-03-03,4664,4119,55.36,3062,95
WEL000973,2019-11-10,4215,5080,8.95,4147,135
WEL002726,2018-10-30,4294,6663,38.86,1323,169
WEL000988,2024-09-12,300,11919,44.16,4158,166
WEL002838,2019-06-09,1481,764,17.52,2430,148
WEL001891,2018-03-04,1861,3965,6.0,4220,122
WEL000465,2021-06-26,4353,18105,27.12,2358,52
WEL001401,2020-05-11,4332,7367,40.23,2783,65
WEL002707,2022-09-22,1919,2015,27.45,4094,83
WEL000598,2024-09-23,4859,14786,6.37,3558,102
WEL002074,2020-01-09,886,12864,25.92,1710,102
WEL000121,2020-09-03,480,18082,25.09,4539,119
WEL001646,2018-08-15,2760,5649,51.38,4720,140
WEL001735,2021-11-13,3184,5575,52.31,2422,165
WEL001003,2022-11-10,1960,17939,40.92,2593,74
WEL001693,2022-06-15,2514,1689,58.29,2124,107
WEL002922,2021-12-15,920,4688,36.47,4929,141
WEL001956,2018-08-24,3029,1235,52.54,3116,60
WEL001898,2023-06-11,3337,10597,55.33,1129,123
WEL002522,2024-06-09,1511,725,6.93,2501,144
WEL001276,2022-01-09,850,16494,37.13,2179,105
WEL001810,2023-05-14,2891,2946,49.78,1051,101
WEL002698,2022-10-17,3214,19883,42.92,2338,142
WEL001221,2023-07-18,4470,9639,20.78,1329,89
WEL001023,2022-01-07,1227,18831,49.69,2680,134
WEL002057,2022-03-01,1581,19698,6.43,2075,145
WEL000496,2018-09-07,481,6692,45.55,3461,174
WEL000520,2022-03-31,3465,18543,21.14,3360,104
WEL002570,2024-03-08,4807,11391,44.23,4706,91
WEL002596,2022-09-01,4486,3304,49.07,2618,163
WEL001635,2020-06-06,3167,5049,8.33,3093,66
WEL000803,2020-02-16,3429,6626,21.41,2383,75
WEL002312,2018-11-05,2577,17086,25.4,1233,136
WEL000287,2020-10-12,3397,18978,20.35,3250,117
WEL002949,2023-03-09,2947,9942,7.85,3476,175
WEL002249,2020-05-07,4053,6323,59.77,3785,87
WEL001528,2021-07-20,1532,5047,16.36,4659,52
WEL001089,2021-08-30,3197,11866,20.98,4554,162
WEL000094,2021-07-27,4893,1266,6.97,3142,134
WEL002376,2023-01-10,4907,17226,25.54,1594,117
WEL002045,2022-08-07,4729,17376,14.2,2007,88
WEL001796,2018-11-06,3274,3275,51.31,4762,73
WEL001434,2018-12-23,4974,13227,26.03,3130,64
WEL002279,2024-11-12,4527,19580,12.35,2324,176
WEL001129,2021-10-12,3114,2286,46.16,2165,83
WEL000628,2022-07-30,4189,6998,54.31,2828,129
WEL000350,2021-05-07,4419,11656,12.1,2164,140
WEL002495,2018-03-02,2148,7073,24.33,3195,123
WEL001065,2019-12-31,1242,8140,24.1,3701,102
WEL002837,2020-11-28,952,18496,32.52,2796,131
WEL001883,2021-10-17,4216,13470,43.99,3746,146
WEL002073,2021-01-14,3300,12444,36.35,3880,108
WEL002425,2018-08-02,4074,15089,5.05,2163,121
WEL000359,2023-03-17,500,10458,42.96,1699,175
WEL002609,2020-08-13,338,12921,50.69,1460,59
WEL000555,2023-02-10,1596,11559,26.93,1026,79
WEL002345,2020-01-30,409,4881,56.52,3163,82
WEL001234,2022-02-04,2522,7214,19.96,1622,164
WEL000734,2018-04-15,2018,1396,22.92,1250,150
WEL000692,2021-07-22,3376,5082,23.12,1931,151
WEL001407,2024-08-02,778,8714,37.42,3921,64
WEL001377,2019-08-18,836,7202,41.15,4515,87
WEL002333,2024-02-08,2860,9367,17.5,1883,96
WEL002836,2021-02-26,2266,9803,50.46,1801,101
WEL002750,2022-08-24,2481,6608,16.27,1017,174
WEL002296,2019-02-18,2812,3256,54.92,3469,136
WEL002512,2024-09-24,4897,12218,57.11,4541,61
WEL000335,2021-12-01,1968,9512,56.75,4659,63
WEL002663,2018-01-27,4698,6626,29.83,1976,65
WEL000437,2019-08-10,1982,11597,15.87,4396,62
WEL001009,2024-04-02,4206,15597,34.59,1938,64
WEL001586,2019-10-03,3588,9965,8.72,4116,99
WEL001712,2024-04-18,461,7935,14.19,2832,168
WEL000340,2024-03-13,3939,17455,24.53,3709,122
WEL000071,2018-01-28,236,2961,47.41,2575,61
WEL001451,2023-05-16,682,15409,37.81,3845,154
WEL001063,2020-05-17,2070,10756,57.44,4388,93
WEL000991,2022-09-05,4119,1906,24.78,4032,147
WEL000314,2021-05-02,3406,15653,33.46,2366,137
WEL001622,2022-09-20,2030,17379,43.45,3789,83
WEL000295,2023-11-04,4501,16897,30.14,2704,178
WEL002046,2019-11-19,646,6549,58.27,4414,120
WEL002064,2021-03-08,3355,13917,50.32,3438,50
WEL000528,2024-10-15,985,11881,21.68,2073,158
WEL001354,2022-03-17,3320,12817,47.26,1587,51
WEL002266,2024-01-09,946,5880,39.71,2510,57
WEL002074,2020-10-18,4437,2860,41.83,4405,106
WEL002268,2021-06-05,193,945,9.06,2687,175
WEL001655,2024-11-20,2988,17537,49.1,3572,136
WEL002582,2023-04-28,1129,2815,23.36,4389,168
WEL000243,2020-08-20,1792,4463,56.47,3255,142
WEL000362,2020-07-08,3164,566,21.29,4343,72
WEL000908,2021-10-06,2260,14239,56.16,2516,72
WEL001178,2022-09-30,4424,6024,7.2,2936,176
WEL001032,2022-04-21,3284,952,15.81,4802,135
WEL001281,2023-07-04,1801,7108,33.68,1571,77
WEL001271,2023-01-20,4265,2864,49.56,1420,85
WEL002348,2019-06-28,345,1650,15.5,2133,129
WEL002840,2019-12-29,628,4581,47.76,4270,140
WEL001135,2023-02-12,343,11869,36.66,4282,177
WEL000329,2023-05-14,2992,888,38.74,2855,131
WEL002325,2020-07-18,403,18857,39.34,3208,90
WEL000075,2019-05-28,2932,1609,30.87,2711,114
WEL000779,2023-02-25,3209,5237,18.3,1097,80
WEL002787,2022-05-23,3566,3204,28.91,3530,156
WEL001150,2022-08-03,4860,1353,37.52,3475,72
WEL001131,2021-10-01,397,1972,13.93,2939,94
WEL000133,2023-08-23,4327,13735,12.18,4614,123
WEL001610,2024-04-18,1343,6319,48.41,1445,79
WEL000669,2021-09-09,3355,16392,10.28,3108,142
WEL002430,2019-03-03,2800,9154,36.76,2535,171
WEL000307,2024-12-27,1079,15282,10.41,4741,65
WEL002721,2019-10-18,2052,13790,16.67,4850,142
WEL000607,2018-06-15,4530,14588,12.76,2676,170
WEL002378,2018-02-17,4439,6735,30.5,4548,171
WEL000965,2018-06-19,3514,2956,24.42,4598,50
WEL000862,2019-11-13,2276,15975,11.76,4424,161
WEL001657,2021-11-18,2304,18157,26.54,4745,166
WEL000191,2019-02-10,3396,761,16.79,2252,115
WEL001503,2022-12-22,3860,10935,17.91,4190,162
WEL001785,2024-04-02,3644,8657,59.08,2081,102
WEL000710,2018-09-15,3842,8183,51.94,1754,71
WEL000878,2020-06-03,2697,2149,5.63,4332,82
WEL000095,2021-06-04,3261,14998,41.69,2208,163
WEL001841,2018-06-29,4910,4294,40.49,4819,179
WEL000318,2021-08-29,2417,10098,38.97,2510,166
WEL002515,2019-05-17,4265,15790,6.97,4149,61
WEL001044,2023-10-10,3682,8800,40.64,1820,110
WEL002050,2023-09-02,3596,5569,45.28,3873,165
WEL002343,2020-06-14,3634,11573,6.47,2078,62
WEL000408,2018-12-12,2864,11489,38.82,1118,172
WEL000830,2019-05-31,3997,2554,34.54,4417,178
WEL002337,2022-05-28,4463,10957,39.05,2117,95
WEL002645,2024-01-17,2145,1064,7.45,2351,137
WEL002190,2021-01-09,3243,10413,16.36,3374,107
WEL000439,2020-01-29,4353,11708,25.58,4205,62
WEL002590,2018-09-04,4272,14728,27.2,4176,169
WEL002349,2018-04-24,1104,3252,59.99,4335,141
WEL000950,2023-08-02,4493,19274,50.91,4967,70
WEL001424,2024-06-30,3461,2923,21.51,2242,147
WEL000564,2021-10-19,1460,9025,54.13,3065,70
WEL002791,2019-11-06,380,2317,9.14,2954,121
WEL000880,2020-11-29,2172,11809,9.01,2840,167
WEL001529,2023-11-12,2132,9558,26.32,1315,174
WEL001303,2024-12-31,3363,9428,37.95,4125,97
WEL000260,2019-03-18,4483,11872,34.33,3357,68
WEL001051,2022-01-18,3807,15343,15.32,3098,80
WEL001526,2022-05-01,3750,9912,5.09,1023,83
WEL000851,2020-03-12,1639,14110,42.01,1769,81
WEL001687,2021-06-27,625,3167,44.31,2832,171
WEL000990,2023-12-10,3795,10636,6.29,3231,114
WEL001009,2024-06-03,183,14303,42.79,1110,168
WEL002369,2024-07-29,4492,16485,23.24,3129,148
WEL000278,2019-05-31,519,5370,46.98,4394,109
WEL001672,2022-07-26,2294,11851,39.1,4756,64
WEL002298,2023-03-16,3956,4181,31.44,3787,164
WEL001869,2024-02-04,3071,12054,30.81,3958,124
WEL002412,2021-10-02,2295,5846,19.73,1528,112
WEL001752,2024-05-04,2224,11079,40.3,4294,94
WEL000901,2024-02-03,3923,17114,21.34,2994,113
WEL002355,2021-06-14,4684,4985,43.41,1963,81
WEL002761,2023-06-02,2761,19978,31.57,4593,110
WEL002440,2019-09-17,1153,16387,39.84,2283,113
WEL002665,2021-05-31,3586,8118,54.2,4042,103
WEL002858,2020-06-28,1101,16033,30.6,1330,66
WEL001796,2022-05-08,2999,12558,24.78,4530,85
WEL001852,2018-11-26,1291,7797,57.09,3064,75
WEL002077,2024-01-15,1808,14176,32.24,4510,160
WEL002790,2020-04-11,416,11938,34.32,2050,147
WEL002091,2023-01-30,102,17001,40.76,2556,74
WEL002199,2022-04-17,2477,17521,22.87,1011,111
WEL002061,2024-02-26,2035,4930,9.66,2512,52
WEL002414,2023-05-23,4384,8677,42.61,2068,162
WEL002497,2018-03-14,4593,11022,44.87,3188,109
WEL000183,2022-03-13,2809,7297,10.48,4621,148
WEL002628,2020-06-21,991,6883,42.22,3859,64
WEL000378,2024-02-27,3030,10646,45.45,4611,177
WEL000062,2020-10-28,3265,4196,8.72,2765,110
WEL001456,2023-08-23,1409,11961,13.06,1082,75
WEL001400,2024-10-31,2294,6631,49.98,2542,86
WEL002309,2024-04-29,1053,11525,55.26,2120,73
WEL001760,2021-04-28,1906,4121,31.86,1005,143
WEL002367,2024-02-02,2808,12850,19.7,4053,168
WEL000592,2018-08-07,1833,14282,53.97,4022,174
WEL001753,2020-03-20,3553,12012,22.84,3906,84
WEL002549,2024-02-15,2155,19841,29.98,2052,177
WEL002080,2018-09-02,2815,6788,12.74,2851,164
WEL002442,2020-06-13,3753,14146,31.93,4605,176
WEL001408,2021-03-17,470,15377,58.47,3353,171
WEL002205,2019-11-02,481,3308,57.81,2005,126
WEL001305,2019-02-12,2781,19694,43.7,1909,111
WEL000315,2018-06-13,578,13456,44.17,3781,176
WEL001458,2024-04-23,1902,11038,34.63,3372,139
WEL001210,2023-02-23,1661,7207,22.67,3480,112
WEL000474,2021-01-13,1428,9848,39.33,4575,94
WEL002896,2018-05-06,2141,2379,40.22,4389,118
WEL001493,2024-09-21,1918,7563,42.8,4138,57
WEL000038,2024-02-29,3358,19508,30.99,1249,69
WEL002398,2023-09-09,3212,19328,11.79,2038,142
WEL001860,2019-08-26,1367,11583,52.4,3033,151
WEL002064,2021-05-13,2824,7160,23.58,3533,57
WEL002213,2019-11-21,1000,5113,19.14,1004,156
WEL002032,2021-01-16,4986,10126,5.82,2509,153
WEL001674,2018-01-07,1169,9246,56.94,4079,142
WEL000443,2021-08-08,4615,613,11.92,2515,154
WEL000820,2022-11-01,3739,7709,27.68,4106,144
WEL000631,2018-05-31,331,19445,9.33,4585,134
WEL000495,2024-08-29,931,9144,21.83,3900,148
WEL000209,2024-03-23,4095,12625,49.51,3361,148
WEL002747,2023-06-24,1181,6033,50.48,3530,72
WEL002996,2022-09-18,4362,6164,25.54,3867,94
WEL001354,2023-05-30,1115,18235,57.64,2226,98
WEL002646,2019-01-13,4616,5760,53.36,2778,142
WEL001101,2019-08-26,1918,10299,15.14,3686,121
WEL000064,2019-04-17,3559,12839,10.08,4730,162
WEL001106,2021-01-17,535,7501,35.05,2841,93
WEL002392,2020-07-09,3514,2674,32.01,4260,67
WEL000059,2023-05-31,1181,7633,22.98,2274,134
WEL000146,2022-01-31,2207,10469,5.84,4887,168
WEL000891,2021-01-20,2377,4605,21.41,4484,72
WEL000493,2020-08-07,1338,6857,30.57,2508,107
WEL000896,2022-10-06,4987,19200,35.16,2354,146
WEL002318,2019-08-11,1101,4750,53.55,1084,67
WEL000110,2021-07-16,3130,12798,45.3,4064,81
WEL001212,2021-01-19,2836,9759,58.56,2805,84
WEL001382,2021-01-25,4543,5476,51.5,4986,133
WEL002900,2024-06-16,2208,1824,43.81,2000,71
WEL001480,2021-12-29,1718,4331,36.16,2879,120
WEL002155,2018-05-09,4348,10633,38.57,1191,84
WEL001522,2018-04-13,193,13893,47.5,4898,174
WEL002368,2021-12-20,3210,4902,23.63,1705,88
WEL002828,2022-07-19,4873,12903,13.56,3883,98
WEL000153,2019-04-14,3828,14479,37.47,4614,156
WEL001823,2020-06-22,768,912,12.73,2247,59
WEL000512,2020-11-05,2243,16448,8.01,3806,158
WEL001422,2023-05-09,2483,16604,42.08,3178,101
WEL002515,2018-05-22,2327,12808,29.87,4439,65
WEL001461,2022-04-19,529,18206,48.87,3411,109
WEL000400,2023-12-25,770,3814,21.43,3344,163
WEL001628,2023-02-18,2831,5429,56.85,1802,51
WEL000196,2024-12-12,2068,2382,26.78,3090,170
WEL002646,2024-03-25,2279,15061,27.92,2578,62
WEL002173,2021-02-06,3365,10202,12.55,1645,79
WEL001489,2024-07-30,1712,4004,10.91,1598,80
WEL002863,2024-07-12,3516,11749,11.78,2945,120
WEL000326,2020-07-17,1943,7548,36.33,4816,177
WEL001475,2018-09-10,4870,19981,28.84,2786,73
WEL000774,2024-08-10,2308,8708,15.02,4926,123
WEL001650,2019-08-25,1380,12589,37.31,4562,135
WEL002442,2024-01-11,3526,7091,12.78,4613,133
WEL000790,2022-08-25,3645,7988,12.51,2179,154
WEL000787,2019-07-06,3280,3998,55.5,3444,151
WEL000672,2023-11-09,870,8947,24.58,2192,110
WEL002612,2024-09-24,2401,13390,14.67,1735,120
WEL000139,2022-07-14,3583,13293,28.86,2491,155
WEL000006,2018-05-14,1548,6341,37.7,2325,107
WEL001365,2019-05-12,2587,12898,18.08,3328,78
WEL000431,2021-09-28,1313,2019,57.03,3057,64
WEL002216,2023-09-14,3662,11677,54.22,2883,139
WEL001572,2023-07-27,1358,4648,56.26,1598,129
WEL002698,2020-04-10,3602,5285,57.32,4467,116
WEL001437,2019-11-17,854,19207,27.89,3549,53
WEL001895,2019-10-22,840,11401,33.78,2012,165
WEL002725,2019-11-20,3885,18651,10.3,3769,116
WEL002044,2021-07-30,1409,10564,7.8,2334,163
WEL001215,2019-09-16,3006,13728,18.21,4211,104
WEL000536,2024-08-11,2187,17547,16.38,3615,89
WEL001223,2021-09-01,4936,14805,56.94,1403,163
WEL001046,2020-03-12,4785,2401,29.28,4768,153
WEL002678,2020-06-24,3649,19691,24.34,2200,175
WEL001976,2018-05-17,2352,5231,49.61,2935,112
WEL001053,2022-09-12,1208,9032,50.6,4374,138
WEL002194,2024-07-21,4542,11602,7.47,2924,54
WEL001598,2022-08-26,2640,10386,52.95,1039,142
WEL001988,2018-08-17,1951,2381,56.05,2274,177
WEL001486,2019-10-23,782,4770,21.2,4384,89
WEL000682,2019-04-01,2218,12833,18.5,1801,128
WEL002011,2022-02-15,4816,5234,30.32,3597,105
WEL000109,2021-07-09,2677,4028,49.37,1418,118
WEL001953,2020-03-14,1147,6352,41.89,1913,126
WEL002700,2024-10-16,1943,2699,52.41,4092,58
WEL002800,2023-08-19,765,15053,29.82,2909,104
WEL000035,2022-08-08,3433,5975,36.16,1238,103
WEL001547,2022-08-12,1833,11324,13.45,4066,77
WEL002061,2021-12-04,657,7433,16.95,4337,73
WEL000356,2022-07-27,4453,12402,29.08,2505,82
WEL002985,2024-07-02,3063,13327,49.39,2289,88
WEL002436,2019-05-20,425,14675,26.78,3448,72
WEL000389,2024-05-01,4559,4637,34.07,1474,149
WEL001466,2022-01-30,977,2364,52.71,2600,135
WEL002438,2023-06-11,1426,1012,25.99,2377,153
WEL002318,2018-09-10,2361,19584,23.96,2486,99
WEL002729,2024-09-11,3240,9943,51.12,3016,50
WEL000479,2022-11-29,2683,14005,23.2,4253,84
WEL000773,2024-10-28,3116,19274,14.53,3537,104
WEL001679,2020-07-25,2791,14853,45.96,3214,51
WEL001338,2018-04-07,783,1907,30.94,4250,149
WEL001027,2024-08-09,1477,16761,48.26,1312,109
WEL002014,2018-10-03,2597,572,14.29,1170,112
WEL002886,2020-07-13,2698,9836,28.02,4178,60
WEL002888,2024-04-28,354,2299,50.68,4816,68
WEL002559,2018-04-16,2992,5655,6.01,1644,82
WEL000894,2020-04-15,3834,19306,12.26,4869,142
WEL001406,2022-09-21,743,1323,24.57,3609,174
WEL001453,2023-07-05,714,15351,15.61,2898,169
WEL002283,2024-07-20,4795,15099,54.57,2289,79
WEL001096,2018-12-24,1677,1979,48.06,1148,135
WEL002797,2024-09-21,4206,18487,52.27,4856,64
WEL001016,2024-12-12,2126,1187,24.42,2574,94
WEL000065,2024-02-15,1361,18387,19.77,4851,89
WEL000305,2024-08-19,4383,2382,59.54,4096,113
WEL000349,2023-02-08,4120,2674,26.85,1026,95
WEL002710,2022-01-20,676,3122,16.73,2727,155
WEL001807,2018-08-11,2204,6041,25.4,4486,67
WEL001958,2020-08-04,2875,7107,6.14,2647,68
WEL001392,2018-09-28,3309,16207,34.37,2579,92
WEL001891,2018-06-16,342,11847,11.08,4139,141
WEL002274,2020-01-28,3497,5888,8.54,1017,94
WEL000351,2019-09-17,121,1046,22.98,1369,131
WEL000914,2023-10-14,2199,1899,57.66,4999,126
WEL000632,2021-03-30,4863,13439,35.13,1726,121
WEL000811,2021-02-21,926,16026,22.23,3884,68
WEL002604,2023-09-17,4894,4565,54.22,1412,92
WEL002237,2023-11-09,1430,12093,37.82,2352,168
WEL002772,2019-07-21,2413,2435,33.42,2816,57
WEL002312,2023-10-05,1892,12612,51.93,1101,56
WEL000134,2018-08-14,3653,903,52.05,3512,148
WEL002481,2023-08-02,1695,16004,43.74,3205,97
WEL000067,2019-02-07,501,17759,38.68,2697,107
WEL000154,2019-02-22,535,15346,53.86,1788,124
WEL001910,2018-11-17,477,7434,10.42,2824,115
WEL000011,2019-04-29,3424,16579,21.35,2328,103
WEL002243,2018-08-17,2863,11600,5.58,2907,93
WEL001134,2018-02-01,3959,4236,50.67,3371,129
WEL002949,2023-12-05,3460,12701,24.78,4243,89
WEL000287,2021-06-09,4296,2380,18.43,2492,64
WEL000715,2024-10-08,337,12147,45.52,2955,67
WEL002345,2024-07-21,926,1672,5.37,3735,141
WEL000410,2023-08-01,611,17614,30.62,4149,135
WEL000555,2022-03-08,1708,8980,59.58,3525,58
WEL001351,2022-03-18,3529,10182,45.27,1129,152
WEL003000,2018-10-17,4067,10033,13.32,4587,157
WEL002884,2019-06-02,4888,5588,8.06,1085,138
WEL002820,2022-09-22,3863,16072,11.74,2412,100
WEL000570,2018-02-24,1204,8704,23.85,1627,96
WEL002769,2019-12-23,3203,6368,34.47,3645,70
WEL000466,2020-07-16,631,2560,57.5,3030,102
WEL000572,2020-09-19,3418,3672,22.07,4450,122
WEL002016,2022-04-20,3733,8970,38.19,3787,114
WEL002794,2024-08-09,1347,17301,18.49,3965,163
WEL001829,2023-08-21,3335,13086,49.45,1393,101
WEL001849,2022-02-12,622,14059,35.85,1054,176
WEL000771,2023-02-01,4665,6929,53.19,3769,107
WEL002039,2024-12-30,1418,12747,11.85,2141,119
WEL000669,2018-06-10,1317,10613,32.34,3949,130
WEL001179,2020-07-08,4172,6007,53.92,1299,179
WEL002623,2023-01-31,2379,16906,55.88,1689,62
WEL000708,2021-06-25,4869,4299,22.67,4751,108
WEL000131,2024-04-15,2377,2134,31.57,1986,162
WEL002411,2022-11-06,3615,18800,21.29,2908,87
WEL001641,2019-07-08,3217,11038,8.03,2072,170
WEL000843,2023-12-27,1192,14371,34.79,4481,72
WEL002149,2022-04-27,1076,5568,6.52,3149,53
WEL002736,2019-07-06,3121,10215,56.37,4103,88
WEL000031,2020-02-25,4546,7981,29.71,2483,127
WEL002457,2021-04-23,2734,11301,48.56,1928,128
WEL001267,2024-09-12,4351,3099,34.68,4534,128
WEL000833,2021-04-08,4179,16587,8.89,4671,118
WEL002877,2021-02-17,3144,6682,15.23,2157,64
WEL002109,2022-03-28,954,3403,47.08,3128,133
WEL001586,2021-09-27,1366,2234,12.93,3671,165
WEL001504,2024-10-25,226,6829,34.85,1629,73
WEL002473,2022-01-22,2404,2322,55.88,2617,175
WEL001158,2020-07-07,2852,17818,47.84,3540,115
WEL002991,2021-06-26,1154,18001,35.43,4728,83
WEL002892,2019-04-29,2802,6639,55.45,2438,157
WEL000215,2021-07-30,1693,10581,50.04,1376,58
WEL001302,2024-10-23,1213,2101,33.67,1333,67
WEL001984,2024-01-05,4777,17596,58.58,4932,145
WEL001800,2019-05-19,2981,8945,17.45,3812,54
WEL000942,2023-04-24,1927,15867,42.04,2184,138
WEL001614,2022-05-04,710,8937,8.18,3239,121
WEL002972,2023-10-31,989,14665,31.58,2677,135
WEL002786,2020-09-24,3716,13648,21.49,2590,104
WEL001902,2020-06-16,4940,12972,52.6,2946,90
WEL002513,2020-05-03,1519,10079,25.41,1248,89
WEL000817,2024-08-04,2115,8112,56.36,4304,149
WEL000220,2022-10-08,3025,9326,50.95,3313,116
WEL000035,2021-09-11,1204,13222,41.12,4568,128
WEL001255,2019-06-29,839,9669,38.1,4042,137
WEL000735,2019-06-19,3120,15392,24.57,1303,57
WEL002964,2023-11-30,4480,18607,36.1,2888,98
WEL001222,2021-09-07,1275,15339,12.99,4589,66
WEL002011,2023-08-26,4113,1548,45.43,1366,173
WEL001220,2022-05-18,1732,1809,49.04,4650,118
WEL000709,2024-05-19,3428,7619,7.46,3098,101
WEL001799,2023-02-04,4364,5651,15.68,4476,101
WEL001564,2024-08-13,2431,3464,30.96,3763,149
WEL002505,2022-02-07,3596,15633,38.38,1311,65
WEL001506,2024-02-20,4060,19384,13.61,1920,143
WEL000306,2019-12-09,4035,18930,51.64,2123,70
WEL001489,2023-05-03,1019,5883,36.91,3788,147
WEL001371,2018-02-17,4852,5562,16.29,4305,80
WEL002720,2018-03-21,2593,12509,35.22,4821,170
WEL002494,2024-01-27,479,13910,24.46,4331,77
WEL000810,2024-03-20,842,11052,44.98,2191,51
WEL000315,2019-01-23,1459,15933,21.17,1921,130
WEL002444,2022-02-02,1469,6000,38.71,1885,80
WEL000136,2019-06-10,1297,2231,14.14,1494,170
WEL000154,2024-01-25,4152,12133,6.85,3782,172
WEL001117,2019-07-10,251,2559,52.03,4439,151
WEL001164,2023-05-20,506,11472,40.42,2927,64
WEL002083,2021-11-01,4660,9847,35.49,3789,175
WEL002392,2019-02-10,1137,4246,21.23,3192,144
WEL001331,2023-12-09,2997,4392,32.59,1181,96
WEL000768,2022-06-21,4610,7487,38.35,1744,52
WEL002643,2018-10-04,658,12657,36.92,2062,69
WEL001729,2024-03-23,4863,19578,43.8,4424,123
WEL001705,2022-12-08,4072,16398,19.33,3132,51
WEL001522,2020-10-08,2215,721,59.68,1373,145
WEL001717,2020-11-26,2229,18705,24.31,2377,63
WEL000131,2022-04-24,4279,10141,14.4,3869,141
WEL001783,2024-11-09,1169,8092,28.45,1640,89
WEL000527,2018-04-09,3422,19906,44.06,4465,75
WEL001670,2024-07-06,2879,2519,48.06,4419,84
WEL001025,2022-06-20,1786,13921,30.63,3841,52
WEL002845,2021-06-06,4334,3948,45.65,2243,154
WEL002333,2023-07-25,2404,1374,23.59,3847,134
WEL001994,2024-08-10,855,17739,14.52,3544,59
WEL001530,2018-09-06,1629,6934,32.3,4928,115
WEL000213,2024-07-20,2457,7626,22.89,1441,163
WEL001057,2018-03-13,4589,14867,51.52,4648,120
WEL002276,2020-06-23,1140,12695,17.17,3657,171
WEL000597,2018-02-12,2225,11328,42.08,4867,90
WEL001123,2018-03-31,1208,1628,47.88,2755,69
WEL002880,2020-07-26,4494,4433,46.98,2078,131
WEL000597,2024-04-30,3286,16852,41.38,4870,82
WEL002789,2020-07-26,1140,19854,34.27,4629,167
WEL000290,2022-03-07,2484,12021,38.12,1959,71
WEL000605,2020-06-12,2765,8967,15.2,2314,122
WEL001730,2018-02-13,3291,16704,9.57,3912,83
WEL001399,2019-12-02,2157,2150,27.31,3579,106
WEL002228,2018-03-16,853,7306,13.09,2739,126
WEL001448,2024-03-21,2243,7690,10.97,1795,68
WEL001603,2022-02-02,328,5150,40.92,4300,117
WEL000707,2021-10-04,279,9634,52.62,4501,148
WEL001439,2022-04-28,1314,4392,58.99,2691,56
WEL000935,2021-02-08,918,11682,28.66,4742,131
WEL000357,2024-11-26,1623,13283,27.49,3837,100
WEL002717,2023-09-03,2278,2688,44.6,3762,166
WEL001432,2019-02-19,4382,16865,55.28,1960,105
WEL000612,2022-12-12,4509,11226,48.32,4953,50
WEL001135,2018-03-31,134,11037,25.24,1249,86
WEL002138,2019-04-11,4139,16116,33.59,4919,53
WEL000183,2020-04-26,4316,9592,21.98,1469,137
WEL001854,2019-01-30,3437,3538,49.02,3507,139
WEL001963,2023-05-06,3827,6980,38.32,3030,62
WEL001468,2024-09-21,3574,15266,9.68,1639,127
WEL002466,2019-01-06,2637,932,59.53,4456,149
WEL001295,2019-02-03,3648,6733,29.9,2644,143
WEL002124,2023-11-04,3788,16526,52.37,1879,177
WEL001510,2021-03-03,4284,6231,26.41,2572,172
WEL001306,2024-11-10,314,1216,24.55,4834,88
WEL000854,2022-06-18,4270,5372,29.74,1079,50
WEL001901,2019-09-26,3005,17219,57.74,1084,156
WEL001381,2019-01-07,1536,17741,49.0,3404,136
WEL000122,2024-06-07,4184,1215,32.01,4850,91
WEL002046,2019-05-30,4038,12981,46.41,3184,177
WEL000984,2018-10-03,2248,18412,16.24,1533,124
WEL001306,2022-11-18,2000,1806,43.78,4036,77
WEL002284,2018-02-14,154,566,21.14,3446,143
WEL000191,2023-03-17,1965,10813,33.1,4241,159
WEL001506,2022-06-19,2739,17965,33.11,1292,165
WEL002312,2023-08-11,3312,9606,37.47,2113,160
WEL001331,2023-03-26,1677,2402,47.7,4975,165
WEL000852,2023-02-10,4313,5377,55.57,4469,131
WEL000673,2020-07-17,3948,11013,47.33,2965,163
WEL002828,2020-07-19,1163,2405,39.46,1681,162
WEL002965,2021-07-21,2824,2374,33.98,4519,87
WEL000074,2018-03-28,4125,18490,7.86,1128,90
WEL000479,2019-06-01,4184,17430,7.48,3248,94
WEL000824,2019-01-11,1011,14520,27.76,2781,170
WEL000276,2020-02-25,3979,8435,15.09,4392,62
WEL000979,2019-11-27,3408,11783,30.31,2373,116
WEL000957,2022-12-15,2524,615,15.34,4377,50
WEL002634,2024-06-14,4668,1219,36.12,3309,56
WEL002021,2019-06-26,2408,649,7.31,4896,61
WEL001305,2021-12-11,1150,8811,28.0,3300,159
WEL001052,2019-01-28,807,18991,12.06,4089,102
WEL001563,2022-03-09,3143,11503,16.8,1618,84
WEL001800,2021-01-01,3620,12571,25.48,2975,57
WEL000994,2020-03-13,4271,18386,47.59,3066,124
WEL000518,2023-12-02,1982,2827,33.49,1819,136
WEL001228,2021-06-03,880,18521,29.86,4816,168
WEL000488,2020-11-19,4952,2112,30.89,2327,95
WEL000330,2024-10-08,704,5091,11.34,3721,161
WEL002538,2022-08-13,2515,14603,51.37,2355,122
WEL000966,2020-12-06,3045,11620,10.79,4525,161
WEL001061,2018-12-02,1374,10218,56.03,3481,70
WEL001487,2023-08-31,1771,10769,12.19,4925,121
WEL002649,2024-12-31,2761,3104,49.0,4211,155
WEL000712,2020-06-17,2681,4098,51.34,2041,130
WEL000731,2024-11-12,2190,7899,12.74,4410,178
WEL002161,2023-02-16,680,15892,19.31,3452,135
WEL000775,2020-04-04,4431,15671,18.23,1670,142
WEL002431,2022-08-03,2744,1619,17.34,3781,117
WEL000847,2020-12-27,1563,8374,33.04,1594,176
WEL001012,2021-10-14,3948,5356,21.82,4225,92
WEL001051,2019-07-27,1024,7722,15.05,2710,158
WEL002353,2021-07-14,2418,4357,47.68,3816,167
WEL001359,2022-03-04,3078,13856,36.51,1947,109
WEL001697,2018-10-08,1999,6615,10.37,4608,179
WEL001466,2024-06-12,3897,1613,24.4,3114,134
WEL002084,2020-07-24,3183,836,16.13,1049,137
WEL000093,2021-04-11,2681,10245,37.98,1803,78
WEL002682,2021-12-16,942,7139,24.49,1769,61
WEL000626,2023-11-15,4568,10927,13.35,2338,128
WEL000708,2022-05-06,2274,2950,7.29,3170,120
WEL002023,2018-03-27,1384,14504,22.08,1004,116
WEL001942,2018-04-05,2907,12304,33.46,2651,121
WEL001243,2020-11-25,739,13527,20.95,3304,113
WEL001363,2019-10-06,4012,10750,11.19,2638,161
WEL000544,2019-03-09,4769,10263,41.86,3162,107
WEL001138,2019-06-07,4204,1527,26.02,2117,84
WEL000122,2018-03-19,4669,692,47.09,2934,152
WEL000267,2018-07-07,1725,2146,6.32,1939,133
WEL000643,2022-11-22,2994,16626,24.21,4432,82
WEL002764,2022-08-10,2710,8220,12.14,1660,174
WEL002053,2022-06-02,1807,8105,38.47,2410,156
WEL000737,2019-12-06,2652,845,9.52,2592,116
WEL001116,2023-06-11,3362,13111,6.23,3061,99
WEL002197,2023-07-30,4082,5897,9.15,3739,161
WEL002502,2024-01-29,940,11588,34.76,2779,62
WEL002259,2019-05-16,491,9936,6.41,4308,86
WEL001526,2020-06-10,999,13038,22.04,2527,78
WEL001971,2021-03-26,4523,15761,43.77,1859,178
WEL002218,2018-07-28,1068,16336,22.66,2485,62
WEL001718,2020-01-26,2681,6029,5.37,3663,82
WEL000719,2019-04-02,4579,13799,8.51,1589,175
WEL000035,2018-10-15,3000,7169,27.88,3206,67
WEL002044,2021-08-09,2898,13353,16.85,1518,68
WEL001524,2024-07-16,2535,6412,27.64,3274,162
WEL000196,2024-05-06,4113,16063,21.58,3558,150
WEL000876,2022-10-04,4579,18784,43.42,3197,59
WEL001994,2024-11-10,2776,10984,25.31,3949,102
WEL001877,2021-11-07,2860,6373,19.39,2925,163
WEL002942,2022-09-22,628,16331,25.19,4442,84
WEL000431,2021-12-16,3505,3562,31.75,3344,72
WEL002837,2021-01-02,4792,4982,25.78,1979,138
WEL000357,2020-04-19,2736,16958,19.15,3314,59
WEL002897,2022-09-03,4145,16062,7.56,4758,62
WEL001124,2018-05-26,1187,8738,36.75,2513,61
WEL001923,2021-05-10,4385,8791,6.79,1001,141
WEL000942,2024-01-24,3985,16721,49.19,4807,102
WEL001559,2024-10-02,192,879,58.41,1243,103
WEL001453,2024-07-09,2393,4851,16.45,1379,62
WEL001432,2019-05-04,3017,10551,17.34,2719,137
WEL000678,2018-07-10,3798,5049,26.12,1168,105
WEL001691,2020-07-03,3276,1958,30.09,3250,162
WEL002435,2024-12-22,2101,13969,30.27,3218,117
WEL000755,2023-12-14,3084,8488,43.81,3823,152
WEL000024,2019-02-23,4791,3706,56.07,4050,138
WEL002839,2021-08-07,3251,1766,40.58,3104,125
WEL002707,2023-04-24,3381,13276,55.25,4716,59
WEL002665,2023-05-01,357,17915,15.67,1248,55
WEL001430,2022-10-07,2317,2357,30.95,4034,132
WEL001692,2020-08-28,553,11859,49.08,4419,89
WEL002503,2020-05-19,3238,14459,33.65,1165,81
WEL002913,2020-05-25,250,15815,29.95,3872,147
WEL002841,2018-09-05,1916,2870,13.02,3296,139
WEL002235,2022-07-25,4008,13916,24.82,2338,92
WEL002443,2022-10-20,2633,6138,20.89,1106,54
WEL001990,2019-08-08,3634,15010,36.9,2960,122
WEL000702,2022-01-18,4131,17472,16.99,4029,94
WEL002912,2022-10-18,3325,14848,10.7,4668,103
WEL001477,2023-06-05,4745,16387,21.9,3295,92
WEL002327,2024-04-30,2654,11613,6.75,1571,122
WEL000112,2019-07-15,322,4607,14.84,3940,179
WEL002939,2022-12-20,1407,8904,47.05,1259,117
WEL001603,2020-06-26,2634,6770,59.23,2540,57
WEL002374,2023-11-25,195,7540,16.36,2412,151
WEL002590,2024-03-07,2700,7345,23.3,1948,105
WEL001201,2023-10-21,4585,19576,21.92,3275,64
WEL001806,2020-04-11,2427,10867,54.95,4874,175
WEL000699,2024-04-13,1649,5554,52.32,4479,153
WEL000348,2020-09-03,1947,9339,13.73,2048,60
WEL001040,2022-07-18,3106,18939,33.44,2332,103
WEL002091,2022-04-09,2888,17685,51.89,3453,118
WEL001988,2023-04-18,3342,10679,33.93,1906,78
WEL000364,2019-03-18,4486,15016,57.7,4312,169
WEL002711,2019-12-01,4454,19553,53.55,4037,101
WEL002022,2018-09-29,4191,9438,10.12,1596,169
WEL000067,2022-05-04,2758,18473,23.64,4174,95
WEL001912,2021-03-20,393,10228,40.27,1095,144
WEL000536,2019-01-12,2596,17765,25.73,3167,90
WEL002595,2023-08-28,1649,15891,56.9,2962,53
WEL001206,2023-08-04,2690,17508,15.81,1663,136
WEL000188,2021-02-03,619,16618,50.95,4164,127
WEL002144,2020-10-23,1943,5108,54.45,1334,102
WEL001098,2022-12-13,1801,18051,33.44,3099,166
WEL002971,2022-04-18,4136,13517,35.36,3091,56
WEL001679,2020-05-13,151,11825,28.96,1341,169
WEL001562,2019-02-09,1616,19178,39.56,1006,147
WEL001813,2024-06-26,3293,15024,54.57,1570,115
WEL001371,2022-11-09,1563,6281,13.89,2311,79
WEL001003,2019-05-26,2780,14767,8.67,2966,128
WEL000642,2021-12-26,3652,5557,28.65,2607,142
WEL000968,2024-01-01,350,10401,25.83,3313,133
WEL002756,2018-06-10,1927,4711,38.05,1100,101
WEL002040,2020-11-25,749,1100,18.28,4612,62
WEL000461,2022-10-13,1307,8121,38.18,2133,175
WEL001560,2022-09-17,3292,3457,59.62,3905,70
WEL000548,2021-09-09,2137,14865,16.83,1269,145
WEL001952,2019-12-17,2577,3634,39.95,3198,169
WEL001660,2020-05-16,4999,10004,7.79,2055,65
WEL001206,2021-08-12,114,10608,32.31,2907,94
WEL002090,2023-09-21,2475,1627,5.46,2852,116
WEL000023,2019-03-13,4703,17285,10.61,3972,107
WEL000753,2019-01-18,1820,9843,53.35,4553,159
WEL001643,2018-02-04,2664,17728,52.3,2758,74
WEL000370,2020-04-16,2614,13825,36.84,1107,161
WEL000979,2021-08-11,2651,2213,53.48,2367,73
WEL001936,2018-10-17,2666,11081,18.93,4971,179
WEL000763,2024-04-06,826,3991,46.61,2747,137
WEL002474,2023-12-20,1132,5059,29.1,3942,131
WEL001599,2023-08-23,4933,12702,15.38,2140,128
WEL001008,2024-05-24,1430,13387,11.48,1819,59
WEL001581,2021-01-29,974,8049,57.71,2427,161
WEL000240,2023-06-22,1676,5467,24.57,4130,99
WEL002672,2019-02-18,1576,19473,39.99,4492,52
WEL001430,2020-02-24,684,16168,51.78,4157,101
WEL002766,2022-11-03,207,10644,10.27,4647,75
WEL002672,2019-03-13,4575,6157,33.74,1458,154
WEL000357,2021-04-21,2739,12085,47.58,3667,124
WEL001406,2019-01-22,4692,983,32.79,2858,58
WEL000747,2020-07-03,1635,16820,50.11,1495,98
WEL000284,2024-09-15,3022,17358,33.43,1281,89
WEL002130,2023-04-18,2267,17854,49.97,1443,130
WEL001093,2019-03-11,571,3139,23.11,3107,133
WEL001460,2018-09-27,1168,18708,32.32,2368,106
WEL001725,2022-04-05,4775,10767,46.1,3457,107
WEL001066,2024-07-01,2862,6620,34.25,2102,150
WEL002715,2020-11-10,2774,12266,13.66,4252,92
WEL001030,2019-03-17,4493,15019,12.16,1823,176
WEL002843,2023-06-10,3235,12206,8.92,2037,132
WEL000328,2019-02-21,3475,4528,20.94,2438,109
WEL000677,2020-02-17,3988,4810,31.56,4335,56
WEL002208,2023-05-09,2779,15216,10.65,3915,134
WEL002326,2018-04-11,4440,8839,21.88,2073,70
WEL002270,2020-08-24,1423,9489,29.91,3188,147
WEL000216,2021-07-23,4965,5425,50.5,3783,160
WEL000800,2022-07-22,4379,11163,25.56,4809,107
WEL000658,2020-08-16,3733,12004,50.16,3494,172
WEL000430,2020-07-16,3675,10269,24.94,3497,91
WEL001777,2024-02-28,1375,1624,33.15,2979,125
WEL002900,2018-04-08,2087,15214,43.04,1717,57
WEL001302,2024-07-23,781,9233,16.31,1277,126
WEL000995,2022-06-27,2603,3798,36.27,4272,99
WEL002185,2022-06-14,3516,15719,30.57,4751,68
WEL002991,2023-08-11,487,19515,36.35,4248,149
WEL000654,2020-02-13,4020,15686,18.42,3422,140
WEL002312,2019-07-24,2585,6215,14.01,2698,68
WEL001339,2020-02-07,815,7275,21.21,2033,178
WEL002295,2019-10-21,4960,11223,48.09,1759,103
WEL002853,2023-05-03,2628,6429,5.92,4207,173
WEL001563,2022-07-15,399,2975,25.99,3224,105
WEL001206,2022-03-19,586,17874,23.37,3607,178
WEL001214,2018-05-28,2674,10145,41.26,2628,115
WEL001471,2022-12-01,4307,793,17.85,3747,168
WEL002561,2023-09-04,3909,7616,10.41,1964,88
WEL001512,2022-08-30,1660,641,31.83,4768,93
WEL000669,2021-01-29,1106,5567,14.86,2613,163
WEL001421,2022-10-03,3507,2386,28.0,3331,56
WEL002212,2018-12-19,1432,19379,18.58,2359,53
WEL002883,2021-03-14,1898,12343,6.07,1426,91
WEL001918,2020-01-19,2847,2169,44.34,4595,108
WEL002318,2020-06-19,2828,17174,10.46,2023,124
WEL001437,2019-01-09,1119,12198,24.32,3615,73
WEL002236,2022-06-07,3167,13052,18.59,2098,155
WEL001151,2020-11-28,355,3586,25.89,2767,131
WEL002376,2022-04-02,3040,9449,11.29,1634,149
WEL002614,2020-10-27,243,18810,36.06,3295,116
WEL000718,2024-01-30,1517,11680,40.35,4912,97
WEL001471,2018-07-09,2962,822,18.53,2620,75
WEL001999,2024-12-08,3638,3519,45.2,4652,163
WEL001592,2024-08-31,3664,13762,16.94,3407,103
WEL000404,2019-04-11,2868,4274,58.78,1384,179
WEL002385,2021-12-13,2472,3695,7.16,4640,82
WEL002901,2022-03-05,3981,9410,45.05,3160,171
WEL002267,2018-12-01,3886,1025,51.78,4324,148
WEL001583,2022-09-29,1485,4461,13.71,2488,171
WEL002902,2023-04-28,1994,19472,46.6,3610,94
WEL001324,2022-02-28,1472,9424,13.36,1052,92
WEL002699,2020-07-15,3214,12510,25.25,2549,118
WEL002308,2021-02-06,229,17565,35.56,4031,52
WEL000520,2020-09-21,1367,7984,21.72,4817,89
WEL002563,2023-07-29,3444,5764,54.36,2400,179
WEL000239,2023-04-30,3152,13848,16.31,1574,154
WEL002303,2018-08-07,4204,12655,35.12,4431,117
WEL000272,2024-07-22,1672,7885,41.73,1818,114
WEL001663,2018-09-15,4572,2277,59.39,4066,113
WEL001163,2023-08-23,1481,14925,55.14,1270,58
WEL002426,2021-07-10,2451,6331,55.47,1454,113
WEL001040,2020-10-01,1335,13624,52.97,3495,94
WEL001277,2018-02-27,2649,2257,44.62,2944,128
WEL002895,2018-10-25,4487,19047,35.66,3720,115
WEL002353,2018-11-18,304,7501,16.56,3288,113
WEL000190,2019-12-31,2811,2241,22.94,2120,124
WEL000320,2020-09-27,4900,7080,5.05,4080,147
WEL000677,2020-11-24,208,16675,21.52,4854,128
WEL002263,2024-06-28,4853,4593,13.5,3701,108
WEL002355,2021-09-11,4139,14302,23.38,1335,169
WEL000207,2021-01-14,2960,4770,19.63,3188,170
WEL001735,2022-03-22,1106,5317,12.5,3232,160
WEL000936,2022-05-24,4659,2812,40.6,2454,121
WEL001568,2019-05-13,3279,19985,6.48,2158,129
WEL001970,2018-05-28,1759,2267,25.09,1439,104
WEL000836,2019-09-29,1689,8735,18.57,2192,111
WEL002850,2022-05-27,3917,7592,12.84,3484,114
WEL001868,2021-03-12,2562,8556,33.15,4650,75
WEL001262,2019-05-14,340,12455,50.53,3688,62
WEL001976,2020-08-14,1072,19232,33.38,1450,173
WEL001484,2024-02-15,1558,6659,33.51,4166,54
WEL001060,2021-10-04,144,4063,26.98,1238,125
WEL000385,2020-06-08,1372,18810,11.43,1808,106
WEL001980,2018-11-28,824,14756,39.84,4970,68
WEL001040,2019-03-26,1571,5236,58.19,2898,168
WEL000793,2024-09-30,1603,12412,15.45,1983,70
WEL000799,2018-08-16,1327,1067,32.45,1713,84
WEL002759,2020-11-13,3569,10279,15.33,2578,172
WEL000819,2019-12-20,3960,18456,39.73,3230,53
WEL002983,2023-04-23,1076,5223,20.21,2794,166
WEL000195,2018-09-29,3804,7305,8.26,4450,144
WEL002231,2020-12-04,2562,9024,7.3,4876,164
WEL002494,2019-10-10,922,8881,58.99,4402,134
WEL000152,2020-02-23,2983,1484,38.99,4477,82
WEL001736,2020-09-02,948,6572,22.09,4610,80
WEL001320,2020-08-22,2449,1617,32.41,3904,114
WEL002956,2018-03-16,2676,12548,33.95,2813,73
WEL002953,2020-02-20,1522,6815,10.27,4278,87
WEL002671,2021-05-16,4662,4058,56.79,1870,74
WEL001383,2022-06-18,2038,8231,59.05,1570,166
WEL001635,2023-04-04,2706,15500,27.92,2704,110
WEL000707,2023-06-08,1895,16312,13.58,4070,144
WEL002834,2023-08-03,2386,11014,48.36,3527,149
WEL002144,2018-02-07,2614,14723,14.84,3833,61
WEL000791,2022-09-11,4630,9004,18.31,2473,167
WEL000252,2024-07-05,2290,10580,47.64,3840,112
WEL000718,2020-03-05,4133,11327,41.15,2977,174
WEL001757,2022-04-01,3946,2946,24.44,1040,94
WEL001071,2018-03-09,2100,5422,8.82,4996,103
WEL001361,2021-04-29,4724,3416,45.93,3676,117
WEL001408,2018-08-26,3406,9613,39.37,2268,52
WEL001991,2019-08-04,2856,18113,35.64,2162,134
WEL002693,2021-11-23,3002,10844,20.71,2325,101
WEL000421,2022-04-02,718,17606,20.83,3865,130
WEL001531,2020-02-20,1158,2915,30.59,1959,85
WEL000926,2022-08-14,1124,8693,25.03,1178,95
WEL001068,2024-02-23,2510,15039,41.31,3284,97
WEL002490,2023-07-22,3029,9659,37.7,4554,112
WEL002911,2020-05-25,163,19825,39.63,1423,92
WEL000343,2021-03-09,1263,9485,52.0,4811,59
WEL001496,2022-10-06,1234,16107,16.44,2371,176
WEL000830,2018-06-27,3042,11212,41.52,3551,176
WEL001212,2021-09-07,4452,698,53.95,2568,160
WEL000810,2018-12-23,4303,1091,49.21,1129,72
WEL001437,2022-07-03,1727,8091,32.34,2724,120
WEL001039,2020-03-31,2205,8040,25.14,3973,108
WEL000494,2018-09-05,1054,13130,55.26,3718,93
WEL000989,2023-06-20,2941,16782,42.25,4359,100
WEL001602,2019-12-10,667,5180,19.87,2791,125
WEL001008,2023-03-03,2880,7836,39.04,1698,90
WEL002501,2020-07-06,1790,3402,5.52,1855,74
WEL000323,2023-01-04,1717,9157,27.39,1150,156
WEL000114,2021-05-19,4096,6710,55.0,2620,110
WEL001452,2018-10-31,903,19868,40.62,2024,69
WEL000728,2023-02-05,1288,9123,43.13,2915,66
WEL000517,2022-01-23,4885,10170,44.76,2002,129
WEL001634,2023-08-06,1667,13084,5.85,4754,172
WEL000083,2021-05-01,3384,8895,30.7,1333,142
WEL001397,2021-05-28,3411,4405,44.67,1093,166
WEL000639,2023-08-24,3735,16027,13.43,4123,146
WEL000514,2024-09-21,3958,19942,26.71,4414,127
WEL000234,2023-12-30,350,607,36.77,2549,57
WEL001016,2019-04-17,1679,3047,25.59,3207,50
WEL001457,2021-07-30,2917,13701,25.2,3357,97
WEL000252,2022-07-04,1535,3446,30.37,2195,167
WEL000365,2024-04-27,4436,9539,42.63,4067,63
WEL001168,2020-07-09,4455,9271,7.27,1790,162
WEL000730,2024-12-31,1439,18720,45.36,4589,129
WEL002941,2021-06-07,3830,11640,10.8,2316,173
WEL002262,2019-12-25,255,12321,27.52,4007,161
WEL001551,2020-10-01,4031,18308,49.41,2090,163
WEL002573,2023-04-24,3815,15685,52.6,2802,51
WEL001875,2022-11-05,3437,3175,26.13,2686,153
WEL001886,2019-12-19,282,17892,21.95,1462,146
WEL000112,2020-04-25,2795,2402,51.69,1996,76
WEL000728,2022-09-26,4228,18744,58.0,1082,127
WEL002528,2021-06-25,4657,10267,35.22,4202,140
WEL002433,2020-12-24,855,17606,32.44,3592,72
WEL002776,2018-09-05,4378,18686,41.82,4379,118
WEL000797,2023-03-02,4319,18742,54.34,4105,131
WEL002999,2023-06-19,2731,12175,39.14,3733,102
WEL001606,2020-07-20,704,17076,10.33,4222,141
WEL000830,2022-07-25,4402,8395,6.41,4471,159
WEL000818,2021-05-19,4642,7844,33.94,1703,86
WEL002042,2024-04-07,4945,9829,53.01,4845,161
WEL001820,2022-07-08,4344,11539,31.17,2763,54
WEL002789,2021-10-01,2201,19766,41.96,3975,171
WEL000662,2020-05-13,1118,4551,11.55,4575,94
WEL000943,2024-10-16,666,15864,33.51,1707,83
WEL002382,2023-04-21,1824,12820,8.06,1772,56
WEL002055,2019-09-23,1717,6388,54.01,2801,160
WEL002693,2022-05-26,1403,15622,29.75,1201,103
WEL002587,2019-08-26,2738,17492,13.85,3909,124
WEL001438,2018-11-04,3566,17164,55.7,4123,166
WEL002178,2021-08-06,1635,10318,8.98,3669,60
WEL002671,2024-11-21,1808,12456,47.91,1216,132
WEL000513,2022-01-07,970,15532,5.77,3862,119
WEL001115,2024-03-27,1118,13185,44.22,1292,147
WEL000751,2023-02-06,3310,19228,36.76,3575,141
WEL000180,2019-06-02,3093,14194,56.35,1006,67
WEL001509,2023-06-27,3963,10155,6.15,3136,50
WEL000492,2018-07-13,4286,2990,26.27,3157,135
WEL000945,2018-11-18,2337,6890,14.72,2260,167
WEL000958,2023-11-27,4274,15677,44.32,2713,82
WEL000935,2019-07-08,4882,13548,44.92,3832,61
WEL002865,2023-10-03,1489,8620,54.1,3586,131
WEL002999,2018-01-13,2859,18720,48.28,4029,59
WEL001597,2018-09-30,395,18824,59.23,4030,51
WEL001592,2023-01-30,2268,2719,9.02,4210,157
WEL001102,2023-05-01,3876,10699,13.88,2951,91
WEL002451,2024-12-11,4032,16379,47.67,4668,78
WEL001674,2020-03-14,4828,12745,36.13,2587,96
WEL000648,2024-12-16,2366,13099,46.63,2186,120
WEL000928,2022-05-27,822,6007,51.63,1169,124
WEL002323,2021-04-26,3049,3194,22.05,3828,139
WEL002679,2022-08-13,4782,8198,15.8,3125,166
WEL002354,2021-06-16,4359,4401,8.42,3061,142
WEL000803,2018-05-24,4256,6198,16.67,1356,174
WEL002781,2021-10-18,3919,15363,42.57,4462,140
WEL002902,2024-05-23,973,3587,46.84,2839,79
WEL000187,2024-03-29,712,18836,8.45,3048,163
WEL002444,2020-04-13,3582,16074,16.09,3555,101
WEL000313,2021-03-24,1710,12368,60.0,4191,173
WEL001068,2019-02-24,3821,18951,48.57,4257,92
WEL001425,2019-12-10,522,12040,5.46,1872,164
WEL000013,2024-09-03,3366,19778,41.09,3291,161
WEL002376,2018-10-18,1748,7178,10.37,4446,140
WEL002080,2019-03-02,4052,2316,42.38,4058,153
WEL000699,2022-12-22,3429,18917,48.18,1130,176
WEL002717,2019-06-11,4303,19581,6.61,2743,84
WEL002909,2019-10-23,376,17484,22.41,4370,141
WEL000373,2020-09-15,4131,10879,42.02,3147,86
WEL002748,2018-08-25,4189,7626,8.61,1908,79
WEL001454,2019-03-03,831,7695,27.71,2011,121
WEL002019,2019-12-15,873,9123,37.58,3278,135
WEL002254,2020-12-07,2663,10884,28.69,1319,135
WEL001732,2020-01-10,332,14519,38.13,1607,121
WEL000051,2019-10-02,2202,11437,21.73,3146,158
WEL002973,2024-07-10,3076,11574,57.17,1165,54
WEL001175,2024-04-08,4558,17670,33.14,1872,129
WEL002119,2018-06-11,1887,7666,31.88,3745,142
WEL001007,2021-02-15,2490,2374,43.31,3576,161
WEL002051,2023-04-18,701,12656,33.64,4154,83
WEL000538,2023-10-11,3659,8142,24.8,3804,61
WEL002501,2018-06-09,4044,5402,18.28,1059,81
WEL001216,2019-01-16,3684,1192,8.0,3542,125
WEL000684,2018-10-02,4886,16374,28.31,3928,52
WEL000766,2022-10-21,4666,5298,48.91,4078,160
WEL002061,2018-09-13,4364,7519,41.4,2291,152
WEL000675,2024-04-10,2659,18327,17.33,1988,169
WEL002689,2020-10-04,743,2955,22.17,3539,146
WEL000883,2020-03-17,2739,4963,54.07,1590,84
WEL001210,2023-01-01,1896,12174,26.52,3989,127
WEL001555,2020-03-21,689,10195,11.74,1849,58
WEL001433,2019-05-01,3201,5972,51.42,3721,169
WEL001383,2024-12-26,2392,1958,50.47,4456,176
WEL002163,2022-06-28,1887,10496,57.11,1654,60
WEL000571,2019-11-16,3348,13105,48.73,2218,165
WEL001352,2023-02-07,4874,18307,51.49,3377,75
WEL002415,2020-04-09,2494,8417,39.52,1474,131
WEL002552,2022-11-28,4424,14529,12.62,2414,115
WEL001657,2021-02-22,2699,19683,20.77,1260,68
WEL000139,2021-04-20,1334,1630,12.92,4133,107
WEL001228,2018-06-20,3968,19859,21.19,2180,155
WEL000662,2020-03-19,4925,1845,37.84,2190,160
WEL001543,2024-05-12,3335,11595,9.98,2441,134
WEL001909,2024-09-16,2511,14351,29.96,3847,69
WEL000058,2018-10-22,821,7341,10.09,1112,92
WEL000019,2018-10-19,426,11323,34.4,1807,147
WEL002406,2021-11-12,373,7812,29.86,1826,137
WEL000476,2020-01-10,3854,5703,22.54,2096,131
WEL000796,2020-01-22,1489,12023,56.16,2702,143
WEL001796,2021-08-05,2417,8934,14.63,3412,106
WEL002867,2023-04-30,4038,19956,13.15,1378,142
WEL002161,2018-10-02,4193,3297,47.57,2019,162
WEL001911,2018-02-12,221,2624,44.41,2527,104
WEL001570,2023-03-09,2200,4774,36.53,3729,107
WEL001857,2018-01-06,3472,2524,30.73,3346,132
WEL002186,2019-04-05,3176,10869,16.77,3097,158
WEL001968,2021-12-11,1863,961,6.04,2036,58
WEL002936,2019-11-14,855,10701,48.69,1533,72
WEL001666,2023-09-06,1735,6524,49.1,4271,55
WEL002750,2024-04-07,4236,19689,41.94,4782,136
WEL000608,2019-09-07,1892,18233,43.33,3249,52
WEL002934,2019-04-01,4334,2698,50.92,2905,137
WEL000956,2018-01-30,1393,5941,17.62,4402,150
WEL000680,2019-08-10,934,14395,24.62,4801,166
WEL000333,2021-09-29,4946,17767,57.16,2770,74
WEL000865,2018-09-03,2297,7540,56.96,4278,165
WEL000829,2019-11-25,2623,3948,21.04,4251,161
WEL001904,2018-01-17,3302,8047,27.09,3488,64
WEL000164,2020-06-28,1257,14362,52.79,1372,75
WEL002127,2022-03-06,4678,15065,47.41,3959,174
WEL001978,2020-08-22,1941,11482,52.76,4245,72
WEL002762,2023-11-11,2699,11023,45.25,4377,96
WEL001617,2021-01-23,1341,17087,12.26,1748,68
WEL000918,2024-09-27,1758,9262,36.44,4886,164
WEL002314,2023-09-22,2854,11141,54.06,2350,176
WEL000003,2019-07-09,2334,18234,27.85,2472,56
WEL001021,2019-02-03,514,4061,24.04,3675,165
WEL000127,2024-05-11,2029,2703,57.06,4827,171
WEL000291,2019-11-03,1219,17982,8.34,1274,127
WEL001138,2021-07-31,2278,11699,14.9,3633,65
WEL000902,2020-05-05,936,7842,10.83,4558,160
WEL000572,2024-02-06,4934,15174,58.1,3827,85
WEL002381,2021-09-15,3602,10752,11.94,3909,175
WEL000753,2020-08-08,3106,1613,51.03,1053,150
WEL000691,2024-01-31,3175,4467,56.06,1843,106
WEL000046,2024-07-20,1374,4923,40.02,2104,101
WEL001087,2023-09-04,851,16804,16.46,1600,163
WEL000600,2022-07-08,1204,1205,36.37,3508,136
WEL001497,2018-11-29,3027,18522,22.11,1528,147
WEL001059,2019-12-29,2333,13672,48.33,4630,71
WEL000579,2020-07-25,3067,18873,41.65,2014,106
WEL000453,2021-03-27,3147,1073,44.59,2133,63
WEL001512,2023-06-26,4187,11088,38.33,3526,107
WEL002544,2024-08-25,1984,9827,13.47,1736,84
WEL001646,2022-01-15,1414,9019,40.82,2409,152
WEL001381,2021-10-22,1115,9190,46.64,4436,73
WEL000777,2018-07-04,4550,8152,32.1,2284,104
WEL000265,2022-02-26,2831,6160,53.52,1626,173
WEL001650,2021-01-30,153,5132,39.59,4580,81
WEL000048,2019-02-17,1064,7781,29.27,2145,74
WEL001261,2021-03-13,400,15294,18.59,1266,87
WEL002642,2018-12-30,4763,10546,45.27,1739,56
WEL001020,2024-03-08,4742,9122,41.59,1978,137
WEL001513,2019-11-14,107,2064,24.5,3832,55
WEL001478,2021-02-11,3455,14511,9.04,1207,111
WEL000437,2020-05-14,700,14584,25.66,1005,112
WEL001254,2018-04-22,3451,6099,11.16,2032,138
WEL000824,2024-09-22,1069,15812,11.08,2801,101
WEL001361,2019-11-11,4133,11038,57.33,1401,56
WEL002699,2022-12-20,616,18656,41.92,3765,113
WEL001563,2018-03-21,3336,4288,29.58,2604,169
WEL000039,2021-07-02,1171,6810,28.9,1902,169
WEL001816,2020-12-02,1810,13499,27.92,3783,122
WEL002320,2024-05-02,4098,3136,15.0,4327,133
WEL002499,2018-03-05,1034,3118,41.46,1302,168
WEL001054,2024-12-16,1831,17796,35.53,3091,151
WEL000819,2020-12-25,892,18603,14.72,2425,75
WEL002618,2022-12-08,124,2239,28.83,4506,89
WEL002864,2022-10-03,4879,3453,35.16,4741,99
WEL000863,2024-01-30,1257,16688,10.0,1225,73
WEL000916,2019-09-22,4399,17294,40.41,1553,76
WEL001717,2021-05-22,700,3893,31.35,1202,136
WEL002930,2019-10-02,487,4864,14.45,2639,173
WEL001973,2021-12-12,728,17712,39.59,1459,156
WEL000356,2021-02-05,730,2102,22.08,4005,116
WEL000912,2019-06-10,454,19274,38.24,3639,109
WEL002971,2024-11-17,1437,2427,39.22,4519,163
WEL000807,2018-11-19,536,8600,53.12,3064,136
WEL002658,2018-09-03,4025,8014,18.92,3609,86
WEL000740,2020-05-30,2953,4460,37.14,3133,160
WEL001231,2024-11-14,2293,9299,51.94,4884,125
WEL001046,2024-09-15,3153,6726,49.5,4002,51
WEL000264,2022-01-15,1582,2904,55.06,4015,173
WEL002925,2023-11-11,4094,12627,6.8,2608,163
WEL002223,2020-01-05,3307,19392,59.79,2835,129
WEL002794,2022-11-03,2269,18305,21.95,3835,57
WEL001623,2020-05-17,1551,2765,12.71,1261,80
WEL000613,2023-06-26,1821,14341,45.51,3165,102
WEL001750,2022-04-07,3911,8967,51.72,3470,141
WEL000190,2023-07-11,3811,5454,47.6,1724,124
WEL002548,2023-05-15,1652,18684,25.7,4208,170
WEL002502,2024-05-19,1231,6778,23.02,4585,141
WEL002483,2024-04-28,1223,4167,55.21,3447,176
WEL000612,2024-07-29,3482,9669,20.5,2303,110
WEL002227,2020-07-06,123,3807,9.46,1504,160
WEL000938,2021-09-15,4624,6318,6.79,4096,87
WEL000514,2023-06-01,572,8557,9.39,1351,150
WEL002385,2022-02-17,1338,1860,7.64,2558,176
WEL002138,2021-09-27,787,10761,56.5,1766,64
WEL000397,2020-07-18,2030,17765,10.71,1529,67
WEL000693,2021-03-06,1580,5133,53.62,2780,88
WEL002077,2023-11-10,723,15154,22.12,1270,58
WEL001522,2022-04-19,4354,9974,57.42,4700,92
WEL002928,2022-01-28,4875,6906,27.68,2630,60
WEL002176,2019-01-28,1904,17066,9.68,3580,68
WEL001186,2024-04-08,4659,16883,7.17,4090,75
WEL000308,2020-01-04,2127,5279,32.81,1733,108
WEL000350,2023-11-11,4872,16871,19.56,1967,61
WEL001262,2018-07-01,597,12227,26.76,3593,64
WEL002450,2023-02-06,4628,16347,41.18,4362,117
WEL001184,2020-01-04,1368,10942,59.46,2984,168
WEL002282,2020-10-31,3418,9525,29.16,1680,91
WEL002895,2024-08-08,4709,8199,57.79,3249,101
WEL002369,2021-08-29,2419,13869,6.52,3808,87
WEL001184,2023-07-18,4402,13080,14.11,1529,159
WEL002826,2023-04-23,3316,3080,26.08,3283,127
WEL001505,2024-01-13,4225,5123,7.21,1673,120
WEL001007,2023-08-24,3580,6215,46.87,1406,175
WEL001805,2023-12-19,3143,4326,33.55,2439,91
WEL001688,2024-04-24,1621,3451,41.62,4049,76
WEL002292,2020-04-07,1376,8042,52.49,3734,91
WEL001655,2023-12-29,232,15348,34.28,1239,175
WEL001571,2022-04-19,4373,17178,8.66,1671,54
WEL001411,2018-10-23,3926,16819,54.77,1474,115
WEL002301,2023-06-04,3589,18679,11.05,1348,135
WEL000502,2024-01-04,3183,14501,32.79,2235,75
WEL001973,2021-11-06,2057,17115,8.46,3112,88
WEL000011,2024-07-30,144,17964,9.35,1607,173
WEL001992,2018-03-06,1973,16422,40.51,3624,175
WEL001299,2019-12-17,4504,9911,24.58,3872,79
WEL000800,2023-12-14,1539,16844,10.79,2633,134
WEL000442,2021-05-16,3134,9142,50.49,2749,112
WEL001956,2023-10-25,4582,13351,14.63,3893,177
WEL001263,2020-11-01,1922,1242,39.33,2968,69
WEL001779,2021-12-17,4330,2341,19.84,3709,55
WEL000698,2021-11-09,2882,6023,5.12,1773,118
WEL001381,2018-12-21,2740,17962,14.44,2109,65
WEL001555,2020-10-27,3974,2177,32.85,3790,164
WEL000740,2022-10-17,686,14289,52.66,3724,77
WEL000851,2021-04-07,2956,19995,10.0,4806,98
WEL002642,2023-05-24,1501,2038,47.93,1504,53
WEL001912,2021-10-15,4325,15117,35.86,4076,171
WEL000310,2018-12-12,4712,6624,54.83,1660,120
WEL001618,2018-01-07,1957,8690,19.67,4702,144
WEL000715,2019-10-18,4873,18835,14.57,4858,134
WEL002498,2018-04-12,1540,16300,38.8,1438,124
WEL000627,2024-04-05,530,14221,50.29,4953,54
WEL001185,2021-08-02,3440,18331,41.66,2378,146
WEL000403,2023-11-16,1361,17310,19.72,4977,94
WEL001122,2020-04-09,3318,19536,49.88,2314,116
WEL001543,2024-02-04,451,7145,28.67,1769,151
WEL000307,2024-07-13,3436,14979,55.24,4563,162
WEL001452,2019-05-01,144,6731,48.32,4722,99
WEL000923,2023-08-02,4757,7065,38.27,3796,150
WEL002151,2019-01-18,1982,14774,15.4,1948,91
WEL002895,2023-02-10,2873,17919,27.68,4882,73
WEL000167,2019-10-22,992,12082,45.27,1226,59
WEL002802,2018-09-07,4622,17834,19.1,2096,86
WEL001761,2019-08-14,4285,13300,24.63,2914,77
WEL000417,2024-09-30,1740,1821,19.7,2190,115
WEL001575,2024-09-30,900,2916,22.45,3074,161
WEL000750,2019-12-29,3600,9096,27.27,4878,133
WEL000301,2020-09-09,528,12228,45.05,2738,127
WEL001376,2020-07-14,365,1925,7.38,3778,88
WEL001031,2020-09-24,3758,16510,28.09,2127,141
WEL000599,2018-12-15,1556,1932,55.91,4326,75
WEL002907,2021-05-08,4731,8521,10.42,1419,62
WEL000533,2019-04-25,1950,19063,42.38,4055,118
WEL001131,2020-12-15,3605,11565,51.34,1641,99
WEL000706,2019-06-19,4324,10464,32.9,2989,143
WEL000025,2019-04-11,4034,15080,24.69,2666,164
WEL000268,2022-11-17,2127,9133,26.28,3932,152
WEL001675,2019-06-02,391,14555,17.25,3399,55
WEL002710,2021-02-28,2836,1619,49.83,3021,173
WEL002755,2021-06-05,701,3593,10.33,3925,93
WEL001229,2024-05-02,1139,10126,35.26,1926,90
WEL002614,2019-11-15,1615,13263,48.3,3998,101
WEL002229,2023-03-15,3200,11589,37.29,1247,79
WEL001093,2018-10-22,462,16945,40.6,3009,134
WEL001595,2024-05-23,4261,524,16.09,4903,53
WEL002608,2024-05-26,114,3831,45.57,2106,83
WEL001750,2022-03-27,1105,1041,40.89,3372,92
WEL000494,2020-05-26,2709,14057,13.31,2650,120
WEL002354,2024-06-22,3551,5669,5.78,2372,75
WEL002803,2022-01-09,3782,7306,21.73,3412,96
WEL002530,2020-10-31,528,19879,26.1,4642,141
WEL002420,2020-05-12,630,1613,19.82,2858,120
WEL001534,2020-11-15,1016,9611,38.19,3929,130
WEL000954,2024-09-20,636,7145,26.43,1341,177
WEL000940,2024-10-18,3864,17283,5.86,3919,165
WEL002643,2018-07-11,4946,10741,44.79,4598,156
WEL001783,2020-01-07,2368,1566,24.52,4896,133
WEL001521,2023-10-01,3021,6928,41.13,4370,149
WEL001561,2024-03-26,3747,12134,48.99,1794,104
WEL001818,2023-03-10,1501,13875,32.86,3905,66
WEL001261,2024-11-15,290,2739,52.52,1224,161
WEL001102,2018-07-27,1224,4364,58.13,3238,162
WEL000283,2019-11-12,2305,10486,38.21,2226,134
WEL001238,2019-07-27,1088,16619,12.54,4860,138
WEL001813,2022-02-11,3235,11804,47.35,2861,96
WEL001839,2023-01-28,2599,12958,42.79,3802,100
WEL002937,2023-10-26,1892,17056,30.31,1760,123
WEL000371,2024-04-22,1422,1571,51.93,4174,57
WEL001149,2023-02-25,3912,11458,52.74,3489,132
WEL001173,2018-07-28,3572,4844,22.34,3155,103
WEL001281,2020-12-31,992,6097,37.78,3267,93
WEL000255,2020-09-18,728,6327,49.17,1680,120
WEL001851,2024-08-22,4025,4151,45.54,3612,128
WEL000087,2023-07-05,4632,15404,33.19,2465,139
WEL001293,2024-03-30,3915,18289,49.97,3776,157
WEL001262,2020-09-18,3215,6377,22.56,4665,68
WEL000793,2020-02-14,772,9960,24.97,4250,160
WEL001856,2022-07-08,3452,2105,55.97,1556,70
WEL000923,2021-11-28,3581,15146,47.72,1649,94
WEL001304,2019-07-27,4400,19258,21.18,4918,142
WEL001368,2019-09-12,353,9692,56.48,1163,155
WEL002770,2022-09-11,584,13188,29.55,2576,52
WEL000812,2022-04-29,123,7379,56.38,2321,123
WEL000539,2018-09-09,1843,18123,26.92,3883,58
WEL000142,2018-03-04,3456,16213,55.16,1769,127
WEL002135,2020-08-22,2118,13004,12.77,1407,126
WEL002771,2019-12-21,808,11632,49.75,4494,66
WEL002856,2022-02-22,410,16453,56.63,3895,163
WEL002049,2021-12-21,3479,12751,18.3,2659,58
WEL002640,2023-08-29,1400,996,11.15,3571,77
WEL001120,2020-08-31,4296,4838,21.07,4991,72
WEL002077,2018-01-12,3265,10714,35.88,3637,80
WEL001204,2019-08-22,507,1089,15.89,3084,119
WEL002882,2022-03-10,2034,13796,56.46,1091,96
WEL002239,2019-07-10,1018,14026,42.93,2210,95
WEL002975,2018-10-06,2813,2002,34.09,3300,150
WEL002709,2018-05-25,4933,18968,22.83,1133,85
WEL001894,2021-04-21,1398,12936,55.77,2368,178
WEL000463,2018-07-03,3011,10590,53.64,1700,125
WEL002221,2018-01-15,2372,12134,59.21,3847,50
WEL001600,2024-07-08,1960,19440,54.46,2513,168
WEL000464,2020-12-30,199,12401,49.71,4731,61
WEL002464,2022-02-22,2188,3853,58.38,2209,126
WEL001375,2024-02-13,202,6320,20.51,3659,129
WEL000109,2023-11-24,885,625,21.24,2363,129
WEL000910,2019-02-19,3903,18819,29.5,2436,98
WEL000449,2023-09-15,1116,10140,10.59,4759,174
WEL000923,2021-01-16,3293,17586,36.09,4790,104
WEL001307,2019-01-06,1832,7675,22.98,4093,154
WEL002389,2020-06-30,4942,819,28.22,3150,115
WEL001152,2019-03-03,2038,19028,5.88,1136,87
WEL002549,2020-12-01,2788,1196,23.27,4994,89
WEL002897,2022-06-08,3707,1669,58.32,2082,149
WEL002298,2024-06-29,2472,15513,12.24,2273,145
WEL000831,2023-03-05,2527,7224,47.44,4672,167
WEL001714,2018-12-31,2585,13533,18.48,4062,65
WEL001593,2024-07-14,2454,16373,30.38,4057,158
WEL000718,2023-11-12,3676,9943,34.41,2985,67
WEL001521,2024-03-08,2351,8219,24.05,2944,139
WEL000888,2021-07-26,3935,4653,55.52,3015,106
WEL000304,2023-11-19,1748,19128,9.65,1012,163
WEL001649,2019-07-03,2005,14615,56.56,3572,141
WEL001999,2024-10-06,3013,1671,19.19,1022,114
WEL001843,2023-11-13,3329,3388,46.14,2010,159
WEL001667,2021-05-15,2694,16526,8.29,2553,142
WEL000553,2023-05-20,4750,16926,9.99,3248,157
WEL001577,2021-08-21,384,16944,25.86,2122,140
WEL001719,2022-04-19,558,9074,29.63,4391,125
WEL002272,2023-03-30,1627,17079,57.08,3866,141
WEL000475,2018-03-26,1179,9711,58.49,2721,64
WEL000151,2021-06-26,454,14672,5.93,4248,61
WEL000517,2022-10-31,1678,11326,38.06,2547,126
WEL001382,2019-06-15,3996,11360,17.49,3833,110
WEL000828,2021-06-15,509,10015,28.15,1126,100
WEL001345,2022-07-03,2178,7501,43.29,4880,157
WEL001075,2023-02-03,2398,13343,5.2,3212,91
WEL002528,2019-08-27,4215,15593,21.72,4198,178
WEL002047,2023-04-28,3171,18588,47.74,3662,145
WEL002598,2022-03-05,3735,16323,52.32,2259,134
WEL000542,2019-04-26,3164,3991,52.43,2516,154
WEL001633,2020-02-27,967,3328,25.84,4139,97
WEL001114,2019-04-20,4279,2685,46.25,3276,53
WEL001689,2019-01-16,4761,16921,24.63,3145,62
WEL001457,2024-02-28,701,18321,47.76,1634,86
WEL001467,2020-04-09,562,7459,56.53,4076,58
WEL000133,2020-08-29,3398,2974,5.29,3988,168
WEL002091,2024-04-18,4798,7385,5.86,3017,63
WEL001579,2023-01-11,3222,3016,34.69,2714,107
WEL002650,2023-11-10,212,16509,21.59,2637,138
WEL002502,2018-10-26,295,13850,5.76,4501,106
WEL001501,2021-02-16,1763,18738,44.28,3484,138
WEL002833,2024-10-21,2746,9061,28.75,1712,123
WEL002398,2022-02-20,2031,14789,54.73,3707,129
WEL001008,2024-03-22,3664,8538,59.87,2935,134
WEL000048,2023-05-31,2116,2691,13.68,2298,98
WEL001162,2024-10-22,2089,7857,15.99,2650,90
WEL000826,2018-12-31,3850,12572,34.93,2218,55
WEL001015,2019-04-03,927,6664,41.21,2286,128
WEL001856,2024-12-31,4832,19559,50.22,2457,81
WEL002299,2018-09-01,4758,1995,45.63,3520,91
WEL000638,2023-05-13,1576,5120,45.98,2492,94
WEL001902,2021-08-29,4767,9551,50.16,1440,124
WEL001725,2022-11-23,2460,19886,59.57,1229,83
WEL000790,2018-03-28,3466,11712,32.9,3194,70
WEL001911,2021-06-28,688,3186,19.41,4384,110
WEL000342,2018-11-24,3057,15490,43.09,2048,72
WEL002928,2024-09-28,4287,7578,24.0,3693,170
WEL000556,2021-02-06,398,7178,38.26,2290,114
WEL002383,2024-10-02,4634,4078,51.57,2228,69
WEL000113,2018-08-24,2412,15158,52.68,2773,129
WEL000528,2024-12-10,3598,1614,7.26,1838,99
WEL000066,2021-07-10,1045,5509,54.25,4239,148
WEL002999,2021-10-15,2102,13871,6.35,3406,148
WEL002490,2024-04-09,4725,1049,32.71,2213,50
WEL001313,2018-12-14,3532,18287,31.88,3449,105
WEL002783,2021-08-28,3057,1561,25.08,3681,135
WEL000952,2018-10-19,4991,11872,35.94,2898,173
WEL001480,2021-07-28,2350,12120,33.96,1718,69
WEL002825,2019-11-06,1240,10042,31.16,2881,55
WEL001349,2022-01-26,3259,16993,30.58,1254,67
WEL002255,2024-10-16,4191,2222,22.49,4544,121
WEL001625,2021-10-30,1017,10682,34.51,2469,142
WEL001693,2024-07-12,1063,7106,22.15,4726,116
WEL001402,2022-07-16,4093,5582,57.84,3078,158
WEL001355,2020-12-04,3812,12650,14.04,3450,159
WEL002910,2022-05-07,2989,8501,54.27,4751,179
WEL001558,2020-09-22,4877,9254,49.91,2407,159
WEL000135,2021-02-05,3720,14704,19.82,3343,125
WEL000671,2024-12-17,676,3060,42.74,1431,113
WEL002394,2019-12-21,4591,14364,23.05,4879,132
WEL000765,2024-07-16,4844,6020,38.29,1719,89
WEL002311,2023-08-08,131,7651,30.81,1786,70
WEL000660,2018-10-10,3919,5504,21.32,4608,162
WEL001133,2019-08-04,3129,2747,5.49,1909,148
WEL001047,2019-11-02,318,5217,45.27,2223,134
WEL000490,2020-02-02,810,6402,30.65,4254,139
WEL000575,2020-12-11,2488,11080,50.97,4607,97
WEL002781,2023-08-21,3274,17314,42.69,4554,125
WEL000873,2020-02-10,213,15131,8.39,2361,87
WEL001600,2022-10-10,794,10239,40.3,1457,106
WEL002046,2022-04-05,504,16742,47.4,2659,73
WEL000455,2024-02-15,2711,6612,43.35,1022,109
WEL002195,2021-03-27,4492,17621,26.93,2492,84
WEL001327,2019-01-05,4891,10609,46.12,1504,76
WEL000032,2023-01-06,251,6804,22.41,1572,110
WEL001892,2023-08-20,486,7757,7.78,2365,177
WEL002237,2020-10-22,3721,7372,9.94,3419,116
WEL002673,2024-06-24,2778,10577,59.46,1197,66
WEL000713,2018-07-10,2951,16367,26.35,3433,174
WEL000545,2022-06-05,1620,15662,8.14,1473,89
WEL002521,2018-03-25,3697,4876,33.92,3455,142
WEL000509,2024-08-14,1532,13842,8.4,4097,82
WEL002654,2023-01-24,4087,5440,15.71,3101,126
WEL001503,2023-11-28,3232,5782,29.4,2820,54
WEL000675,2023-09-23,2437,6093,53.47,3127,163
WEL000593,2019-05-28,2489,19469,51.45,2324,86
WEL000406,2023-01-22,1206,5470,28.13,2751,94
WEL002462,2019-11-04,230,12606,46.0,4037,80
WEL000673,2023-04-09,2444,1020,10.55,4768,70
WEL001643,2023-12-23,4079,18052,20.4,1655,117
WEL001013,2020-02-09,2809,18035,59.93,2060,66
WEL000110,2024-06-02,4365,15782,30.73,2788,143
WEL000518,2019-11-24,807,4192,42.97,2412,129
WEL002786,2024-12-03,3705,1628,36.88,1697,134
WEL001366,2022-08-24,4838,16923,45.65,2998,161
WEL001840,2024-03-02,4608,4653,47.08,4650,144
WEL002016,2018-03-29,182,19043,12.88,3425,71
WEL000455,2024-05-21,3669,12547,15.14,1561,108
WEL001761,2019-03-01,1978,8135,15.03,4515,173
WEL000293,2021-12-03,3293,12314,20.21,2136,99
WEL000790,2018-07-31,2199,1114,36.57,2076,152
WEL000392,2018-02-03,4269,15948,42.75,2385,66
WEL001073,2019-05-23,1127,5535,18.35,2409,83
WEL002221,2021-03-07,2462,5683,39.93,4733,91
WEL000844,2021-11-13,4938,18326,30.51,2386,53
WEL002760,2022-05-14,2366,4644,32.45,4230,165
WEL002824,2021-06-13,4295,9975,31.84,3339,72
WEL002449,2020-08-16,2734,13210,10.71,3429,60
WEL000578,2021-01-31,386,16994,12.44,4977,68
WEL000247,2020-08-24,1757,2759,43.6,3301,165
WEL001947,2018-05-25,1869,13493,58.16,4107,56
WEL000895,2024-05-13,4541,5948,28.97,4611,125
WEL000874,2018-01-24,3799,11767,27.14,3260,146
WEL002128,2022-02-16,3378,11122,12.58,4350,79
WEL002814,2018-03-06,2836,16410,11.8,3850,78
WEL001206,2018-01-06,4225,16831,36.18,3666,129
WEL001855,2019-05-28,1738,17719,45.9,1195,83
WEL002478,2019-07-15,1946,17069,6.02,4506,101
WEL001467,2024-02-01,566,1148,41.91,4578,159
WEL001724,2024-01-14,1145,15426,47.99,3002,106
WEL002147,2018-09-03,3874,4369,55.1,3980,170
WEL001105,2021-08-14,3639,7833,26.88,2636,123
WEL001636,2024-01-12,3037,16662,10.67,4122,101
WEL001419,2020-08-24,688,15534,15.94,2147,137
WEL000183,2021-09-09,4434,13390,38.95,1059,169
WEL000467,2020-08-07,4666,4153,19.24,3322,158
WEL002468,2020-05-28,3236,11375,30.25,4808,62
WEL001977,2020-12-06,1914,4449,20.04,3263,58
WEL002268,2018-04-25,3182,3986,59.34,2259,120
WEL000415,2023-07-21,2567,13968,31.93,4476,98
WEL000453,2020-07-09,2752,2603,29.76,4263,75
WEL001668,2018-12-12,3702,18653,24.25,4223,75
WEL001198,2021-06-04,1224,10761,24.15,1786,163
WEL002267,2021-04-29,2329,15552,44.23,4058,164
WEL000465,2018-02-22,2002,12579,8.05,1607,141
WEL002228,2024-11-01,1114,15705,45.88,3708,57
WEL001482,2019-08-25,4915,13613,36.81,3363,92
WEL002236,2020-11-07,1056,14599,37.81,4881,161
WEL001730,2022-11-29,622,3753,23.96,1894,114
WEL002150,2019-09-13,4270,9071,59.89,1819,164
WEL002021,2021-08-10,717,15753,25.55,2359,101
WEL001149,2020-12-25,3299,10875,36.11,1905,163
WEL000397,2021-11-02,3110,11983,59.55,2952,119
WEL001268,2020-08-06,636,17548,44.61,3571,95
WEL002448,2022-05-26,959,2233,45.67,3832,86
WEL000288,2021-04-17,1702,11780,27.31,3432,154
WEL002637,2020-06-28,4492,753,37.58,2088,120
WEL002069,2019-08-07,2756,589,50.47,3411,78
WEL002786,2019-08-25,4988,16953,18.05,1852,120
WEL002595,2024-08-13,1092,5887,48.33,4224,51
WEL002880,2020-01-10,4543,10280,7.25,2502,116
WEL001054,2024-08-12,1179,3609,8.63,2091,170
WEL002790,2024-04-21,4390,11115,28.95,4320,65
WEL000470,2022-11-19,3458,6671,48.73,3402,158
WEL000434,2022-11-24,3244,763,36.6,4455,57
WEL000919,2018-05-27,848,19138,19.41,3334,163
WEL001369,2019-03-12,3727,3727,41.45,2074,163
WEL001210,2018-11-19,2890,7285,56.58,4601,177
WEL002368,2022-07-18,3479,7651,25.48,4575,162
WEL002193,2023-12-12,3526,15496,56.69,1122,119
WEL002979,2019-01-02,1089,7796,10.1,3707,105
WEL000138,2024-01-26,275,7219,41.84,2979,51
WEL001050,2019-03-04,4650,1543,51.64,1221,130
WEL001339,2023-12-22,2045,19050,15.61,3963,125
WEL000303,2023-04-19,279,19519,26.1,1383,74
WEL000858,2018-09-21,4018,17283,15.84,2901,123
WEL002119,2024-10-22,2484,2908,41.18,1928,66
WEL002117,2024-02-15,2668,6440,31.82,3854,163
WEL001729,2018-12-26,106,17836,24.06,1597,174
WEL002260,2022-12-11,4675,3521,24.17,1851,113
WEL000187,2023-08-19,4116,7847,16.83,1676,119
WEL001512,2023-07-16,4614,13589,25.25,4282,58
WEL001141,2019-07-06,878,10378,53.57,4866,106
WEL000761,2021-10-10,3544,13854,16.57,2731,169
WEL000837,2019-09-13,3410,4440,28.87,4350,53
WEL002260,2024-06-09,4370,4388,22.56,4557,154
WEL001171,2018-05-16,2039,10947,39.28,2223,90
WEL000397,2019-10-14,2516,9479,53.71,4924,88
WEL002649,2019-08-17,2705,3694,34.72,2983,60
WEL002853,2021-09-03,784,3660,42.14,4808,126
WEL001172,2019-09-07,4415,10997,52.63,1797,67
WEL000186,2021-07-16,3585,2104,36.82,4678,173
WEL002108,2022-11-12,2266,6961,56.28,1485,168
WEL001520,2018-03-02,3212,4381,41.79,2433,73
WEL000884,2021-07-07,3915,15369,6.5,4423,61
WEL001430,2020-07-19,281,2434,31.91,2531,175
WEL001575,2019-04-17,4182,14333,10.33,4668,151
WEL002933,2020-06-04,1066,1381,38.63,1229,54
WEL002774,2018-11-01,4839,6865,27.83,2388,128
WEL001139,2020-02-26,4326,2568,20.75,1659,163
WEL001871,2018-12-14,1613,7157,46.76,4446,154
WEL002295,2023-05-21,2978,17088,40.55,1011,156
WEL002498,2019-03-17,1204,7815,44.07,4574,123
WEL000965,2021-11-16,2360,16980,18.96,3736,67
WEL002322,2023-12-08,2438,14768,58.35,4028,163
WEL002969,2023-11-30,3303,17349,47.87,2258,171
WEL002170,2019-07-17,1183,2498,32.75,4242,64
WEL002683,2020-08-11,2165,3198,53.27,3441,106
WEL000464,2022-05-03,376,11899,36.57,4534,127
WEL002683,2022-04-12,302,8559,12.39,2374,74
WEL002235,2021-05-28,913,9290,43.05,1792,94
WEL000216,2020-04-25,2393,6067,49.14,2295,159
WEL000384,2020-01-01,3014,14720,56.07,4172,134
WEL002667,2020-06-29,1579,15933,38.13,4505,157
WEL000722,2024-04-23,1188,789,19.86,1511,120
WEL001016,2018-05-26,1945,1941,48.17,3836,164
WEL001442,2024-05-06,3011,5017,10.4,3208,125
WEL002776,2022-07-22,4173,7554,57.39,3585,52
WEL001665,2023-07-24,2907,15424,11.72,1708,169
WEL002128,2022-04-08,2599,12652,53.69,2438,119
WEL002365,2020-08-18,2433,12618,33.5,3970,168
WEL000816,2022-06-14,3862,15852,7.83,3394,135
WEL002390,2020-11-08,2570,6021,41.17,4801,112
WEL002652,2019-11-21,950,10425,25.91,2008,92
WEL000030,2023-02-09,2981,4023,58.96,1773,90
WEL000882,2020-11-13,1161,4027,16.07,1796,149
WEL002667,2020-09-06,1473,7926,13.22,2447,156
WEL000037,2020-02-11,2035,9849,51.77,3154,164
WEL000749,2024-07-08,4273,6265,39.19,4681,127
WEL002607,2024-02-17,2079,13451,19.08,4733,174
WEL000779,2022-04-14,3031,13938,48.79,4274,114
WEL002773,2018-02-12,1604,9709,15.24,1701,127
WEL001341,2021-02-02,1578,11472,26.32,2257,129
WEL002929,2021-05-01,4859,5697,29.9,3722,119
WEL001351,2022-05-05,1057,4581,54.75,1091,122
WEL000055,2020-04-25,4806,6650,25.71,3029,82
WEL000523,2021-05-07,2484,14434,53.1,4305,137
WEL002983,2019-03-11,4346,3937,59.21,1540,78
WEL002071,2019-10-22,987,11738,27.36,1496,154
WEL001099,2024-08-08,4191,4499,20.76,4601,105
WEL000715,2020-08-20,3849,13303,16.93,1074,103
WEL001704,2018-10-06,951,15639,52.84,2235,131
WEL002186,2023-10-22,4295,16375,14.14,4357,105
WEL000868,2022-04-06,3130,6551,11.94,3577,71
WEL001017,2021-11-27,1486,9883,36.91,4235,117
WEL001607,2019-01-16,2599,7835,41.26,2170,62
WEL001084,2019-06-21,4872,12278,16.88,1401,102
WEL001349,2024-06-04,4236,7604,35.17,2553,109
WEL000758,2018-10-01,805,7748,10.94,2003,56
WEL000228,2024-02-15,1558,14335,13.98,1772,65
WEL001807,2022-03-13,4771,1198,9.56,2957,71
WEL000018,2024-08-25,2021,3417,44.29,2275,151
WEL002092,2022-08-26,3325,14991,11.65,2274,80
WEL002907,2022-01-23,560,15610,52.96,2188,78
WEL000760,2020-07-09,4438,9577,38.67,1192,87
WEL000543,2024-12-02,1470,13675,27.2,3451,106
WEL001075,2024-03-14,1831,7656,40.81,1639,78
WEL000334,2018-11-27,1585,6684,15.69,4302,86
WEL001021,2024-12-03,920,12397,9.03,4189,112
WEL001671,2018-08-02,2393,2254,27.33,2896,172
WEL001420,2018-08-25,3817,4899,47.93,4128,156
WEL001395,2022-12-01,4908,5497,52.08,2251,130
WEL000929,2020-01-08,3448,11906,51.35,2951,91
WEL001754,2022-05-15,1441,8368,46.83,3390,101
WEL001130,2021-12-25,2275,16265,27.72,3348,120
WEL001273,2018-08-20,4707,16384,59.44,1762,158
WEL002121,2023-07-09,3519,1466,52.03,3071,172
WEL000613,2021-08-16,233,907,21.04,4526,172
WEL002506,2023-08-09,1186,1825,25.65,3597,154
WEL000200,2021-09-15,2538,16035,28.81,2657,119
WEL000548,2020-11-16,631,15693,57.67,1781,100
WEL001674,2020-10-17,4878,8170,42.89,2139,140
WEL002341,2023-02-17,684,11709,29.59,3897,71
WEL000050,2022-11-08,1145,10885,16.24,4034,65
WEL000261,2021-06-02,1500,16793,15.0,1269,145
WEL000839,2020-11-03,714,11071,36.28,4998,140
WEL002110,2024-03-06,1829,19098,15.56,3106,58
WEL001045,2023-12-06,575,19153,41.69,1815,178
WEL001079,2019-04-27,1178,5132,51.32,1456,91
WEL000640,2023-07-30,4106,19507,30.25,2748,109
WEL000600,2021-04-04,3653,17690,38.35,1891,125
WEL001990,2019-12-13,4101,16322,50.02,3636,153
WEL000464,2019-07-23,1959,8054,56.89,1460,137
WEL001246,2019-01-16,1127,7661,25.79,2564,72
WEL002111,2021-06-11,4481,1836,59.93,1884,62
WEL001532,2018-08-26,1955,12623,23.4,2322,93
WEL000024,2020-10-25,1814,6189,5.9,4881,165
WEL000134,2018-11-07,1440,15415,18.88,3076,163
WEL000343,2018-04-21,4514,11511,53.79,1446,130
WEL002008,2020-09-16,3407,15765,13.25,3156,91
WEL002801,2018-12-14,4758,6487,16.17,2148,154
WEL002322,2018-05-27,1988,10629,7.7,3647,50
WEL002969,2022-09-01,1038,4050,32.49,3124,134
WEL001924,2024-04-29,3918,2250,8.32,1537,119
WEL001689,2020-07-03,270,3617,44.41,3901,57
WEL000204,2019-09-06,3341,4316,15.03,3578,154
WEL002459,2020-03-21,2188,11903,45.48,4495,122
WEL002843,2018-02-25,4283,1725,56.77,2851,101
WEL001895,2020-12-22,178,14269,42.91,2387,123
WEL000191,2024-07-17,713,7031,42.18,2457,95
WEL000416,2019-03-05,4129,8767,23.36,2509,92
WEL002703,2019-01-05,4732,10481,30.52,2819,140
WEL000097,2018-07-14,2259,3576,6.21,2897,95
WEL002547,2023-03-10,2980,1608,55.92,4038,115
WEL000158,2018-09-17,2143,5566,58.2,1110,59
WEL002309,2022-02-13,683,6086,15.54,3914,111
WEL002850,2023-07-13,2335,5298,54.73,3049,84
WEL001953,2020-04-02,4886,3325,13.23,1502,95
WEL001714,2024-09-16,1364,9114,30.95,1974,141
WEL001231,2020-07-07,3253,3341,27.65,4798,152
WEL001220,2024-06-07,2344,9313,38.08,3211,65
WEL002707,2020-11-18,2839,13545,51.78,4607,117
WEL000331,2018-06-09,1056,8373,57.74,2434,96
WEL000686,2021-01-22,2471,11838,9.67,1276,91
WEL002616,2020-06-28,3637,15485,14.66,2414,55
WEL002263,2022-10-16,2703,10409,17.13,4813,159
WEL000195,2019-05-16,2860,11816,14.42,3547,165
WEL002022,2019-09-22,1478,14575,32.61,4135,122
WEL001463,2024-09-05,3462,19650,50.61,1925,167
WEL001877,2020-05-16,122,5217,57.54,2722,122
WEL002172,2023-04-29,3592,7912,32.89,2362,124
WEL002012,2024-11-09,4513,16276,38.25,3719,147
WEL001956,2019-04-09,2489,8617,55.06,2262,174
WEL000725,2022-09-06,2126,15034,40.23,2651,165
WEL001579,2018-11-01,3499,17951,53.3,3326,162
WEL001771,2024-12-23,3977,7087,16.9,2731,130
WEL000145,2022-06-07,2449,11691,5.46,3482,162
WEL001295,2019-12-11,2596,18546,15.66,1497,156
WEL000009,2023-09-21,3815,2860,17.78,1295,162
WEL001988,2022-02-27,3676,7041,12.83,1398,93
WEL000268,2020-12-18,3358,9688,32.98,2157,51
WEL000352,2019-05-27,1768,9905,52.28,4780,132
WEL000748,2021-08-20,4146,2248,13.6,4908,54
WEL001439,2021-11-15,3276,1714,46.79,1733,71
WEL001331,2019-03-10,1277,9695,51.77,2230,83
WEL002394,2020-09-28,3950,3706,54.15,3998,60
WEL001491,2020-07-10,528,7755,54.04,4596,145
WEL000708,2019-12-20,737,19177,39.43,1252,121
WEL000657,2022-07-18,2206,12032,33.02,1980,60
WEL001568,2024-06-20,3518,12429,35.25,4148,131
WEL002318,2022-07-21,380,16285,22.62,4737,62
WEL000420,2018-06-22,562,5781,31.2,2842,85
WEL002711,2023-10-29,2906,12392,27.32,1102,118
WEL002157,2018-05-22,1024,15069,34.02,3926,129
WEL002708,2020-04-02,3936,19285,32.61,3290,146
WEL002600,2024-11-10,1992,6498,19.53,2614,173
WEL000905,2023-05-30,854,5124,13.97,1298,135
WEL000398,2021-06-08,2664,16589,58.75,1283,60
WEL000887,2021-06-29,1547,15900,23.35,2718,107
WEL002773,2024-02-03,3003,14438,9.03,3508,114
WEL001885,2024-06-20,4607,14841,5.84,3238,148
WEL000418,2020-10-07,883,4358,46.49,4926,147
WEL000495,2019-12-21,1226,8430,28.51,3457,78
WEL001568,2024-05-08,4257,8681,43.2,2048,100
WEL002243,2020-09-15,1953,17064,31.41,4821,177
WEL002754,2020-08-12,3798,17301,26.03,3839,175
WEL002250,2020-07-27,2458,4580,56.89,3034,111
WEL001625,2019-05-16,1476,18559,55.7,2110,97
WEL002091,2021-12-05,4594,8278,32.03,3454,146
WEL002388,2022-09-29,476,12848,30.93,1890,82
WEL002678,2018-07-03,3489,16699,20.72,1292,170
WEL001203,2019-10-09,3792,4015,48.65,2829,161
WEL002960,2023-05-07,1336,13532,14.5,3419,85
WEL002837,2020-10-12,3887,9701,46.36,2049,79
WEL000770,2019-10-29,3430,5713,40.85,3556,133
WEL002905,2021-01-05,4652,9102,12.38,3352,82
WEL000972,2020-02-26,982,11633,50.21,1313,65
WEL002341,2019-02-05,4383,15799,51.05,3940,161
WEL002071,2020-06-23,4914,10384,50.43,4031,136
WEL001624,2021-03-23,411,13093,9.05,1507,158
WEL002682,2020-09-12,3417,14675,37.25,4519,119
WEL000724,2024-11-29,2495,13388,58.3,4402,80
WEL002804,2022-04-26,3465,11783,45.84,1673,132
WEL001588,2018-12-08,2980,922,32.55,1216,131
WEL000872,2019-01-26,542,14018,50.66,3114,128
WEL001037,2018-11-20,525,6119,28.35,3204,163
WEL002427,2024-10-01,4747,15207,23.5,4392,154
WEL000895,2023-08-12,777,1145,28.49,4989,67
WEL002695,2018-04-22,2802,6449,43.39,4459,61
WEL001125,2023-07-20,1111,3316,36.86,4760,91
WEL000898,2021-11-29,2307,564,48.48,3710,150
WEL000365,2020-07-27,3219,16981,27.55,1474,68
WEL002877,2024-01-14,2832,18978,14.32,1136,173
WEL000044,2022-01-03,3176,17730,30.55,3957,104
WEL001251,2022-04-16,3925,15937,55.49,1887,62
WEL002317,2018-12-02,3386,17663,49.47,4466,112
WEL000837,2023-01-08,3798,7369,47.89,4775,146
WEL002903,2020-07-07,3298,6479,48.45,2110,68
WEL000663,2018-03-29,1833,17847,57.46,3156,136
WEL000988,2019-11-14,1413,4790,18.21,4925,88
WEL001536,2023-12-16,2763,2198,21.5,2161,131
WEL001391,2019-09-08,2640,7049,34.55,3975,167
WEL000061,2024-12-27,4615,10620,8.51,2873,99
WEL000416,2023-01-25,3797,5700,48.39,3875,176
WEL001278,2020-01-05,958,9013,44.14,1279,159
WEL002927,2020-11-04,1427,4460,59.28,4489,72
WEL001659,2023-12-12,1918,9451,52.89,4881,114
WEL002914,2019-06-27,2624,1967,35.25,1834,60
WEL002135,2019-01-27,1045,12942,24.33,2871,113
WEL000862,2024-06-20,485,11073,12.03,2200,137
WEL001697,2023-07-19,4846,7246,45.18,2510,163
WEL002504,2018-09-11,4486,9530,31.12,2408,84
WEL002887,2021-01-11,3882,6560,53.01,3715,173
WEL000916,2018-05-21,2765,10522,32.67,3634,93
WEL000378,2020-07-15,1832,2404,49.13,2541,116
WEL000883,2021-01-12,3656,7736,44.51,1131,115
WEL001521,2020-03-12,1976,17480,33.5,3471,136
WEL001204,2019-11-17,1713,6289,26.74,3541,122
WEL002760,2019-01-07,4641,14618,13.18,3804,137
WEL000603,2022-07-01,3960,18336,37.84,2808,128
WEL000513,2024-08-01,3732,13636,41.53,3385,85
WEL000361,2020-03-11,1590,7092,37.14,2286,91
WEL000778,2020-05-20,230,18090,16.56,1528,116
WEL002483,2020-08-02,804,7854,42.92,1796,164
WEL001468,2022-12-28,2987,4087,53.88,3288,123
WEL000206,2024-09-01,2285,9677,41.16,4922,111
WEL001687,2019-05-21,3376,1447,26.33,2729,150
WEL002388,2023-01-04,4696,18315,26.47,4537,154
WEL002358,2018-11-10,2072,18547,24.36,4052,179
WEL002284,2021-07-04,2323,12047,28.13,1202,71
WEL002527,2023-03-27,4173,7124,22.17,3126,128
WEL002809,2024-07-06,3810,11085,38.12,2244,68
WEL001773,2018-11-01,4067,15108,53.17,4649,179
WEL002771,2021-01-27,2657,18650,18.64,3222,154
WEL001298,2021-02-14,3677,9252,56.38,2440,135
WEL002488,2022-11-17,2416,18273,48.47,1896,156
WEL001439,2019-01-19,2461,15207,56.67,4705,96
WEL001043,2024-12-15,1785,6773,58.36,4566,135
WEL002486,2023-08-14,3571,3955,35.07,2625,92
WEL002157,2024-02-20,1964,17126,42.42,2659,73
WEL002376,2022-11-30,1820,10126,44.85,3099,129
WEL002109,2021-09-15,4734,8425,33.75,1375,172
WEL000506,2021-03-25,4115,6163,16.08,1365,56
WEL001480,2022-11-22,3704,14479,53.8,1252,120
WEL000854,2018-04-28,1284,3300,21.45,3122,52
WEL001737,2019-07-01,121,14012,18.0,1606,84
WEL002770,2019-12-01,4068,1380,42.48,4795,90
WEL001630,2020-04-21,2430,10961,39.39,3856,120
WEL000943,2018-08-21,3990,4825,28.21,2597,138
WEL000072,2018-05-21,3262,12358,33.7,1684,132
WEL002944,2021-04-27,1378,6292,30.37,3968,70
WEL001150,2020-08-16,2101,3098,43.75,3233,94
WEL000676,2019-03-20,2364,12575,38.22,3144,115
WEL001941,2021-07-22,733,3888,31.14,1903,95
WEL000111,2021-02-08,2770,6302,31.24,1980,73
WEL000041,2021-07-24,4831,11809,11.34,1849,101
WEL002871,2021-01-05,3919,14042,21.4,1412,166
WEL000462,2023-01-12,1102,17622,31.5,1253,124
WEL001093,2019-05-09,4695,4658,53.98,1473,82
WEL001938,2018-12-23,4400,11019,19.69,3526,97
WEL002586,2022-09-01,644,10956,30.24,1997,138
WEL001856,2024-11-27,4247,18953,46.59,3245,54
WEL000644,2022-01-16,1294,12411,53.58,3495,169
WEL002665,2019-09-03,1018,11450,52.43,4037,58
WEL002858,2020-10-09,250,2425,9.36,3634,113
WEL002469,2020-04-09,4094,3477,58.03,2204,166
WEL002598,2022-01-20,2201,3262,28.97,2717,65
WEL002412,2023-04-01,4938,4401,14.52,3731,145
WEL002574,2021-03-25,4764,10839,15.46,2905,84
WEL000312,2023-05-06,302,5438,14.86,2295,51
WEL000114,2021-03-07,404,18881,35.99,3985,91
WEL001092,2021-08-31,1155,2141,17.92,4103,142
WEL002780,2018-07-19,2959,5343,40.87,4279,120
WEL000824,2019-10-18,861,16366,22.62,1572,131
WEL002315,2023-06-25,3603,7819,46.25,3119,92
WEL001460,2020-12-09,345,1940,34.35,2570,164
WEL002731,2018-03-08,4604,9002,27.86,2032,69
WEL002566,2018-05-24,4143,16191,15.61,3637,97
WEL002254,2022-07-26,4662,14441,19.79,4412,160
WEL000279,2020-01-16,674,15337,19.18,4085,131
WEL002053,2021-05-04,2345,14174,20.99,2942,134
WEL000003,2022-12-11,4783,6574,53.07,1264,166
WEL000055,2023-08-04,826,15814,27.73,1492,149
WEL001805,2020-04-09,3396,14099,12.14,4278,93
WEL002707,2020-01-11,781,5180,43.56,4436,87
WEL002059,2020-07-21,186,4670,33.89,3737,89
WEL002844,2018-08-01,2773,19900,39.15,1863,86
WEL001171,2023-11-10,3923,2553,55.56,4395,85
WEL001919,2018-01-25,1694,11356,57.93,3680,169
WEL002818,2019-03-12,725,3646,55.96,3002,137
WEL001121,2018-03-22,3003,18662,7.78,3835,133
WEL002581,2023-08-09,1678,5954,11.94,1765,62
WEL000851,2018-02-15,1228,14722,27.06,2308,60
WEL002013,2020-06-13,132,15186,28.23,1669,73
WEL001981,2021-08-22,107,17738,42.71,2103,174
WEL000026,2023-03-14,405,12959,22.69,3168,176
WEL002754,2024-11-30,2191,6893,52.69,1480,136
WEL001367,2023-04-30,251,18598,9.46,4740,109
WEL001568,2019-08-31,2841,18926,5.08,4437,92
WEL001115,2020-11-08,3369,11754,18.44,4506,138
WEL001532,2023-07-05,579,7982,22.09,3089,163
WEL002228,2019-06-25,4465,8367,7.82,1095,151
WEL002596,2022-12-11,4673,7742,45.13,4870,122
WEL000054,2018-10-13,1564,932,45.77,3639,118
WEL001828,2024-05-28,1722,19042,37.77,3297,147
WEL001577,2024-05-27,1894,9722,42.34,4743,123
WEL002075,2018-01-15,524,10217,41.83,4574,153
WEL000236,2019-04-17,4038,9789,52.69,3772,50
WEL000480,2024-07-06,909,8254,30.66,2279,84
WEL002814,2019-10-17,188,5732,45.66,1567,148
WEL002369,2018-09-16,667,13580,44.01,4453,100
WEL001153,2023-07-17,3889,16764,24.99,3502,68
WEL000738,2018-01-12,2222,11071,25.54,4633,172
WEL002637,2019-05-27,3141,13463,55.46,3234,81
WEL001211,2024-09-27,1230,19739,58.31,4407,106
WEL001879,2020-05-04,2965,11364,5.48,4295,95
WEL000045,2022-04-03,4096,11846,38.8,1130,86
WEL001488,2023-04-24,1960,2197,21.29,2843,93
WEL000155,2022-04-16,1151,1024,37.02,3525,158
WEL002447,2018-02-06,3234,19228,5.98,2951,159
WEL002208,2024-04-03,3648,11497,17.17,1246,109
WEL002536,2023-05-07,2589,11586,49.98,3195,178
WEL000808,2024-04-20,3704,11729,14.62,4419,160
WEL002607,2023-02-20,2410,15108,48.02,3962,175
WEL000397,2018-08-31,3771,3794,41.15,1575,115
WEL001650,2021-01-03,4607,17584,33.23,2262,60
WEL002462,2024-03-08,513,1724,53.7,3894,95
WEL002101,2022-05-29,3735,15112,48.29,2079,93
WEL001093,2018-09-30,2583,19838,35.36,4958,129
WEL001389,2019-12-13,390,12168,24.88,1316,60
WEL002183,2018-09-07,1895,1995,25.77,4819,142
WEL001040,2022-04-11,1070,714,47.55,2652,78
WEL001819,2019-01-24,1667,8734,7.47,3857,96
WEL001560,2018-05-25,1916,11230,45.9,1308,62
WEL002057,2019-11-13,2926,8857,30.82,3353,70
WEL002986,2020-05-09,474,1009,38.73,3625,60
WEL002338,2020-04-05,2319,2168,40.12,3904,146
WEL000340,2020-06-16,2724,17638,47.85,4726,101
WEL002009,2024-09-10,358,18615,52.48,3141,71
WEL000344,2019-11-30,2140,14962,35.63,4984,167
WEL000226,2019-08-21,3358,9746,20.57,3801,72
WEL002325,2022-11-29,4851,7293,41.98,2635,84
WEL001158,2018-12-08,651,5196,6.77,2288,63
WEL000374,2023-06-09,1096,4455,40.75,2783,57
WEL001306,2020-11-08,4448,12855,36.2,2878,117
WEL001976,2021-10-13,3448,939,42.11,1402,134
WEL002842,2024-07-22,1270,11837,40.84,4698,152
WEL000012,2022-04-22,2782,2436,47.92,1561,160
WEL000685,2020-05-18,2350,4662,40.11,1372,73
WEL002252,2022-05-29,669,16212,58.57,2050,140
WEL001799,2023-07-19,4212,19875,26.9,1018,54
WEL001532,2024-03-19,409,11531,35.66,3958,110
WEL002784,2022-12-05,1789,1627,32.86,4849,71
WEL001211,2018-07-15,2642,15871,31.08,2296,79
WEL001976,2022-07-22,878,10503,24.19,1168,68
WEL002321,2021-01-22,764,12591,17.54,4930,132
WEL002376,2023-12-04,4731,13217,12.29,1517,51
WEL002864,2022-12-14,888,2672,53.25,1983,165
WEL000600,2020-04-18,3426,4140,44.05,3986,103
WEL000646,2020-12-06,1570,16025,21.02,1323,104
WEL002696,2024-05-09,1100,12283,20.84,4016,84
WEL000951,2022-01-13,1747,15191,48.09,4582,64
WEL002067,2022-02-18,1085,11015,45.54,4759,108
WEL000137,2024-12-31,1971,19896,35.42,1403,115
WEL002304,2023-03-05,2608,18904,38.85,2766,68
WEL002066,2024-09-05,2777,1862,15.93,3503,50
WEL000852,2020-12-01,2747,7990,32.3,2519,85
WEL001565,2024-10-26,3088,19550,17.09,3624,92
WEL000797,2019-08-05,1813,4741,53.71,2791,88
WEL001784,2019-12-13,3887,5618,44.39,1522,135
WEL000149,2020-07-03,2033,10380,11.02,4494,151
WEL002813,2024-11-25,4630,7797,9.23,2034,55
WEL001911,2023-10-05,3819,4529,48.96,1413,126
WEL001142,2022-04-03,290,15068,13.27,1524,84
WEL001459,2020-12-29,2500,1368,24.72,2073,155
WEL000875,2021-05-14,3318,6523,49.6,2149,176
WEL002371,2023-02-23,2684,2699,22.22,4071,68
WEL002829,2023-06-01,4856,6027,38.89,4861,126
WEL001961,2021-09-25,1575,6436,33.97,3341,173
WEL001017,2020-09-11,4167,6457,36.83,4023,146
WEL002119,2023-08-22,4683,11226,32.77,2215,79
WEL002029,2021-02-01,3158,10780,45.05,3895,110
WEL000923,2018-10-07,4700,9954,8.87,1287,137
WEL001242,2021-09-21,118,19110,58.55,3465,127
WEL000032,2024-09-09,4579,2735,12.94,4009,134
WEL002967,2024-02-03,2411,16852,41.55,1290,135
WEL001751,2021-11-11,4500,19266,7.34,1770,51
WEL000101,2021-10-08,3695,3321,11.31,1246,56
WEL001353,2018-03-25,427,19900,52.77,2737,94
WEL001746,2020-05-15,2179,14532,43.71,3007,56
WEL000852,2020-11-07,2337,1754,28.53,4640,113
WEL001692,2018-03-20,1939,13157,28.41,1547,172
WEL002172,2024-10-03,2242,14532,59.23,1765,125
WEL001929,2023-06-27,805,19926,42.07,2626,68
WEL001216,2021-09-27,4938,2091,13.74,4043,96
WEL001052,2018-10-18,254,13831,8.95,4578,70
WEL002226,2021-01-30,3788,13485,40.67,1771,97
WEL001789,2021-04-02,2506,7786,51.09,4378,113
WEL002597,2020-10-28,620,6671,16.31,3355,174
WEL002567,2020-07-08,1599,1077,12.09,1775,60
WEL000034,2021-06-17,3893,15995,7.61,2829,174
WEL002300,2022-10-04,4377,1825,18.76,2425,116
WEL002815,2023-10-11,2825,14499,26.91,3278,138
WEL001179,2023-06-08,2825,14541,47.97,3042,134
WEL001113,2021-07-24,2485,14731,14.46,3109,137
WEL001408,2024-06-24,4912,19272,17.67,4915,130
WEL001428,2019-07-25,964,7077,6.35,1056,65
WEL001606,2024-11-11,4993,14650,19.63,4600,144
WEL000986,2019-06-08,3749,4008,24.47,3411,173
WEL000819,2020-11-13,2610,18144,10.75,1819,169
WEL002998,2021-05-24,2188,7660,30.33,1442,74
WEL000355,2023-03-21,3226,15898,15.21,4080,128
WEL001470,2018-04-25,3890,17529,6.55,2923,142
WEL002524,2023-10-11,4943,614,49.48,1507,112
WEL000349,2023-01-15,2679,17042,59.4,4371,74
WEL002239,2023-03-29,4921,18800,52.26,2905,72
WEL001213,2019-11-13,4606,9580,29.51,3142,58
WEL001610,2019-05-10,4355,15068,19.87,1261,76
WEL000332,2020-09-28,1372,17225,35.78,2091,178
WEL001703,2018-04-02,2431,4586,23.19,3547,179
WEL001479,2019-08-16,3472,3775,60.0,3954,85
WEL002008,2024-05-09,2944,12701,44.69,2024,146
WEL000069,2020-12-20,756,4019,6.9,4325,115
WEL000386,2020-07-25,2928,8410,45.51,4547,170
WEL002696,2022-09-26,3893,16095,57.69,3830,171
WEL001217,2020-08-23,1965,8308,10.67,1687,179
WEL000386,2023-05-29,1241,5144,33.98,2469,61
WEL000260,2022-03-11,3000,6653,51.17,2956,156
WEL001334,2018-10-01,2968,10612,45.46,2427,64
WEL001699,2019-03-26,1199,4999,41.54,2297,153
WEL000663,2018-08-10,2366,6178,47.55,4667,91
WEL001003,2022-04-24,3987,15552,56.8,3851,114
WEL001390,2023-11-09,3108,13591,35.23,2381,136
WEL002926,2024-02-27,1037,6240,25.78,4993,138
WEL001599,2021-04-26,3395,6944,21.8,4540,52
WEL000361,2020-01-31,3471,12464,35.58,1454,90
WEL002709,2020-08-26,1149,11023,37.92,1809,139
WEL000596,2020-01-08,4480,8943,10.24,4084,175
WEL001639,2019-10-19,993,18765,5.61,2770,175
WEL002458,2024-11-04,175,14922,27.43,2788,164
WEL001438,2021-09-09,1461,17894,21.58,2213,68
WEL002258,2023-12-03,2799,5582,37.53,2961,52
WEL002593,2024-12-12,4318,14130,27.09,3217,149
WEL002421,2018-04-19,3064,10986,29.98,4732,150
WEL000136,2019-09-02,1411,17983,50.33,2498,144
WEL000378,2021-06-18,2744,9654,25.0,4624,161
WEL001307,2018-11-06,1255,6681,49.71,3300,166
WEL002616,2023-10-20,4392,4697,17.75,4402,68
WEL002302,2020-10-03,4569,6208,48.4,4296,96
WEL001504,2021-05-08,4813,18654,28.84,2457,179
WEL001861,2023-04-17,1092,12933,16.82,2673,137
WEL002399,2024-06-14,2320,6024,26.62,1942,103
WEL002271,2022-02-19,2859,12247,23.57,2414,142
WEL001713,2024-05-23,913,14774,30.48,1854,81
WEL002832,2018-09-17,636,16892,22.2,3975,115
WEL002280,2020-12-18,4540,3327,59.33,1298,145
WEL001197,2020-07-23,2120,11004,30.35,2117,128
WEL001363,2021-06-27,4966,14169,10.05,1204,113
WEL001280,2021-06-29,1176,2682,22.96,4534,86
WEL001930,2018-04-10,370,6511,48.3,2762,156
WEL002752,2022-02-24,1716,1977,42.3,1962,88
WEL002667,2023-10-31,565,14408,40.33,1893,111
WEL001450,2023-11-07,248,15071,13.71,3376,119
WEL001966,2022-12-08,1476,9455,6.25,1705,136
WEL001010,2022-02-14,536,3965,46.49,3592,142
WEL002503,2018-06-09,3874,7586,18.46,1324,101
WEL001575,2018-12-08,317,19979,18.36,3494,129
WEL000215,2024-03-09,252,5381,21.13,3295,55
WEL000644,2019-06-06,1456,16896,45.26,1138,51
WEL002124,2024-01-15,1790,11879,58.22,4109,166
WEL000999,2018-12-28,3155,4139,36.74,4628,98
WEL001085,2020-11-23,135,13787,56.93,1577,101
WEL001678,2022-09-22,4296,1702,37.27,2295,125
WEL000752,2020-03-11,2885,1835,35.79,2487,137
WEL000196,2021-11-09,3163,13940,59.71,3720,120
WEL001558,2024-04-04,4958,8930,16.02,3241,65
WEL002275,2021-09-16,4051,11280,22.55,1338,98
WEL001161,2022-08-11,1931,13500,35.01,3155,168
WEL002505,2023-06-16,430,14209,6.02,1396,118
WEL002674,2023-08-03,3697,9189,51.46,4407,72
WEL000964,2021-02-05,3801,7653,12.54,4007,80
WEL002887,2023-08-19,1694,12001,19.97,1995,126
WEL002547,2022-09-17,3564,9580,12.81,4310,133
WEL002489,2018-04-16,4329,14589,20.58,4284,159
WEL000812,2020-06-27,1813,10983,17.5,3041,126
WEL001385,2018-09-20,319,595,44.62,3236,90
WEL002212,2020-05-20,354,6340,18.87,1797,88
WEL000603,2018-05-26,3811,6069,14.45,1051,66
WEL000324,2023-04-28,4799,17797,29.8,2444,126
WEL001294,2019-04-26,2719,9780,42.12,3394,169
WEL002721,2024-07-22,197,17910,9.8,1983,64
WEL000509,2022-06-13,3487,17913,8.55,3767,53
WEL001750,2021-07-04,2698,19374,32.53,2730,125
WEL001319,2021-12-01,4165,10238,10.23,3418,106
WEL002452,2022-02-08,4674,12603,19.91,2427,175
WEL000671,2022-05-04,4167,17992,53.29,2401,129
WEL002899,2024-01-03,3422,7673,6.08,2158,129
WEL000161,2021-01-03,2137,7844,28.06,2039,80
WEL001586,2018-12-09,1304,12248,36.99,3435,155
WEL000758,2021-09-11,1338,832,55.98,3322,145
WEL001994,2024-03-17,1163,5314,55.77,2491,65
WEL000809,2022-08-31,2128,10761,17.79,1072,88
WEL002191,2024-10-29,3699,17380,59.11,3122,107
WEL002042,2021-09-27,1597,14648,46.3,2059,125
WEL001409,2024-09-02,3241,19181,6.63,1702,165
WEL002634,2018-08-12,4127,10828,20.15,2823,54
WEL001136,2020-07-25,4666,5720,35.11,4670,96
WEL000873,2022-03-05,213,18216,20.26,2697,157
WEL001747,2018-07-02,4090,3173,50.61,2968,134
WEL000768,2019-07-04,1017,3060,43.19,2795,88
WEL002952,2022-09-08,558,1105,56.11,4805,172
WEL001097,2023-12-08,4793,5508,36.01,1607,116
WEL001505,2018-11-26,1157,11415,26.11,1873,105
WEL002372,2022-05-27,1326,8989,12.98,2131,127
WEL001647,2020-04-27,2294,7824,33.81,1152,52
WEL000355,2020-05-23,562,1092,52.9,3586,112
WEL002921,2019-04-26,1118,5741,58.97,2778,113
WEL000706,2018-03-21,1545,5045,56.88,3097,116
WEL000216,2018-04-17,703,13729,16.18,1368,142
WEL001637,2024-02-24,1716,8790,35.15,1560,85
WEL001547,2022-10-23,2024,12946,8.71,3851,117
WEL001422,2024-03-10,3347,7761,43.65,2495,129
WEL002952,2018-06-30,4125,9640,43.2,2984,135
WEL001141,2022-02-26,2875,8051,24.11,4187,118
WEL002360,2022-08-14,3465,7892,33.47,2748,162
WEL002249,2020-11-16,775,14371,41.65,3136,50
WEL002829,2019-08-08,3833,8857,22.1,2242,101
WEL000731,2022-08-13,3431,7048,32.96,1675,128
WEL000855,2020-04-07,1715,16425,10.72,1602,164
WEL000419,2020-07-31,3301,19878,20.98,1586,70
WEL000971,2022-06-27,279,15108,58.84,3938,161
WEL000792,2024-03-15,875,14333,52.59,4897,131
WEL001442,2018-12-24,2719,6474,35.59,2311,70
WEL001840,2019-03-13,4765,19032,17.64,4355,84
WEL000822,2018-08-08,4522,3130,10.48,4173,61
WEL001576,2023-04-13,3255,14309,45.06,2271,132
WEL000808,2018-07-02,3342,9240,55.95,4878,55
WEL000656,2022-05-20,3481,4438,14.88,2516,111
WEL000677,2022-09-19,3808,16502,52.89,4313,54
WEL002717,2019-03-30,3314,10589,26.15,3908,120
WEL001924,2024-03-11,3120,935,42.09,1956,82
WEL002998,2022-06-08,4646,850,48.84,4967,170
WEL001922,2023-02-15,2170,19873,55.77,2193,91
WEL002314,2018-01-11,4463,16260,29.26,2235,72
WEL000144,2021-08-07,2617,4057,53.6,4562,55
WEL001572,2019-12-09,4391,8973,12.33,2027,93
WEL002132,2024-04-09,3612,8141,26.18,3503,175
WEL000623,2021-06-17,2753,9289,12.37,3676,163
WEL002787,2020-06-09,599,17771,7.38,2856,126
WEL001111,2021-04-27,1304,8762,51.96,4376,114
WEL001849,2018-07-20,1918,6539,49.75,1212,175
WEL002444,2018-08-18,1456,19466,7.17,4443,171
WEL000191,2020-09-23,475,5008,7.72,3928,127
WEL002017,2022-07-19,1233,13209,21.74,1607,105
WEL000293,2020-06-07,2530,4336,57.22,4895,158
WEL002388,2018-04-20,4294,3349,25.26,3078,165
WEL000125,2023-09-12,1927,18631,33.69,3667,151
WEL002851,2022-07-07,3923,13773,28.59,1548,81
WEL000581,2020-03-26,1369,6122,17.1,4969,139
WEL000736,2023-06-02,3760,10272,15.55,1855,96
WEL000182,2020-05-31,2675,12959,49.23,1782,154
WEL002908,2021-07-26,4512,15343,46.32,3642,120
WEL002592,2022-04-11,337,9005,44.48,3882,86
WEL001572,2018-02-15,4561,5885,46.05,2762,160
WEL002275,2021-04-15,1976,2286,51.81,3852,129
WEL002314,2019-02-26,3566,13870,50.2,4645,60
WEL002683,2021-01-06,537,8883,56.39,2319,155
WEL000388,2023-01-14,475,18563,28.44,4301,59
WEL001814,2018-10-19,2860,18221,23.24,4336,110
WEL000174,2023-02-10,2161,14263,54.91,3288,76
WEL001950,2023-05-24,4297,6056,27.87,3433,166
WEL001178,2018-03-09,2901,14867,50.47,1195,89
WEL002568,2019-08-05,2851,19578,31.08,1832,128
WEL002153,2024-07-24,439,18330,39.81,1131,58
WEL001851,2023-08-20,2367,8444,50.07,2338,156
WEL001936,2020-03-18,4732,768,6.3,3548,78
WEL001525,2024-11-20,1364,7462,36.22,4970,120
WEL000212,2023-07-20,4035,18306,35.93,3087,58
WEL001693,2021-07-19,1173,15992,41.83,2574,76
WEL002865,2021-02-23,953,5732,36.73,3786,160
WEL002371,2020-08-26,3278,18933,17.37,4695,148
WEL001800,2022-04-13,4726,17177,46.11,2707,80
WEL002158,2018-11-20,2864,13505,23.13,3186,70
WEL001980,2021-02-12,2491,731,35.36,4358,161
WEL001263,2024-04-08,3048,14493,39.9,1086,135
WEL000369,2024-04-08,4468,13154,10.94,2663,59
WEL001741,2020-05-29,2657,10489,46.15,1319,85
WEL002754,2018-06-13,464,6933,42.89,3749,83
WEL002782,2024-02-29,3775,4190,17.55,1617,159
WEL000887,2023-03-11,2828,14598,58.73,3831,178
WEL002607,2024-08-19,2490,16944,25.62,3629,169
WEL001284,2020-08-04,1909,1112,53.45,3285,163
WEL001211,2024-10-17,2963,15506,49.74,2636,166
WEL002669,2020-10-28,2561,10673,17.48,1073,83
WEL001318,2022-05-27,4469,17409,9.75,2303,159
WEL002496,2023-11-15,3380,19875,49.68,1344,93
WEL000472,2024-06-01,1017,15878,15.93,3541,97
WEL000764,2023-03-05,3401,12515,48.19,1581,88
WEL000302,2024-10-04,4374,2312,7.55,3813,171
WEL001938,2021-09-26,679,11430,21.92,4998,130
WEL001371,2019-04-27,4141,1384,7.42,1432,99
WEL001509,2019-10-13,2155,18834,45.99,3869,127
WEL002938,2020-10-17,454,18873,31.17,1044,168
WEL002734,2022-11-12,2048,13976,48.39,1214,90
WEL000855,2024-04-30,4158,15592,47.87,2338,166
WEL002266,2019-03-24,1413,1935,9.78,4509,68
WEL001447,2020-08-19,1174,18216,11.72,1699,94
WEL000260,2024-06-13,3751,18811,31.75,4538,123
WEL001602,2023-10-24,3755,15768,37.68,3504,154
WEL001813,2018-09-23,4477,1782,56.22,2429,179
WEL001525,2019-09-09,181,5551,5.33,4486,86
WEL000557,2018-10-09,180,14741,39.54,4939,135
WEL000835,2018-03-17,4352,15582,8.15,3341,67
WEL000861,2018-01-28,2923,8786,44.91,3668,74
WEL000160,2018-06-13,2791,9446,15.04,4283,90
WEL002513,2024-11-19,1004,14242,31.25,2359,135
WEL002952,2022-07-29,1499,4138,14.57,4000,73
WEL000282,2019-09-09,3355,11196,18.12,4796,66
WEL001801,2023-05-11,2725,18794,14.35,3880,165
WEL000735,2018-11-16,3291,8744,30.05,1461,57
WEL002740,2021-12-14,4100,5365,26.49,1818,80
WEL002292,2019-02-05,4763,15387,57.74,4059,148
WEL002352,2023-03-09,2013,705,18.73,4725,125
WEL002349,2018-11-11,881,14213,39.24,4922,99
WEL001192,2021-03-25,1884,15333,5.78,4695,107
WEL001783,2022-03-08,3212,4881,46.57,1053,116
WEL002415,2024-09-02,4352,13910,43.11,4357,74
WEL000895,2024-10-12,520,10260,57.33,1920,145
WEL002756,2022-02-19,2793,11942,56.24,1421,173
WEL001335,2021-12-31,3798,15791,24.64,1362,151
WEL001180,2021-05-15,2011,10270,29.19,4798,72
WEL001918,2019-08-12,2228,7180,51.2,1050,99
WEL001797,2020-11-19,3287,4957,30.88,4843,56
WEL000007,2024-05-15,1434,13057,40.35,3620,85
WEL002579,2024-08-14,3553,7628,19.86,2130,153
WEL002274,2023-02-18,2556,16821,53.76,4807,128
WEL001311,2021-12-14,3719,1004,19.11,3317,103
WEL001742,2022-08-21,2298,14749,12.08,3916,69
WEL002093,2020-12-20,299,6743,27.05,4662,149
WEL002672,2018-10-07,4567,8594,35.82,4916,75
WEL000726,2023-10-30,3827,19852,7.09,1871,77
WEL002999,2021-04-09,2529,12057,34.35,3594,157
WEL000285,2023-12-22,4901,6422,29.29,2709,90
WEL001417,2021-12-12,799,17084,55.94,2128,158
WEL002989,2019-04-02,4749,5082,9.97,1913,170
WEL001851,2020-07-08,2636,10900,8.0,3557,101
WEL002873,2020-11-11,2640,12427,23.59,2877,63
WEL001573,2020-05-27,3853,11814,20.89,3330,50
WEL002246,2021-03-09,2604,9387,53.16,3379,111
WEL000504,2020-08-08,2455,19133,57.59,1706,106
WEL002609,2020-10-17,2281,5019,55.3,2488,68
WEL000584,2018-04-21,2056,17474,37.1,2632,72
WEL000263,2021-07-02,3111,6751,7.76,1211,162
WEL000604,2019-09-13,4722,11183,22.74,4584,102
WEL000028,2021-11-24,1571,8800,35.02,1402,106
WEL001575,2021-02-15,1030,9754,14.16,3479,177
WEL001793,2024-02-19,525,10175,32.43,3887,162
WEL002806,2019-11-28,1445,8644,16.6,3544,51
WEL002569,2018-08-16,1070,18388,29.95,1434,64
WEL000046,2019-01-13,3116,14421,35.71,4982,80
WEL002844,2020-11-26,2218,19309,54.78,4339,148
WEL001425,2018-07-06,4566,2532,31.41,3349,102
WEL001525,2019-02-02,1181,16273,50.01,4808,158
WEL002067,2023-06-20,1988,915,34.2,4210,142
WEL001607,2018-06-24,3704,19728,11.78,2036,63
WEL002548,2020-10-16,2955,17710,54.32,4920,125
WEL000720,2022-03-27,3196,2666,13.17,3238,113
WEL000663,2019-10-02,1758,16425,22.62,1202,73
WEL000680,2022-01-30,1595,4897,19.01,4701,177
WEL002120,2023-10-30,4923,11300,45.61,3126,81
WEL002923,2022-11-23,3216,13127,43.62,4108,130
WEL001521,2021-10-04,3924,7294,32.33,3022,125
WEL000579,2021-09-11,1894,602,19.86,3436,133
WEL001707,2023-04-08,2653,9325,37.1,4397,175
WEL001014,2021-03-19,2092,5270,29.66,1570,64
WEL002454,2018-10-09,1193,13124,10.85,4961,87
WEL000842,2023-09-18,1193,8944,42.04,1302,129
WEL002912,2021-07-30,4122,10153,32.96,4235,70
WEL000836,2018-01-05,1146,11772,33.17,4841,152
WEL001620,2021-10-01,4577,6648,37.97,1192,79
WEL002749,2024-11-16,2361,13663,13.22,2138,94
WEL000067,2019-04-24,3533,6274,14.93,3307,120
WEL000629,2019-09-21,214,3410,17.23,3162,152
WEL002253,2023-09-12,732,16608,39.03,3785,173
WEL001353,2024-12-29,1941,2116,28.61,3887,153
WEL002648,2023-07-27,4392,2391,47.7,1329,126
WEL002901,2023-09-22,1448,14067,33.35,1633,53
WEL001130,2022-12-13,3704,15660,12.09,3317,128
WEL001701,2020-05-06,3291,10742,34.96,2219,129
WEL001433,2020-08-25,2420,7514,46.85,1830,114
WEL002193,2022-09-21,4951,7996,13.56,3104,81
WEL001963,2018-12-14,4991,10403,16.71,1299,152
WEL000176,2021-07-01,3440,11956,42.7,4178,169
WEL000258,2022-06-24,2004,4282,6.39,3720,71
WEL000513,2023-07-18,3032,5108,50.0,2893,126
WEL000818,2020-03-18,2802,4595,26.64,1245,53
WEL001728,2022-02-21,3807,5417,7.56,3284,57
WEL000263,2020-04-22,2727,12921,9.76,3784,156
WEL001189,2024-04-23,2473,9334,55.24,1061,132
WEL001102,2024-07-26,3563,11161,12.94,1815,128
WEL002816,2019-04-18,2159,10647,29.17,3166,153
WEL002667,2022-04-18,293,12373,37.18,2479,177
WEL000902,2019-11-22,1836,8094,35.19,3723,172
WEL000404,2021-10-31,1246,12286,23.18,1172,129
WEL000281,2023-10-10,798,15004,56.37,1307,177
WEL001982,2018-01-20,2909,11135,23.91,3745,123
WEL000928,2020-07-06,3752,13777,37.28,4475,122
WEL000425,2019-07-27,3244,13503,25.68,3256,52
WEL002733,2023-10-14,2586,16998,18.83,2740,62
WEL001385,2018-12-31,3614,3387,23.38,3763,53
WEL002754,2018-03-07,1775,13044,19.39,2491,170
WEL000164,2023-11-30,4229,6211,39.17,1982,155
WEL000663,2024-07-21,3505,14427,35.8,1454,95
WEL000060,2019-01-01,415,5088,38.51,2005,125
WEL002748,2024-08-08,4806,17920,46.28,2857,145
WEL001596,2024-02-24,3965,2034,27.88,1707,159
WEL001142,2019-08-10,4703,4095,11.81,1130,110
WEL002947,2020-09-14,107,11078,14.08,1606,166
WEL000614,2019-08-05,1655,3439,6.79,3082,150
WEL001285,2023-07-30,3659,10126,40.27,4351,124
WEL001963,2018-10-12,969,7008,31.45,1120,112
WEL000753,2023-05-23,4085,17423,29.3,3176,116
WEL002417,2021-04-08,1231,5534,55.26,3000,78
WEL002204,2024-10-19,2964,8911,6.31,3102,138
WEL001534,2021-12-23,4789,8354,40.38,3634,175
WEL002456,2021-08-08,473,6719,5.72,4168,91
WEL001734,2021-09-08,2124,7100,31.12,4614,96
WEL001129,2020-12-16,2812,11671,51.14,4907,93
WEL001558,2018-06-27,1117,17573,12.36,2498,74
WEL000582,2018-12-21,1025,17927,31.25,1707,142
WEL001775,2021-12-09,2992,13302,36.8,1405,103
WEL000698,2020-02-24,3106,18708,27.44,4754,161
WEL002433,2021-04-10,2376,14131,45.57,1399,51
WEL000021,2020-10-03,2695,7760,33.09,1360,63
WEL001581,2018-10-08,3890,7498,34.22,2555,128
WEL002715,2018-09-09,979,8026,14.45,2244,62
WEL002129,2020-11-20,278,14001,50.07,2080,112
WEL002292,2022-02-09,1650,19169,39.13,2385,51
WEL002882,2018-01-05,4570,10107,7.09,1694,124
WEL000730,2020-08-17,1053,16607,38.62,1700,165
WEL002719,2018-09-14,2903,17807,27.18,1133,137
WEL000553,2020-10-28,2979,2536,41.58,3688,140
WEL002038,2019-03-25,175,13162,16.19,3599,72
WEL002050,2020-06-23,1119,14669,25.82,2601,141
WEL001283,2021-05-28,4803,12660,39.72,4487,129
WEL002177,2024-08-30,1383,19908,17.98,2395,138
WEL001082,2024-10-08,886,10893,19.26,1555,63
WEL001026,2018-01-10,3355,16034,48.87,4554,157
WEL002212,2024-09-15,3905,8477,10.35,2738,62
WEL000288,2023-04-15,4277,5425,40.26,4739,170
WEL000308,2024-12-24,2191,12802,44.58,2764,103
WEL001705,2021-10-08,685,2950,56.79,4645,126
WEL000534,2022-04-22,151,15642,37.74,4787,73
WEL000024,2024-08-02,3151,14247,28.77,2325,83
WEL000953,2018-11-28,3495,1195,12.82,1100,144
WEL001661,2024-07-25,4395,710,48.95,4013,118
WEL000389,2022-01-01,3854,15089,31.64,4244,72
WEL002711,2024-10-12,2059,8700,25.7,3667,126
WEL000295,2022-01-20,822,6420,19.08,1935,65
WEL002872,2024-09-23,126,13614,57.34,1911,113
WEL002322,2021-09-02,1695,12573,41.53,2338,71
WEL002040,2018-03-30,3585,9144,50.91,1755,77
WEL000219,2022-07-31,636,16517,8.14,2097,108
WEL001238,2022-01-13,3967,14126,9.83,4319,85
WEL002262,2023-01-11,1329,4326,8.85,2753,161
WEL002930,2019-08-26,455,1238,57.93,3007,167
WEL001043,2023-05-31,627,15544,54.74,2019,146
WEL002112,2020-06-11,1813,10921,35.7,4504,58
WEL002088,2020-08-04,429,4456,7.39,1607,136
WEL002433,2020-08-16,434,8011,17.27,4922,175
WEL001075,2020-07-10,4001,5683,10.36,1860,176
WEL002248,2020-01-13,3851,4195,35.43,2038,107
WEL000851,2021-01-18,2482,5994,7.77,1914,116
WEL000170,2018-12-12,2713,8597,58.48,3561,72
WEL001094,2018-07-13,2182,2043,24.32,3236,125
WEL002626,2020-05-29,4641,5373,39.44,4742,172
WEL001242,2024-12-22,2674,18243,44.32,4458,140
WEL000058,2023-12-25,4372,1186,43.57,4245,111
WEL002702,2020-01-26,629,11496,5.11,1732,179
WEL001390,2018-11-09,2527,1546,51.06,1978,97
WEL000560,2018-08-08,4844,1247,50.45,1989,80
WEL000859,2023-04-21,2824,11125,47.08,3070,68
WEL002688,2023-01-26,3168,6843,42.0,3518,60
WEL001956,2021-07-14,4399,14140,35.07,4354,177
WEL000537,2023-07-22,593,9713,51.83,4673,146
WEL002585,2022-12-29,1995,10944,23.61,4478,113
WEL000588,2018-03-10,4769,10868,24.25,3065,134
WEL002680,2024-08-31,3637,14134,8.28,2148,112
WEL001151,2019-08-16,4623,19239,32.41,1620,162
WEL001686,2019-02-24,2666,18576,46.89,3374,167
WEL002677,2018-06-28,409,19566,37.0,4892,104
WEL001899,2024-11-12,2057,12869,32.71,3485,172
WEL001375,2018-02-07,3631,11271,57.06,1802,50
WEL000152,2019-10-10,1738,7392,55.79,1128,161
WEL000976,2018-06-18,4447,14816,51.3,3765,173
WEL000268,2023-05-05,710,19056,38.07,1341,126
WEL002709,2023-03-19,4764,10343,14.27,2730,158
WEL002389,2023-09-11,2105,8755,15.36,4567,110
WEL001828,2020-06-30,4566,6040,58.01,4776,58
WEL002769,2021-08-17,1722,9083,36.23,3363,149
WEL002216,2019-04-27,2968,8765,17.15,3501,74
WEL002919,2023-01-26,3909,12770,49.68,2779,149
WEL000589,2018-04-02,4238,3424,37.92,4298,143
WEL002589,2024-10-30,1051,3499,32.87,3085,92
WEL001356,2020-06-24,1646,12535,36.68,2936,113
WEL000309,2021-01-09,1865,17752,33.69,1649,61
WEL002407,2018-09-17,1483,15298,35.53,4624,129
WEL002778,2018-03-13,579,18981,22.73,1941,76
WEL000795,2019-04-27,4434,14485,59.55,4350,124
WEL001155,2020-03-23,3605,17446,42.66,3979,132
WEL000419,2021-09-07,3545,3368,9.99,2870,123
WEL002819,2022-12-09,590,7721,11.84,3380,67
WEL002169,2018-06-22,227,10326,58.22,2839,82
WEL001067,2022-08-21,1630,11034,14.73,2846,100
WEL001015,2024-01-03,4538,13691,39.23,2112,104
WEL001950,2019-08-06,4104,12937,58.86,3620,141
WEL001573,2022-07-06,2230,18190,25.34,1780,148
WEL001114,2020-01-29,4230,8970,26.26,1749,120
WEL001751,2019-07-20,753,2385,40.54,3345,104
WEL001029,2021-11-01,3714,8125,7.66,3805,102
WEL000799,2018-09-01,1162,14631,18.59,3075,55
WEL001985,2018-03-02,3695,9460,15.32,3917,153
WEL001953,2021-05-14,4424,1356,38.5,1149,102
WEL002503,2022-06-20,3800,8882,48.44,3260,130
WEL001400,2018-03-09,1847,2653,29.02,4447,129
WEL000280,2024-03-20,2710,18886,53.09,2618,123
WEL001173,2021-06-09,2053,18949,15.55,3098,174
WEL001303,2020-12-17,1664,4860,14.23,3991,119
WEL000564,2019-07-16,397,16871,39.43,3150,110
WEL000916,2021-03-26,4652,12023,52.44,4352,160
WEL001468,2024-03-28,854,7303,51.8,2769,112
WEL002821,2023-03-15,2787,2949,11.81,3286,53
WEL001268,2018-12-09,4818,10430,8.19,1846,51
WEL002403,2024-12-31,3077,3879,8.87,3474,152
WEL001334,2019-11-05,2730,5066,51.34,3002,149
WEL002074,2021-09-28,4543,16472,47.46,1660,84
WEL000454,2019-11-06,2912,4846,48.24,1717,148
WEL001930,2020-12-17,347,9016,45.3,1756,159
WEL001342,2018-05-10,176,17034,30.6,3513,93
WEL001747,2018-05-12,3134,9644,35.03,3361,76
WEL001711,2022-08-09,204,14912,36.64,4239,146
WEL002503,2024-08-28,1508,1829,5.97,4136,127
WEL001300,2020-02-22,981,16796,7.66,4132,75
WEL000548,2023-02-21,583,9699,17.7,1268,58
WEL001133,2022-10-14,1621,14780,41.83,1589,78
WEL000815,2023-06-07,4929,18797,7.58,3518,69
WEL000032,2023-04-13,3709,8575,48.63,1271,65
WEL001325,2024-10-15,146,10929,43.51,4025,145
WEL002020,2019-09-14,2856,6658,15.42,3610,133
WEL001143,2023-07-25,1807,16557,47.2,4454,125
WEL000466,2020-05-23,2929,9657,38.39,3194,157
WEL000833,2020-04-10,3647,5450,42.64,1897,111
WEL000037,2023-03-08,2581,5348,43.92,1959,122
WEL002003,2019-07-26,2798,598,13.82,3889,102
WEL002006,2019-08-08,3033,12809,10.62,4533,128
WEL002199,2018-08-28,1637,18172,56.43,1766,69
WEL002184,2019-10-24,368,2893,32.83,1477,83
WEL002463,2018-03-18,1319,11490,49.25,1300,60
WEL000450,2018-12-15,3554,1114,53.02,2301,177
WEL000480,2019-12-01,1421,3618,52.6,3519,150
WEL000444,2021-09-22,1326,7358,41.35,4313,109
WEL000754,2019-11-08,1619,6475,35.2,4128,97
WEL001132,2023-12-14,1107,6011,43.38,1084,111
WEL002218,2018-12-28,597,13050,8.09,3669,140
WEL002758,2020-10-03,2829,11647,40.44,3757,145
WEL002780,2021-12-04,4300,17304,23.4,3670,69
WEL002880,2023-07-01,3683,10048,48.31,1992,122
WEL002186,2022-04-30,2285,9543,7.01,4888,113
WEL002585,2021-03-10,3954,1364,56.44,2048,168
WEL001880,2022-01-31,137,15797,36.4,2527,156
WEL001739,2018-01-23,2083,15172,27.2,1571,64
WEL002546,2021-05-02,4596,12155,32.96,1756,133
WEL001013,2019-01-28,992,14013,39.32,3233,66
WEL001129,2019-04-13,3800,16181,47.75,4158,155
WEL001989,2020-01-16,4813,11146,53.79,1577,61
WEL000679,2024-04-20,1961,5423,21.13,4617,85
WEL000578,2019-04-03,2447,18360,40.15,4050,87
WEL002919,2024-12-10,2472,3213,29.77,2282,82
WEL002605,2022-04-04,2640,10803,22.59,3502,155
WEL001192,2022-02-14,3620,6290,36.91,1893,60
WEL001959,2018-07-29,1922,1383,46.09,1408,161
WEL001830,2024-11-17,1601,17515,33.65,4934,143
WEL002380,2022-01-21,4859,12917,9.4,1646,60
WEL000679,2023-12-31,2083,4238,15.14,2116,141
WEL000002,2018-02-04,3937,10996,21.41,2505,50
WEL000679,2019-02-21,1313,7360,34.79,4196,135
WEL000846,2018-07-13,805,4275,12.75,4007,79
WEL000670,2022-03-21,3653,19566,57.52,1475,82
WEL001783,2024-02-09,1215,5514,39.67,2775,177
WEL002826,2024-08-12,342,17161,11.74,4814,173
WEL002879,2022-10-12,3125,4129,36.78,2710,158
WEL002286,2021-08-19,1894,10319,27.34,3007,104
WEL002211,2021-02-08,1012,11102,8.49,2345,158
WEL000189,2022-05-26,2476,15328,12.88,4635,104
WEL000951,2018-06-05,1144,8063,45.23,3373,64
WEL000401,2019-12-06,571,11417,59.6,1273,112
WEL001336,2021-09-26,1435,1239,20.75,2561,52
WEL001314,2022-06-08,1806,16043,21.04,2123,154
WEL001340,2023-04-21,4965,13267,42.45,4337,105
WEL001716,2021-09-04,3411,13440,23.87,3618,118
WEL000345,2024-11-06,1163,19550,31.43,2142,90
WEL002811,2023-11-10,729,18091,54.66,3720,179
WEL001181,2024-06-26,662,7617,49.96,2185,90
WEL002861,2021-04-11,647,6502,35.27,2399,179
WEL002267,2020-02-10,1782,13339,30.63,4212,142
WEL000369,2024-10-13,3284,13451,48.12,2890,174
WEL000746,2021-08-16,2550,15544,52.59,3181,163
WEL002412,2022-08-30,4760,4972,25.27,4770,122
WEL002167,2020-09-18,3966,10632,39.91,2558,114
WEL002701,2022-12-28,2399,10918,46.69,4009,72
WEL001675,2021-03-22,1629,18478,18.2,2507,100
WEL000060,2024-07-27,2016,12265,27.71,3615,69
WEL000105,2020-09-06,2434,10078,15.93,1841,143
WEL002176,2022-04-07,3853,6566,33.28,3690,115
WEL002498,2024-11-26,4560,5172,28.02,4983,50
WEL000513,2024-09-26,4295,3389,38.58,2631,128
WEL002541,2024-01-14,1546,19921,44.18,3415,83
WEL001617,2019-01-25,3586,8891,14.96,1456,72
WEL000334,2018-09-06,750,17037,19.64,3679,124
WEL002470,2021-10-14,674,4594,30.68,4335,169
WEL002632,2018-07-05,4447,4116,33.2,1117,128
WEL001658,2023-02-27,4100,9438,13.39,2552,122
WEL002152,2022-12-31,1169,17304,25.28,1525,159
WEL001027,2021-04-07,1768,11288,13.0,3531,54
WEL001744,2024-04-09,4485,5228,39.71,3815,50
WEL001265,2019-04-20,324,9922,19.77,4414,144
WEL002809,2020-09-09,346,5305,35.69,1731,130
WEL002509,2018-06-30,3272,17926,43.34,1956,63
WEL000763,2020-05-18,112,2144,20.03,2490,98
WEL001483,2018-12-05,3743,6864,56.94,3399,118
WEL001426,2023-01-18,4791,6084,47.81,3652,140
WEL000037,2019-03-06,1146,10464,30.56,3354,142
WEL000969,2018-04-17,1620,15191,37.16,4692,87
WEL001841,2024-02-07,4516,9711,36.7,2291,120
WEL000894,2024-01-26,3869,1249,25.45,4258,154
WEL000265,2019-07-11,4075,7190,24.31,4564,169
WEL002486,2022-07-06,699,6272,33.32,2100,67
WEL002113,2018-12-13,3232,18228,37.08,4822,98
WEL002236,2023-07-28,1144,15756,8.26,4782,134
WEL000848,2024-02-02,833,10487,52.68,3188,102
WEL000408,2018-12-24,3565,13110,38.11,1536,122
WEL000893,2023-12-08,3003,15666,15.25,3958,58
WEL002413,2020-07-21,676,16768,44.22,4108,97
WEL001175,2018-12-26,3382,13519,32.0,4442,113
WEL000392,2022-01-09,530,9767,20.57,1533,125
WEL001616,2018-07-15,2318,11825,46.09,2758,50
WEL000485,2018-12-23,3190,8240,38.4,2899,111
WEL000973,2024-06-28,647,622,26.91,4953,138
WEL000690,2020-06-12,377,7856,52.01,2909,119
WEL002065,2020-02-24,3441,5705,47.65,2922,80
WEL002496,2019-03-12,3422,6461,55.63,3621,139
WEL002641,2018-07-07,620,14073,45.68,3273,153
WEL000622,2023-05-17,1552,957,26.29,3219,175
WEL000648,2023-12-07,1463,13311,20.02,2813,121
WEL001643,2021-06-22,4323,1165,48.82,4449,150
WEL002704,2020-10-18,4321,12936,52.8,2493,56
WEL000739,2024-06-28,2974,15831,17.75,1206,77
WEL000356,2022-02-09,4844,1925,34.08,3840,135
WEL002040,2021-04-21,1423,13436,27.06,3715,173
WEL001717,2023-05-04,384,5929,56.64,2446,97
WEL002920,2023-11-05,3070,18983,49.07,4819,120
WEL002764,2024-02-29,196,15109,14.71,1974,88
WEL001388,2020-06-29,1984,18089,27.82,2254,51
WEL000474,2023-08-23,1273,1391,24.28,2756,148
WEL002133,2019-01-21,1790,8749,20.53,4093,87
WEL000490,2024-08-07,1824,15942,10.55,3124,94
WEL001493,2021-02-26,1510,12559,41.73,1167,173
WEL000527,2024-01-08,1746,2377,38.23,1559,145
WEL002383,2019-04-15,4998,10962,47.1,3005,160
WEL002177,2019-01-07,4959,18408,49.15,3889,75
WEL002179,2019-12-26,2126,6113,28.74,1639,163
WEL001838,2021-02-01,1022,10251,7.92,2406,59
WEL002395,2024-02-09,4798,4898,45.73,1465,160
WEL000357,2020-11-19,954,19928,36.44,2563,70
WEL002167,2019-05-31,2413,18157,37.24,3971,73
WEL001108,2022-10-26,3938,8599,29.08,1976,70
WEL001533,2018-03-07,3988,5025,50.49,4170,141
WEL001080,2018-02-13,4795,14761,42.68,3557,141
WEL000797,2020-12-07,4684,4943,49.16,2663,76
WEL002219,2018-09-15,2785,15888,56.59,4285,164
WEL002090,2021-09-18,4205,17412,48.95,2927,169
WEL001178,2019-06-15,3534,10440,32.48,3542,65
WEL001127,2022-10-08,2899,3315,39.92,2122,95
WEL001412,2024-06-17,4811,3552,15.1,3944,142
WEL002880,2020-05-23,4074,9856,55.26,1890,146
WEL001324,2018-09-05,3159,10059,27.17,1087,178
WEL002283,2019-05-01,272,5110,44.88,2075,66
WEL002995,2018-06-02,2329,18886,21.39,3190,60
WEL001885,2018-02-03,4510,2213,21.46,3556,55
WEL000809,2022-08-23,2152,1319,59.03,3318,179
WEL002825,2024-01-21,1059,3784,51.12,1377,177
WEL000006,2024-03-23,2256,16679,17.34,4633,131
WEL001697,2022-07-25,4927,5544,42.99,3891,52
WEL002606,2020-07-01,1411,11577,7.25,2681,126
WEL002551,2024-09-24,1336,15171,29.26,4703,74
WEL001741,2022-08-23,2778,18743,47.25,1191,71
WEL000187,2021-04-10,3974,7128,58.9,3123,67
WEL000801,2020-06-16,2742,3027,17.02,2633,86
WEL000854,2024-07-16,4101,10035,55.95,3156,173
WEL000080,2022-05-12,1601,5554,54.57,1581,130
WEL002221,2022-11-28,1750,14448,43.83,2316,138
WEL002305,2018-09-28,3781,18147,49.65,4856,60
WEL001535,2020-09-21,432,13178,8.41,1125,111
WEL001752,2024-05-03,1833,5420,54.88,3858,52
WEL000949,2024-02-14,2565,11924,37.22,4531,110
WEL002102,2019-01-10,3766,7081,29.63,3047,104
WEL000582,2020-08-21,1733,4703,16.11,2179,119
WEL002936,2021-10-06,3979,16213,28.48,4478,90
WEL000127,2020-01-18,2553,7423,15.9,2725,147
WEL000922,2023-01-03,366,10476,31.98,3194,171
WEL002269,2023-11-27,1361,4248,31.99,4188,101
WEL002826,2018-09-05,1834,10105,24.44,4539,135
WEL000420,2023-06-02,1896,6405,5.17,4277,127
WEL002548,2020-05-02,1074,1701,45.72,2383,55
WEL000948,2024-03-25,1989,9546,15.88,1384,94
WEL002913,2024-11-13,3560,5836,28.88,1342,115
WEL000074,2020-07-03,974,9678,21.3,4741,78
WEL001515,2022-01-13,2042,3097,41.02,3354,167
WEL002884,2019-02-28,2472,8283,39.42,2924,94
WEL001909,2022-02-27,3072,3792,53.26,3424,173
WEL000434,2024-05-23,1141,13318,5.5,1409,98
WEL002439,2022-11-09,2805,3463,15.84,2711,155
WEL000488,2021-07-30,1196,1469,49.49,2788,108
WEL001832,2019-09-06,4652,10410,15.62,2168,87
WEL001993,2020-07-30,1609,16243,47.38,4586,149
WEL001250,2020-08-26,3553,13002,29.07,4046,100
WEL000254,2020-09-12,1658,15415,23.34,1181,65
WEL002210,2024-03-15,2326,12346,18.6,3563,77
WEL002477,2022-04-22,4312,9091,45.37,2596,95
WEL000431,2022-05-26,3519,14401,24.84,3668,90
WEL000925,2018-08-05,2828,9719,26.19,1009,171
WEL000557,2019-11-16,1598,18426,38.58,1518,89
WEL001655,2019-07-30,4047,12613,37.98,3461,76
WEL002744,2023-10-12,1517,19929,7.26,1906,114
WEL002636,2020-10-04,1712,16593,44.65,1089,97
WEL000791,2020-03-05,3219,18954,26.74,1323,139
WEL002597,2021-11-22,2344,15792,52.12,3016,124
WEL000807,2019-04-09,3269,15688,55.51,4327,119
WEL001501,2024-01-10,2956,11275,23.3,2471,98
WEL001341,2019-04-21,2429,16862,26.85,3708,172
WEL002188,2022-01-05,4726,5237,8.6,1119,82
WEL002773,2022-05-20,3819,7713,40.99,1145,118
WEL001275,2019-09-07,2406,13757,57.22,2944,151
WEL002444,2024-10-04,1800,725,57.91,3610,157
WEL000178,2022-10-14,3175,13086,7.92,4927,50
WEL001272,2019-06-29,1700,10499,31.88,3402,169
WEL000088,2024-10-15,4637,19234,35.49,4637,84
WEL001096,2023-08-08,1011,19038,23.5,4333,53
WEL000220,2022-03-15,2477,7297,31.74,1273,98
WEL002211,2018-05-02,4971,1998,24.18,4050,85
WEL002495,2018-08-23,4261,3133,47.83,2691,120
WEL000835,2018-03-26,3155,6926,5.44,3883,178
WEL001206,2021-03-24,3982,2151,55.9,3129,119
WEL000157,2019-12-24,1901,8805,13.59,4088,143
WEL000212,2024-12-05,3004,3161,41.23,2372,89
WEL001498,2020-07-10,2104,14396,15.42,1987,96
WEL000743,2018-09-14,4977,6177,10.66,1230,153
WEL002315,2018-04-06,741,5021,32.93,4090,54
WEL002681,2022-06-13,3274,15019,57.33,4979,127
WEL000385,2021-04-19,2433,7028,49.39,3221,55
WEL000747,2020-01-17,3783,3198,11.68,2658,121
WEL002229,2019-11-08,360,5090,6.59,1776,130
WEL000288,2023-02-19,1710,19080,7.28,2253,132
WEL000075,2020-01-10,280,14467,48.21,1446,67
WEL002730,2022-04-24,3576,19089,6.32,3238,58
WEL000752,2023-10-10,1031,2987,58.58,1298,162
WEL000552,2023-10-01,2618,17414,54.17,2136,134
WEL002490,2020-02-09,1065,1740,23.3,4767,175
WEL000006,2018-07-12,3023,2133,53.87,1265,179
WEL002750,2020-11-18,463,16272,25.42,3664,66
WEL002960,2024-12-18,1190,7055,44.21,4711,54
WEL001585,2024-01-14,636,12119,15.18,1496,114
WEL002573,2018-08-08,1446,19399,53.85,1520,64
WEL002288,2020-11-16,1376,16372,27.52,4832,176
WEL002648,2024-05-17,2960,678,20.57,4273,93
WEL001387,2023-01-17,946,7024,25.85,1799,66
WEL000399,2020-04-19,810,16894,47.05,2570,139
WEL000224,2019-06-16,1019,14774,21.64,1266,59
WEL000737,2023-11-11,1709,579,52.24,4348,74
WEL000281,2021-01-22,2484,13724,10.65,1536,167
WEL002306,2019-05-27,2270,5311,16.65,1284,127
WEL002489,2023-01-17,4034,7192,49.1,4867,112
WEL001312,2020-06-28,829,14562,47.38,1365,61
WEL000126,2022-01-13,1785,17050,23.17,3044,150
WEL002328,2018-01-08,1439,7356,43.53,2748,76
WEL001605,2019-08-15,184,16049,42.97,2502,122
WEL001386,2024-03-06,2144,11196,25.47,1577,167
WEL002377,2024-09-22,808,2463,13.76,3766,73
WEL000884,2020-01-09,4601,19246,56.27,1817,122
WEL002237,2019-07-09,2985,748,15.9,1334,132
WEL001437,2018-11-03,2771,18179,39.2,4339,73
WEL000717,2020-07-21,3865,9403,5.98,1366,108
WEL002186,2022-01-13,2310,17015,46.79,2055,125
WEL001278,2024-05-03,2731,8935,48.44,3624,65
WEL001860,2022-08-22,1206,14878,37.88,1430,73
WEL000305,2022-06-26,4191,511,12.21,4485,150
WEL001055,2022-03-23,2327,14727,14.98,2639,51
WEL000952,2022-06-10,3882,1842,39.94,3631,100
WEL000509,2023-08-28,934,12542,6.71,3965,107
WEL002103,2020-12-30,1740,9034,35.23,1583,81
WEL000757,2022-08-28,2568,11475,23.37,2316,112
WEL002695,2021-11-17,4419,19832,48.3,1691,77
WEL001281,2023-07-10,863,605,28.92,2694,173
WEL002130,2020-01-23,985,7297,29.52,4724,116
WEL001490,2023-07-18,3542,5027,13.51,1222,154
WEL002734,2023-12-02,3075,19363,20.43,4738,104
WEL002098,2018-01-04,4621,911,52.43,1710,85
WEL001474,2021-05-15,2545,7960,10.85,1196,167
WEL002955,2020-06-30,3714,2416,25.95,4091,169
WEL001706,2022-08-18,1233,11928,16.05,2848,94
WEL001380,2022-10-08,3674,13376,55.02,1665,90
WEL001210,2023-04-27,2722,11782,53.64,4875,53
WEL002703,2018-08-21,1807,6322,8.79,2067,142
WEL001201,2021-03-17,3468,14917,25.53,4168,60
WEL000846,2023-10-13,3197,19618,16.06,1513,88
WEL001093,2018-10-15,1166,17537,56.36,1996,175
WEL002444,2018-01-30,4965,6099,20.85,1385,105
WEL000302,2022-02-27,4511,18802,26.35,1057,93
WEL001344,2021-08-03,3464,7257,46.85,2769,139
WEL001907,2022-09-21,4633,1577,9.93,4523,59
WEL002637,2024-07-31,4391,16684,29.89,3394,94
WEL002922,2024-01-11,3158,19445,56.93,1637,109
WEL002813,2019-06-03,1228,15744,53.73,1018,99
WEL001837,2023-04-06,2600,8413,31.58,2572,173
WEL002032,2024-02-09,4558,12030,39.68,1998,128
WEL001802,2019-01-28,600,11731,55.04,3313,54
WEL001776,2019-06-26,512,4170,50.79,3595,105
WEL000806,2021-04-27,623,12999,56.46,1006,54
WEL000289,2018-02-12,2765,774,46.75,2181,176
WEL002421,2022-01-17,1183,7296,41.11,2499,65
WEL002112,2021-11-27,3353,16535,19.64,2574,176
WEL002853,2019-12-31,4196,2946,22.43,2762,173
WEL000005,2021-04-09,3678,18005,45.91,1055,101
WEL001509,2024-06-09,1003,14049,49.58,3475,87
WEL002550,2022-08-09,3111,13403,57.27,2349,104
WEL002064,2023-07-24,1819,17839,43.7,4961,135
WEL002437,2022-03-03,2895,10605,37.63,3750,153
WEL001466,2019-03-23,844,13295,44.02,1705,97
WEL001365,2024-12-01,2565,8669,58.92,3667,158
WEL001632,2024-10-27,1999,18808,18.51,4964,158
WEL000584,2024-02-21,4779,6139,13.58,4453,103
WEL000606,2023-09-20,2226,4160,11.41,3126,104
WEL002371,2022-11-28,4903,15263,7.83,3821,96
WEL000215,2020-08-16,3627,10338,47.56,4010,80
WEL001097,2022-02-16,1261,6959,32.02,4469,103
WEL001086,2018-09-21,2616,6916,34.33,4361,67
WEL002478,2021-08-17,4980,7052,5.2,3242,58
WEL001234,2020-06-20,3362,3729,58.4,2751,134
WEL002470,2020-07-12,518,9397,55.74,4376,58
WEL001406,2018-05-27,2248,19157,34.17,4601,70
WEL000305,2020-04-13,2661,18705,7.93,2870,93
WEL002070,2022-04-08,4264,2702,35.05,1172,81
WEL001603,2019-09-30,3431,1213,15.0,2921,133
WEL002619,2024-06-05,3700,16535,29.46,2923,59
WEL002891,2023-09-13,2488,7680,6.97,4561,176
WEL000451,2021-10-20,957,14295,44.99,3097,124
WEL002797,2022-05-05,3543,17838,16.86,1021,98
WEL000114,2023-09-18,1609,4838,17.13,1557,54
WEL001925,2018-04-23,4386,9328,43.57,3764,130
WEL000647,2020-12-03,4721,14917,8.09,2615,85
WEL002511,2020-03-07,3215,15599,56.13,3984,166
WEL002993,2018-08-30,4341,18940,39.81,2897,160
WEL000940,2018-08-22,4902,3197,10.2,1743,105
WEL000158,2021-04-09,4828,8898,48.69,2465,100
WEL000384,2020-12-31,1860,3262,50.96,1000,109
WEL001485,2019-04-21,1850,15613,39.39,4484,58
WEL001525,2022-12-27,4169,15240,52.78,2319,95
WEL001583,2020-05-24,3681,2224,18.43,2384,164
WEL000936,2021-10-26,945,4231,41.74,4857,56
WEL002668,2024-09-03,764,9438,49.4,2692,179
WEL002948,2022-02-05,2265,12773,18.97,1963,128
WEL000362,2022-12-02,3564,14923,32.75,2390,134
WEL001129,2022-10-13,3168,13709,7.53,2101,141
WEL002272,2018-01-21,3627,9310,52.28,2148,102
WEL002091,2018-10-22,1209,18851,45.99,3132,120
WEL000748,2018-05-13,3211,2359,35.76,3862,149
WEL000505,2024-05-31,881,1698,57.42,3748,96
WEL001108,2023-08-16,652,556,39.78,2065,87
WEL002046,2021-05-19,1606,19489,13.27,1216,134
WEL000855,2023-07-24,2346,3367,20.25,3928,50
WEL002295,2020-11-12,1509,10988,13.43,4953,85
WEL000421,2019-09-07,441,9983,39.19,4569,164
WEL002672,2020-12-17,4227,14881,18.33,2823,69
WEL001225,2021-06-22,2450,4917,18.04,4995,58
WEL000888,2019-08-04,4111,6229,51.68,3738,85
WEL000370,2023-11-01,454,7261,52.73,2852,140
WEL002469,2020-09-28,1646,8655,47.28,4690,101
WEL002725,2024-05-17,1507,2368,18.31,1062,51
WEL000915,2021-01-03,4312,8820,47.91,2383,176
WEL002196,2019-07-11,848,17445,10.12,4536,51
WEL001538,2019-05-19,812,5106,10.12,4701,156
WEL001839,2018-03-23,2856,19288,56.25,1722,132
WEL002869,2022-03-08,2345,15227,37.93,3533,111
WEL001133,2019-01-13,474,9934,18.21,4521,78
WEL001303,2020-05-01,4420,1332,16.84,1344,82
WEL002001,2021-08-15,2143,12967,11.34,1063,51
WEL002031,2023-07-08,1580,18489,38.57,2670,66
WEL002312,2024-11-17,4153,11803,58.89,1951,99
WEL002473,2019-12-31,104,11478,28.36,1033,83
WEL000547,2018-09-12,164,10079,18.67,2747,148
WEL000364,2020-03-04,2972,11376,54.38,4906,111
WEL001470,2020-01-31,3085,4747,20.24,1231,145
WEL001757,2019-03-10,1469,7994,44.25,2705,150
WEL001877,2018-01-02,3682,17054,14.39,4915,79
WEL002102,2023-01-30,2743,18028,33.96,2864,114
WEL002489,2018-09-29,4145,18145,55.23,4162,120
WEL000230,2023-08-12,3123,2197,18.69,3441,139
WEL001740,2020-02-22,1309,18277,13.64,1395,150
WEL001897,2020-04-24,734,19504,12.13,4273,133
WEL001502,2018-07-04,1461,4190,33.49,3174,62
WEL000750,2020-05-07,610,7832,33.74,4026,158
WEL002148,2021-12-26,1175,2210,57.7,4253,99
WEL001533,2018-08-16,161,2536,27.52,2766,166
WEL001648,2024-07-11,1048,14329,39.56,4822,93
WEL002300,2024-08-05,2648,14529,56.65,1047,80
WEL001903,2018-02-22,1903,4719,35.38,4357,136
WEL000933,2021-04-20,2655,15985,14.7,3526,94
WEL001771,2023-08-30,2524,5987,42.11,2657,69
WEL000315,2024-05-26,3497,6533,19.71,2931,85
WEL000888,2018-01-31,4885,15927,15.97,2837,71
WEL001565,2022-07-26,1589,10418,13.64,4792,84
WEL000937,2019-04-26,758,9675,17.6,2248,100
WEL001006,2022-01-20,1991,5605,48.26,4392,59
WEL001839,2020-12-24,3247,19356,51.16,4298,80
WEL001006,2022-03-23,454,9219,29.99,2208,141
WEL000221,2024-02-25,4937,9189,12.04,4186,111
WEL001734,2024-08-13,1724,19503,46.86,2400,119
WEL000992,2018-11-23,4151,12792,22.32,3635,61
WEL000068,2018-01-15,1339,6773,5.1,1013,145
WEL002955,2024-02-14,2076,13980,22.5,4787,171
WEL002305,2023-06-03,3944,11674,30.82,4493,86
WEL002845,2019-09-27,1402,9107,7.45,3496,158
WEL001141,2022-06-06,2603,11866,11.98,2650,64
WEL000478,2019-05-14,1385,14628,53.02,4748,138
WEL001554,2021-03-28,391,3133,5.65,1991,165
WEL001090,2020-12-31,2159,5130,37.34,1844,60
WEL000927,2019-01-07,2970,10961,44.25,2978,170
WEL000330,2022-10-22,103,19451,36.71,3751,164
WEL002295,2019-09-02,4062,4085,30.21,4357,107
WEL002414,2019-10-11,4702,10918,26.5,4742,59
WEL001019,2018-06-09,212,2513,33.55,1232,114
WEL002771,2022-08-04,983,14659,25.12,4114,85
WEL001399,2018-07-17,837,2263,55.1,2718,150
WEL000083,2021-08-08,1212,7740,16.25,4672,160
WEL001205,2022-08-19,2271,1693,59.85,2489,153
WEL001937,2022-12-31,3722,1099,11.17,1891,131
WEL001722,2020-06-19,1628,3450,36.91,1790,154
WEL001325,2023-02-02,486,16922,40.87,4704,81
WEL000737,2022-05-03,509,682,19.01,1457,133
WEL002163,2020-08-18,3144,12223,35.06,1695,124
WEL001979,2024-03-21,1970,13094,6.11,3554,84
WEL001980,2022-07-14,3796,1840,55.65,1384,79
WEL000768,2023-07-14,1788,3589,11.33,2958,151
WEL001644,2018-11-25,2504,6682,55.59,2104,67
WEL001797,2024-11-24,3011,7191,8.59,1696,54
WEL000742,2018-11-23,3376,1876,30.96,4802,64
WEL002085,2023-09-11,1270,4590,38.3,2155,137
WEL002488,2019-06-18,2026,17808,5.69,2783,74
WEL002517,2021-11-26,3089,10931,27.98,2110,171
WEL002695,2018-12-07,4272,13290,47.54,3569,59
WEL001045,2021-09-28,1225,17054,56.21,3325,123
WEL002686,2019-07-31,2792,9844,52.08,4144,139
WEL000832,2022-12-30,2041,8618,19.79,4726,168
WEL000771,2019-02-21,4018,8668,29.92,3245,137
WEL001623,2023-04-03,3127,17870,9.3,2082,78
WEL000792,2020-08-03,2001,10204,14.67,2868,145
WEL002596,2023-10-07,4989,3648,38.9,2770,56
WEL001223,2024-01-11,3650,19245,39.54,2265,171
WEL001541,2023-03-19,1981,8525,6.01,2937,82
WEL001450,2024-06-19,384,13635,20.48,3236,80
WEL001578,2020-03-15,4949,2339,56.59,3395,86
WEL002013,2021-07-25,380,5866,21.04,4579,153
WEL002709,2022-03-27,1352,6295,54.54,2665,129
WEL002658,2023-04-06,3019,6522,46.16,1963,161
WEL001652,2024-03-09,3419,18002,39.55,3747,175
WEL002148,2021-10-05,2785,19010,47.04,4862,152
WEL001410,2020-08-13,2833,13607,16.28,4730,114
WEL001956,2023-02-13,541,17210,43.29,2617,83
WEL000113,2018-12-16,3611,18672,23.87,4555,71
WEL001161,2023-12-15,4077,2791,39.78,1957,86
WEL001614,2023-07-10,4709,8496,26.3,4511,62
WEL003000,2019-03-03,2553,4494,23.4,4924,61
WEL001896,2018-01-29,446,1420,39.99,2887,163
WEL002139,2020-10-02,804,15794,40.95,3935,77
WEL000279,2023-01-08,1018,2697,56.66,3786,117
WEL001810,2023-02-24,3568,9221,14.64,4400,64
WEL002258,2022-10-25,2822,8666,53.56,4791,51
WEL001067,2022-02-28,4128,11600,8.58,2358,162
WEL002056,2018-12-18,1233,5675,52.06,3635,178
WEL002021,2018-03-16,2098,14493,44.69,3967,179
WEL002414,2024-03-12,4281,941,16.81,3852,88
WEL001873,2018-11-30,3391,7816,25.53,2430,118
WEL000124,2024-08-22,2766,6516,20.15,4814,111
WEL001487,2020-04-16,1371,8067,10.76,1878,83
WEL001694,2020-01-14,1657,14187,16.91,1064,148
WEL002789,2021-05-15,4826,15743,48.36,1220,86
WEL000319,2020-03-10,107,2469,31.7,3334,89
WEL001077,2018-08-25,2439,14001,51.48,1370,128
WEL000745,2022-05-02,1427,14692,46.5,1180,122
WEL000209,2020-06-18,1987,6950,20.41,4864,104
WEL001638,2019-09-23,254,16174,9.59,3811,119
WEL002563,2024-02-11,2501,15858,10.03,1241,156
WEL000790,2021-11-27,465,2406,22.33,3733,146
WEL001102,2024-06-11,4149,17272,42.27,3015,82
WEL000299,2018-12-01,553,11061,21.8,3109,155
WEL001666,2024-01-26,4713,5841,54.92,2549,166
WEL001348,2021-01-08,278,3554,52.19,1536,107
WEL002933,2020-08-28,2845,15240,30.39,1371,122
WEL000712,2022-08-20,3022,17428,53.63,4534,137
WEL002328,2019-05-05,1360,7541,12.96,4645,91
WEL002176,2021-06-25,4402,4605,55.49,1904,109
WEL002039,2018-11-24,3292,4193,45.08,3616,109
WEL002409,2020-02-26,1857,2085,43.05,2191,134
WEL002052,2024-08-29,2394,3164,10.31,3654,107
WEL000006,2021-11-11,1248,10718,58.76,2595,121
WEL002596,2024-04-04,2590,3884,51.5,4918,153
WEL001533,2024-08-12,1590,11666,19.36,1914,177
WEL000410,2024-01-28,1774,18785,27.73,1432,122
WEL000422,2024-03-08,2483,6195,26.53,1315,90
WEL002737,2021-07-28,2275,14914,57.2,4891,136
WEL000335,2024-03-03,2644,18057,21.67,3361,135
WEL001631,2022-11-23,4885,16248,20.45,2871,140
WEL002847,2020-04-24,3491,14506,52.77,2573,70
WEL000700,2019-06-30,2483,17949,59.2,2745,144
WEL000588,2019-11-02,3738,8004,22.62,2205,99
WEL000953,2021-01-04,2831,5297,29.65,1114,51
WEL001159,2023-04-08,2112,16627,55.37,4313,160
WEL001093,2024-03-22,4881,1796,52.66,1236,114
WEL002990,2021-04-28,171,15284,54.54,4068,154
WEL002253,2021-07-28,2529,10077,47.79,4969,58
WEL000283,2019-04-29,3736,12122,9.9,3598,119
WEL001029,2021-06-03,1599,6584,54.69,1453,166
WEL000464,2018-06-27,346,16863,46.86,1235,71
WEL001218,2020-10-01,3412,9967,34.2,2070,74
WEL002229,2018-07-26,1161,5871,56.56,3875,78
WEL002756,2024-05-17,1981,3637,53.86,4740,54
WEL000021,2021-12-13,1003,985,55.28,2812,124
WEL001629,2020-07-31,1345,4357,15.05,1108,123
WEL001906,2021-08-27,1412,7759,50.94,1234,152
WEL000872,2020-02-16,4982,9704,6.6,3031,166
WEL001683,2020-05-05,1068,13340,47.03,1370,55
WEL000096,2024-06-28,4059,3255,57.09,1150,106
WEL001484,2020-11-24,285,3252,7.83,4709,108
WEL001283,2020-11-01,3777,17018,49.6,2811,146
WEL001062,2018-04-18,1267,15926,50.98,3774,103
WEL000348,2019-08-08,2589,5900,6.58,3232,137
WEL001442,2021-01-02,3051,18193,10.49,2409,83
WEL000441,2021-04-05,845,17294,21.94,3267,91
WEL000963,2024-01-11,1965,5807,53.17,1070,96
WEL002206,2023-07-24,3491,12918,34.53,3110,175
WEL001437,2020-08-17,1564,582,7.76,1193,134
WEL001813,2019-03-21,3457,7996,6.71,1044,55
WEL000563,2024-08-17,4031,18646,38.38,3931,162
WEL000267,2024-12-22,3355,10777,54.01,4978,98
WEL001779,2022-04-18,1584,5479,28.84,3212,101
WEL001291,2019-07-05,4405,6629,39.17,3770,102
WEL001232,2019-12-27,4616,10821,12.55,4296,142
WEL000988,2018-08-13,4819,18956,37.82,3928,174
WEL002369,2020-02-05,4414,11595,18.08,4858,145
WEL002595,2023-07-09,4542,19256,7.16,2456,76
WEL000976,2019-05-23,3534,1242,22.27,2608,149
WEL001862,2020-11-24,2166,1092,57.99,3216,76
WEL001958,2024-03-03,2120,17067,53.76,4384,124
WEL002956,2023-07-11,1176,3823,47.89,2822,56
WEL001294,2018-02-19,2334,18934,9.45,1507,117
WEL001138,2018-04-08,3983,7314,46.86,3370,61
WEL002862,2022-08-14,3761,5816,10.88,1931,104
WEL001491,2022-08-26,112,15736,31.33,2574,55
WEL000059,2020-12-08,1682,1363,7.05,1528,80
WEL002359,2022-01-05,4327,642,35.54,4785,78
WEL000110,2023-08-23,878,7018,11.51,4786,74
WEL002412,2020-04-09,4242,19653,54.0,1364,178
WEL001005,2024-03-08,3963,7481,32.28,3984,175
WEL001611,2022-05-28,3599,19518,8.91,3697,143
WEL000236,2022-02-06,860,12908,35.98,3415,64
WEL002921,2024-08-09,251,5797,52.0,2400,62
WEL001605,2019-03-12,2038,13607,43.73,3933,100
WEL002073,2022-06-07,4818,7012,6.85,1482,121
WEL002200,2024-10-06,3712,15615,19.16,4666,89
WEL001841,2023-01-23,2801,17247,17.8,1287,107
WEL002591,2021-02-18,3504,9747,59.8,1155,157
WEL000330,2018-12-17,870,18299,10.32,2943,151
WEL002299,2024-10-15,2197,19155,59.96,3945,87
WEL002271,2024-04-30,987,9140,40.53,3438,161
WEL001409,2023-05-19,2848,18683,10.14,2142,170
WEL001616,2023-04-20,2387,16713,27.82,4985,167
WEL002967,2024-03-27,1675,3679,30.02,4954,132
WEL000543,2021-10-02,3768,17466,47.29,3510,68
WEL002634,2018-06-03,3294,16180,34.85,3808,68
WEL002463,2018-06-22,1125,19625,58.47,4932,139
WEL000841,2019-09-12,3537,12100,38.4,3426,163
WEL001001,2024-07-06,3998,13845,36.37,4643,121
WEL002428,2023-10-05,196,7489,22.91,2752,143
WEL000143,2019-05-01,633,6076,52.95,2145,169
WEL002083,2018-04-16,4657,6735,56.87,4627,120
WEL000993,2020-11-28,2156,2444,40.3,1307,74
WEL002332,2018-10-21,905,6110,33.82,2440,126
WEL002093,2019-08-30,2888,9496,44.98,2610,129
WEL002534,2018-11-26,543,1541,12.73,2439,117
WEL001926,2022-08-29,3357,18493,37.05,2839,174
WEL002494,2018-04-25,3067,16080,19.26,2388,178
WEL002437,2018-05-14,1662,11522,20.05,3649,167
WEL001353,2021-04-14,439,19866,10.59,1118,168
WEL000975,2020-07-07,3240,13330,10.48,3542,167
WEL002558,2021-04-20,3501,11351,45.18,2647,159
WEL002565,2022-10-31,507,8044,59.07,4671,74
WEL002494,2022-01-18,4385,11438,21.38,2394,89
WEL000038,2024-02-08,4795,17574,13.81,4597,169
WEL001092,2023-11-20,937,11032,54.12,4246,55
WEL001258,2021-05-27,4269,1264,58.45,2783,58
WEL002439,2022-08-05,1265,19141,36.59,2150,145
WEL001811,2022-05-16,2388,15419,28.84,2801,138
WEL000387,2024-07-31,3741,2296,35.86,3560,75
WEL000493,2018-03-28,446,11821,17.72,3565,124
WEL000923,2024-11-10,918,5771,23.63,4879,112
WEL002438,2024-10-29,1616,15910,47.2,2817,86
WEL000671,2022-11-01,437,642,7.81,4427,148
WEL002110,2020-12-01,3938,14843,8.97,2572,126
WEL001550,2021-12-04,3508,18089,21.58,2211,178
WEL001738,2024-12-01,4739,10849,10.37,4540,143
WEL001258,2021-07-02,2009,5050,49.55,2643,143
WEL001644,2020-06-23,1690,1713,35.71,4822,124
WEL002845,2021-02-04,4435,3422,27.41,3295,53
WEL001240,2019-06-04,1353,18858,44.69,1512,79
WEL001688,2024-08-28,3843,9486,24.43,3906,121
WEL000406,2020-12-31,1747,10163,58.64,2332,62
WEL002753,2024-11-02,1415,4946,59.4,1330,97
WEL001110,2023-07-29,186,3703,37.57,3114,68
WEL001461,2022-09-22,318,9567,37.23,3673,66
WEL001077,2021-02-16,864,17480,25.45,3320,149
WEL001913,2022-01-11,618,15681,49.6,2896,56
WEL000349,2019-12-15,2513,2595,51.77,4453,51
WEL000834,2022-12-23,1588,8975,20.54,1638,96
WEL002398,2019-05-19,1402,13158,28.04,2793,58
WEL000993,2023-01-13,2925,16738,50.76,4321,76
WEL002345,2018-10-01,4993,8114,41.44,3276,67
WEL000897,2023-06-22,4336,17437,57.81,1649,85
WEL000862,2024-12-14,3776,12417,22.95,4366,152
WEL000140,2020-02-06,4768,9819,23.49,1719,139
WEL002847,2021-11-04,445,4424,47.12,3377,136
WEL000652,2019-03-10,3194,17772,13.52,2511,73
WEL001996,2021-08-30,3712,16908,27.15,1571,165
WEL002336,2018-11-28,1308,17149,23.55,4191,178
WEL001955,2018-06-30,2106,4913,5.65,3020,168
WEL001422,2023-08-09,3728,5469,46.51,4334,126
WEL001261,2024-03-16,3283,9940,30.72,2551,68
WEL001806,2022-01-18,3924,11018,41.81,3658,163
WEL000431,2024-10-30,4925,13260,32.89,3037,88
WEL000508,2023-06-01,4129,18433,42.74,2206,176
WEL000004,2020-10-29,3647,4339,58.5,1106,125
WEL002452,2024-04-18,2727,10014,14.98,2732,161
WEL002300,2021-09-19,2341,16551,52.33,3959,90
WEL000968,2019-04-22,708,13296,5.79,4690,75
WEL000607,2018-06-14,408,17466,38.12,3153,70
WEL000636,2023-08-24,3620,13613,51.4,1138,76
WEL001940,2022-10-11,2921,3805,43.9,1053,133
WEL001096,2018-11-07,2560,11003,49.35,1677,50
WEL002827,2024-04-17,4987,11998,17.61,4904,84
WEL001897,2018-06-03,756,3340,53.57,2342,143
WEL001754,2020-08-22,1039,19580,41.48,3168,102
WEL002336,2018-02-09,437,5345,18.58,2445,119
WEL001759,2024-06-08,4838,5871,12.25,4735,158
WEL001805,2019-02-10,1536,1688,17.11,2974,91
WEL000525,2024-04-11,2858,1833,42.23,2982,77
WEL002638,2024-01-01,3650,2606,29.19,4155,95
WEL000729,2024-02-12,1974,4006,40.36,2274,87
WEL002216,2020-04-15,4025,12643,32.17,3994,157
WEL002975,2024-01-18,977,13792,11.21,1982,142
WEL001388,2022-05-01,4762,5066,10.4,2826,88
WEL002499,2020-05-09,4667,18368,56.56,3469,146
WEL001294,2021-02-27,1921,4227,33.02,2331,95
WEL001562,2021-11-03,4505,12313,55.67,2527,146
WEL002789,2020-08-20,2135,12554,42.1,1351,144
WEL001591,2022-11-18,126,18401,16.32,2799,51
WEL000541,2024-04-18,1917,8723,40.83,3649,170
WEL001041,2023-08-22,1709,7057,11.51,2501,171
WEL002747,2018-02-18,3217,8395,20.2,4218,160
WEL001752,2020-05-10,2722,13081,32.69,3097,164
WEL002718,2023-01-17,2259,10029,51.02,1853,174
WEL001550,2020-06-11,2254,17165,52.85,3837,151
WEL002037,2018-04-03,1858,1357,10.63,4357,137
WEL000125,2022-03-01,4430,12431,53.47,1756,76
WEL000337,2021-08-16,668,1397,22.67,1152,68
WEL001114,2019-01-29,4132,10554,14.56,1633,123
WEL002835,2018-10-14,312,17232,18.27,4432,114
WEL001330,2018-08-06,3684,7634,47.85,3427,161
WEL002649,2020-09-11,2711,15628,14.2,1291,60
WEL001357,2024-12-16,1146,18474,16.21,3773,85
WEL001798,2024-07-03,1408,2408,52.26,2585,128
WEL001321,2024-06-14,2848,3512,57.15,4770,51
WEL001843,2021-01-22,321,14799,18.98,2029,90
WEL002786,2023-12-17,3901,19697,33.56,2689,73
WEL002458,2021-10-21,372,19344,25.53,3888,129
WEL001931,2024-08-15,2722,19912,52.21,2375,88
WEL000563,2023-12-30,179,671,10.75,2842,57
WEL000971,2021-03-20,4569,16172,8.87,2468,114
WEL002118,2020-09-04,2776,18996,25.48,2634,58
WEL002424,2023-12-22,2972,18161,26.32,2239,72
WEL001969,2024-08-05,2798,1364,42.07,3576,53
WEL000766,2024-04-02,825,9415,15.93,4280,62
WEL002771,2019-03-02,133,10081,50.84,4247,147
WEL000878,2024-11-11,1207,17956,6.33,2534,100
WEL001239,2019-09-30,3909,12744,18.5,3739,54
WEL001120,2018-05-18,1776,3741,54.72,3043,80
WEL000051,2019-01-27,2797,13966,33.59,4625,59
WEL002695,2021-05-27,2482,7551,5.88,3693,100
WEL002994,2023-10-03,1234,10828,23.64,3883,172
WEL000883,2020-10-31,2584,15991,21.46,4148,154
WEL002851,2020-08-06,4337,13928,14.48,3812,169
WEL000465,2022-05-21,1857,8119,22.14,3090,133
WEL001150,2023-09-11,4411,19451,55.11,4867,161
WEL000899,2023-03-01,524,17160,38.64,3442,152
WEL002916,2023-08-14,1524,3522,6.27,2366,147
WEL002242,2024-01-24,4028,4156,45.78,1625,62
WEL002276,2018-11-26,1481,2610,13.07,3066,65
WEL002194,2018-12-14,3316,16683,17.03,1677,136
WEL000933,2021-09-23,2542,14295,43.93,3494,138
WEL002002,2020-05-19,2817,12559,41.25,1975,125
WEL001627,2018-02-11,1374,1917,17.82,2291,116
WEL002023,2018-03-11,1791,11807,33.26,3882,152
WEL001610,2019-10-29,4283,9907,39.05,4493,151
WEL000868,2021-03-01,3021,3613,33.91,1798,97
WEL002952,2022-08-22,4664,6543,18.09,4798,167
WEL001081,2023-05-16,4172,6448,5.03,4919,110
WEL002771,2021-11-21,303,19580,9.27,1061,106
WEL000806,2023-05-20,1701,13247,27.22,3202,72
WEL001936,2018-07-09,4759,18198,18.39,4731,130
WEL002759,2019-03-14,3566,11699,21.94,3996,77
WEL002880,2020-08-17,2797,14364,7.14,4982,108
WEL001007,2021-01-29,1986,18130,42.03,1927,125
WEL001355,2021-10-23,1504,17500,26.78,3333,154
WEL000506,2021-01-31,3134,15858,40.69,1705,72
WEL001347,2023-04-15,2294,14736,27.88,1239,82
WEL002988,2024-08-15,4445,18745,24.43,2627,91
WEL000139,2022-12-01,4266,15527,40.25,1288,69
WEL000081,2023-02-16,3607,2506,37.83,4154,151
WEL001560,2019-01-17,4087,18928,52.77,3231,82
WEL002929,2020-12-27,1693,17107,13.08,1758,109
WEL000959,2021-01-13,2294,8033,24.48,3912,115
WEL002734,2021-04-17,577,6820,55.64,4996,140
WEL002073,2023-08-24,2090,11887,25.7,1059,102
WEL001120,2019-09-25,174,11291,54.28,4754,142
WEL002063,2018-05-15,1018,14595,19.95,1846,120
WEL002931,2021-04-13,2381,7027,40.33,2464,152
WEL001203,2018-08-09,2014,17614,42.98,4397,54
WEL001277,2024-06-02,3144,16422,23.47,3599,119
WEL002206,2022-10-25,4574,3278,26.33,1903,53
WEL001919,2024-05-31,4866,8236,46.64,4237,112
WEL001191,2020-01-26,3153,17009,28.2,4945,87
WEL000979,2018-01-02,959,4011,40.51,4055,126
WEL000659,2018-01-19,1937,6089,58.26,1559,62
WEL002851,2018-02-28,4071,8849,23.22,1587,165
WEL000127,2019-02-17,3283,13096,24.3,1786,88
WEL000241,2020-01-03,3489,15068,41.23,1249,154
WEL001027,2021-02-11,1603,3666,49.26,4290,143
WEL001991,2018-08-15,2251,5016,58.19,1956,128
WEL000900,2018-04-10,1011,16968,57.85,3476,118
WEL002382,2023-03-24,2617,16142,7.13,2887,133
WEL000252,2019-04-19,588,15773,50.87,1807,122
WEL000160,2022-03-03,1682,13151,41.42,1008,177
WEL002898,2024-06-13,669,10434,7.81,4076,142
WEL000220,2020-12-13,2935,7996,33.48,4519,92
WEL000408,2023-05-15,789,18678,14.74,3729,153
WEL001027,2021-04-16,2940,6359,50.24,4312,90
WEL002574,2018-06-19,2648,11492,41.03,4568,150
WEL001069,2020-05-13,833,17707,27.77,1232,99
WEL002282,2018-07-28,213,6068,31.24,1912,173
WEL001530,2023-07-21,2458,3261,18.37,1149,157
WEL002377,2022-03-09,789,14561,58.1,1355,168
WEL001351,2020-11-21,429,7857,13.8,2515,142
WEL001735,2021-09-29,586,11657,50.84,4144,59
WEL001120,2019-10-21,3059,17828,58.76,1831,141
WEL002265,2019-06-12,3083,7338,8.57,4222,172
WEL002858,2022-11-26,2446,9007,9.84,4049,162
WEL002548,2019-06-30,4961,9955,11.15,2190,109
WEL002063,2020-10-21,1455,7219,16.23,4215,142
WEL000413,2023-05-03,2526,8432,14.34,4146,56
WEL000944,2018-08-25,2402,14076,37.24,3144,69
WEL002830,2018-12-29,1212,5977,30.4,1766,170
WEL001320,2021-09-14,1705,7528,35.36,4522,82
WEL000329,2019-01-18,3664,17445,7.34,3706,152
WEL000656,2022-01-16,2998,19620,32.71,1031,52
WEL001766,2023-01-25,459,3905,12.63,1598,167
WEL001116,2023-04-23,4131,8009,27.06,3306,137
WEL000202,2021-10-03,148,19096,33.85,4426,74
WEL001850,2024-10-29,2452,19189,28.62,1936,104
WEL001338,2020-05-27,4740,6606,29.43,2646,112
WEL002641,2022-04-12,2823,17394,59.6,4918,150
WEL001995,2019-02-11,3376,1044,59.25,3145,72
WEL000872,2021-04-12,4032,14219,24.39,1714,143
WEL002671,2019-09-16,295,3086,54.57,2232,145
WEL001227,2024-11-27,645,9773,22.17,2345,170
WEL002914,2020-06-10,3860,15764,14.27,1864,105
WEL001325,2021-08-08,3680,18832,29.83,3409,92
WEL000854,2019-09-12,3903,532,46.89,1161,51
WEL000542,2023-07-29,4701,9308,26.87,2622,144
WEL001932,2023-03-01,3231,16781,14.97,4901,102
WEL001351,2019-07-21,152,14981,33.35,3813,153
WEL000113,2024-06-13,3423,4552,36.51,4619,158
WEL000110,2021-02-25,2451,6406,32.11,4201,141
WEL000297,2019-06-01,4504,13331,38.94,4457,108
WEL000502,2018-05-04,776,16784,46.9,1779,53
WEL001197,2023-10-20,1919,10352,57.8,4391,145
WEL001626,2021-05-24,1546,2918,24.5,3590,132
WEL001748,2024-12-24,4568,10789,18.88,3345,87
WEL002782,2024-05-06,4232,2667,42.01,1262,133
WEL000443,2019-06-21,1785,6873,22.12,3838,137
WEL002660,2018-04-15,2106,12107,34.97,2402,82
WEL000630,2021-12-18,4740,11033,11.76,1462,168
WEL002836,2022-05-12,1630,14456,56.74,1217,58
WEL001936,2021-11-20,4674,8367,58.63,2215,66
WEL001333,2022-08-25,3221,18823,48.93,2724,170
WEL000065,2019-11-26,4197,6768,16.71,1588,75
WEL000324,2021-10-17,2942,14977,41.63,1670,61
WEL000388,2020-09-06,4157,10874,30.97,3543,141
WEL001674,2019-09-11,2108,6477,42.73,3949,93
WEL002855,2023-06-27,1860,11708,32.53,1794,99
WEL002395,2023-04-01,1837,17367,43.0,4664,167
WEL001782,2022-06-06,3543,7283,24.62,2910,175
WEL002679,2021-01-06,3119,19307,41.68,3848,138
WEL001684,2024-12-20,2934,3430,11.0,1852,138
WEL001694,2022-04-12,2828,9491,54.07,2456,148
WEL000075,2021-07-22,353,6663,49.09,3619,53
WEL001538,2018-05-26,1576,1680,57.65,4772,103
WEL000084,2023-08-13,624,11081,15.59,3217,106
WEL000395,2021-12-04,4889,19906,25.99,3221,110
WEL002916,2019-06-24,147,14976,55.2,3177,168
WEL000665,2021-08-09,1805,2643,53.36,2988,63
WEL000949,2019-06-30,1202,7037,8.85,2669,53
WEL002691,2020-02-06,3629,8182,32.94,2388,59
WEL002146,2018-07-24,4252,709,36.09,2368,120
WEL002595,2023-06-24,1369,1505,47.51,4318,164
WEL001834,2022-02-04,327,16970,18.47,4781,84
WEL001995,2024-07-31,1676,13311,9.22,4072,160
WEL001996,2019-02-07,3100,1016,51.13,1022,147
WEL000075,2024-08-29,4682,3754,42.64,4254,145
WEL000082,2018-02-25,3754,13933,14.25,3375,144
WEL000293,2024-01-27,3013,7511,33.45,4782,98
WEL001362,2018-09-20,4836,9451,17.61,2120,173
WEL000691,2021-10-25,3034,15284,39.88,4032,145
WEL000942,2020-09-01,4675,15537,57.98,2155,70
WEL001766,2022-04-15,3453,3709,58.26,3968,109
WEL000583,2020-05-19,4748,3822,39.94,2548,157
WEL002668,2019-04-24,386,9178,5.84,2951,73
WEL001380,2021-12-17,3891,1854,48.21,1713,63
WEL002975,2020-01-15,4684,2064,28.88,3534,120
WEL000482,2018-03-18,1491,19766,44.28,4021,150
WEL002183,2023-12-09,518,14923,45.11,3460,143
WEL001770,2021-05-01,3916,11669,43.02,4388,141
WEL002262,2018-06-13,249,17554,8.17,3592,112
WEL001911,2022-08-12,149,17297,6.69,2398,109
WEL002511,2021-08-05,2882,3107,55.44,2517,146
WEL001418,2023-06-20,4103,15756,37.97,2017,134
WEL001582,2022-11-08,4235,17004,10.75,2313,162
WEL001070,2023-03-24,3155,13629,44.02,3937,55
WEL000569,2023-08-05,2795,16230,29.28,4652,178
WEL000757,2020-03-25,133,15702,20.3,1471,92
WEL001051,2021-03-05,2423,8802,47.93,3383,103
WEL001781,2021-11-12,522,7880,51.52,3730,135
WEL001090,2018-09-02,3605,5979,22.78,4435,83
WEL001883,2019-10-29,1744,12291,31.45,1954,102
WEL000148,2022-09-21,359,3294,44.95,4382,84
WEL002950,2018-11-21,3717,13437,49.3,2840,70
WEL002530,2024-03-26,2108,19228,53.54,1615,81
WEL001805,2018-04-30,1788,16417,7.61,2170,94
WEL002635,2024-06-22,3792,3368,36.57,4337,56
WEL000346,2021-05-10,461,13818,23.66,1496,169
WEL002668,2023-11-23,1084,6796,8.26,2029,122
WEL001111,2020-11-25,4534,17742,11.98,2753,57
WEL000228,2021-10-19,3343,17063,45.86,1570,135
WEL000323,2021-09-15,2525,6296,34.69,3366,122
WEL001668,2020-06-16,4235,15783,14.51,1917,76
WEL000748,2019-05-24,1287,11698,8.07,2432,87
WEL000588,2024-10-13,1069,18514,14.37,3846,139
WEL000924,2024-12-11,1857,6111,41.21,2373,117
WEL001616,2021-11-12,675,602,25.71,1842,86
WEL002272,2022-02-01,1771,857,36.7,3973,122
WEL000005,2019-11-04,952,12792,32.93,4486,118
WEL000196,2021-05-10,2126,10619,55.67,2024,165
WEL001259,2018-09-03,1117,8155,7.22,1359,84
WEL001915,2019-03-29,4486,6247,7.21,4616,79
WEL000901,2022-10-18,2534,10993,41.44,3783,71
WEL001685,2019-08-24,3324,3875,26.0,1282,115
WEL000806,2022-12-10,3005,6578,8.71,3704,165
WEL001673,2019-03-27,3803,2428,9.11,4635,127
WEL001250,2019-03-13,2076,16260,59.81,3173,120
WEL000152,2023-09-04,2834,9290,45.69,3173,125
WEL000180,2019-07-30,2048,9085,53.56,3281,155
WEL001373,2019-09-29,3857,2504,23.93,2619,60
WEL002015,2018-09-30,313,11729,33.49,4294,171
WEL001899,2023-09-20,1789,10980,7.75,4388,170
WEL001242,2024-12-14,1117,9569,40.72,1761,130
WEL001699,2021-08-17,2245,4707,17.2,2338,52
WEL001893,2020-03-21,336,16140,25.47,2799,116
WEL000846,2021-03-13,2920,3155,8.03,4632,148
WEL001287,2019-10-20,1074,7500,36.05,2440,134
WEL000634,2019-11-11,686,10747,57.19,2485,70
WEL000170,2019-06-19,3708,9098,36.78,3487,131
WEL000047,2018-12-08,3213,13492,13.97,1772,100
WEL001586,2019-09-11,2828,3677,15.01,2221,69
WEL000273,2021-01-25,2100,12836,52.26,4339,51
WEL001245,2022-12-31,4435,16593,29.07,1032,169
WEL002314,2022-04-26,3981,7386,42.3,4179,56
WEL000588,2021-12-05,409,12306,52.47,1416,58
WEL002673,2024-12-21,4588,17274,30.96,4436,155
WEL001975,2021-08-30,4358,12400,47.23,4083,160
WEL001629,2023-10-27,762,19394,37.13,2238,109
WEL000589,2023-02-01,1271,4882,10.86,1042,62
WEL000701,2022-08-02,420,10955,5.39,2990,97
WEL002392,2022-03-06,4818,14594,45.14,1758,65
WEL000626,2024-08-19,1093,1002,51.29,4920,99
WEL000745,2022-03-04,1269,8295,47.84,1301,131
WEL000335,2023-03-24,1042,3413,10.08,1693,90
WEL001130,2020-06-22,1282,3553,52.96,1621,170
WEL001554,2021-12-20,4735,1802,7.27,4315,98
WEL002005,2020-02-09,360,16560,53.89,4083,94
WEL001995,2023-12-20,3150,10894,22.39,4761,95
WEL000111,2020-10-03,3265,18757,16.33,2940,79
WEL000071,2020-03-06,1043,15512,30.12,3949,85
WEL002322,2020-09-27,2219,1338,19.08,3065,86
WEL000562,2022-02-10,2187,14491,34.22,4886,73
WEL001500,2020-10-16,976,7622,31.46,2712,81
WEL001713,2021-06-05,197,11354,13.52,2988,110
WEL000611,2023-02-03,4109,17472,48.25,4071,88
WEL000913,2021-01-30,2403,17648,27.52,3223,84
WEL001849,2024-12-14,2188,7520,49.31,2297,72
WEL002528,2019-02-22,858,6285,32.19,4313,105
WEL000089,2022-07-31,1960,1783,18.58,1823,118
WEL002851,2018-02-01,4969,2930,54.7,3861,147
WEL000074,2018-04-14,1597,12058,39.7,1644,89
WEL001415,2020-10-19,2828,18530,47.27,2115,76
WEL000615,2020-12-17,924,6304,21.73,3670,134
WEL002116,2024-01-10,866,1897,5.54,1411,159
WEL000719,2021-07-10,628,13172,25.18,2878,149
WEL001712,2020-07-24,3161,19624,59.36,4198,58
WEL002509,2020-05-14,1058,4346,58.21,4302,68
WEL001824,2019-02-28,3414,9725,27.83,2052,117
WEL002182,2024-01-07,4195,14436,59.47,2789,74
WEL002892,2021-12-31,1954,15031,11.16,3804,91
WEL000372,2020-01-03,4345,18946,47.01,2499,144
WEL002195,2023-02-25,1270,17572,16.89,3185,142
WEL000356,2020-11-24,4785,11348,48.68,1183,163
WEL000802,2019-09-28,2825,11794,45.13,4343,145
WEL002866,2018-05-18,4379,9364,11.6,2890,131
WEL002087,2021-01-08,2496,10675,39.48,1642,121
WEL000913,2024-11-24,1493,11423,52.39,2334,68
WEL002877,2023-01-17,4903,11611,51.05,4160,90
WEL001876,2022-12-27,3981,4692,12.85,2795,90
WEL000739,2023-05-19,4098,14716,45.39,2424,97
WEL000349,2021-05-16,4140,10460,32.34,4577,64
WEL000111,2021-01-15,1965,15443,53.26,4290,81
WEL000833,2023-01-23,1055,7978,27.94,4509,144
WEL000917,2024-09-10,3574,17711,38.65,2279,119
WEL000319,2024-07-13,2934,3384,10.81,3888,142
WEL001367,2019-01-22,3352,4755,15.7,2972,133
WEL000354,2024-03-15,4882,4181,25.23,4837,139
WEL001386,2022-08-15,4411,8715,55.53,3690,51
WEL002702,2021-11-20,2033,16456,5.42,4858,141
WEL002943,2019-01-13,3843,6651,35.59,4053,119
WEL002386,2024-04-27,2437,9715,51.78,3323,51
WEL001059,2019-01-14,3270,16728,44.8,2195,54
WEL000738,2024-09-10,1530,6026,31.26,3791,116
WEL002767,2024-09-12,4100,3963,22.01,3847,128
WEL000733,2021-03-13,3179,10186,42.11,3551,139
WEL000091,2024-09-07,2049,18169,17.41,4739,57
WEL000796,2019-01-03,4916,12823,30.57,3886,122
WEL002606,2021-03-09,672,1284,22.22,1339,76
WEL002791,2021-03-08,3019,6483,33.29,2736,118
WEL002199,2020-04-17,4736,13678,54.23,4839,164
WEL001860,2018-05-04,657,6095,48.81,1495,151
WEL001420,2019-07-27,2550,16660,40.08,3209,74
WEL002076,2021-02-18,4206,9861,42.04,3395,99
WEL000926,2018-07-01,1120,17861,22.85,3409,178
WEL002587,2019-11-09,3275,3644,26.04,3064,91
WEL002703,2021-07-08,1506,5285,17.57,2085,98
WEL000780,2018-09-26,2198,10668,9.72,3115,126
WEL000333,2023-03-20,510,8932,28.48,2212,82
WEL002848,2023-01-21,4504,2339,18.44,1151,58
WEL000736,2023-05-07,3884,18717,30.24,3665,139
WEL002966,2022-01-11,3801,17258,57.13,3125,68
WEL001563,2024-12-06,3918,13200,14.25,3772,87
WEL001717,2024-10-29,2003,17797,5.12,1692,65
WEL001735,2019-06-28,654,13617,24.66,2280,90
WEL001905,2023-05-24,1758,18734,38.01,1321,115
WEL001112,2018-04-30,4422,7978,9.2,1004,155
WEL000501,2022-11-25,1613,19359,30.22,4957,151
WEL000956,2024-03-20,1266,9011,16.31,2677,105
WEL000888,2020-08-11,4163,10456,52.63,2689,167
WEL001264,2019-07-04,3681,16612,50.87,4343,88
WEL001742,2020-08-01,1662,10253,29.08,4443,161
WEL002530,2023-12-03,2843,14592,39.81,2222,71
WEL002831,2024-04-17,1216,4657,25.58,2810,152
WEL000349,2020-01-25,4848,4029,32.06,4012,84
WEL001333,2019-07-29,3646,6190,8.94,4394,154
WEL002482,2023-07-18,3468,11072,18.16,2427,108
WEL000925,2024-07-04,1732,4679,21.17,1992,171
WEL000596,2023-12-31,2209,18109,33.45,3965,116
WEL000014,2020-07-29,3717,4727,35.91,4031,70
WEL000708,2019-03-23,791,9648,17.22,4170,85
WEL001713,2024-05-05,3062,11723,17.94,4106,111
WEL002332,2023-03-27,4593,6788,5.98,4039,78
WEL000870,2023-07-22,428,14458,13.57,2927,109
WEL000784,2021-11-30,830,1941,32.2,2342,125
WEL002115,2021-04-11,4642,16755,52.7,2909,119
WEL001022,2019-09-09,3779,2974,25.44,3842,54
WEL001124,2023-07-07,4752,17533,33.53,4181,76
WEL001225,2021-07-06,224,10048,22.22,4665,148
WEL001396,2018-11-17,1749,8435,22.0,4443,64
WEL000625,2019-07-09,1604,12850,51.9,4184,153
WEL000710,2024-05-25,1970,5757,40.0,2622,86
WEL002430,2018-03-31,2321,8236,12.09,1833,63
WEL001855,2023-11-17,1801,10559,6.16,4664,176
WEL002284,2022-05-13,3635,9386,19.05,4404,63
WEL002705,2024-04-17,1770,3760,44.15,4163,140
WEL000968,2023-12-09,3304,11677,19.33,1404,74
WEL002658,2023-01-10,2120,8607,12.82,4328,84
WEL000462,2018-02-05,1533,14863,44.7,1381,139
WEL001635,2022-10-06,3906,1945,57.11,3854,75
WEL000134,2022-11-06,763,11986,5.72,2261,178
WEL000920,2018-02-05,127,6886,13.62,3582,91
WEL000151,2020-04-19,844,15033,37.84,1676,80
WEL002706,2021-06-10,1932,893,54.27,4368,75
WEL001873,2019-04-12,4241,10809,41.61,2001,96
WEL002779,2023-08-08,2855,10384,40.03,2108,55
WEL002380,2022-12-31,223,16180,10.07,4160,155
WEL001522,2021-12-13,1309,9960,21.07,2861,146
WEL001926,2023-06-24,2069,12242,49.67,4954,103
WEL000807,2022-10-05,2045,12105,13.52,1636,58
WEL000831,2022-08-10,977,16628,40.79,3911,65
WEL001335,2018-04-20,2511,11883,26.25,3704,100
WEL002562,2018-01-21,319,19780,29.63,2820,92
WEL000070,2018-04-09,3236,6831,31.74,2763,76
WEL002994,2019-08-23,1087,752,55.6,4360,111
WEL001749,2024-09-25,4100,15047,14.59,3743,171
WEL002000,2020-11-19,656,15617,17.26,4055,129
WEL000594,2019-04-30,1469,6691,8.75,2393,138
WEL002756,2018-10-12,4712,11054,36.37,2598,122
WEL000847,2018-03-06,1631,2619,45.16,4205,138
WEL002498,2020-11-17,2763,8223,49.69,3356,162
WEL002943,2023-02-28,2521,18325,44.87,3463,64
WEL001946,2024-03-22,4662,16227,30.18,4661,164
WEL000579,2018-09-01,2296,13848,43.08,4032,100
WEL002883,2024-02-07,2355,11404,40.2,3709,90
WEL002765,2021-10-11,1443,18286,19.91,3420,86
WEL001458,2018-11-12,3838,906,49.22,3451,65
WEL002973,2023-02-24,2614,10968,22.31,1985,116
WEL001562,2024-10-16,1867,2344,47.99,2612,142
WEL001758,2018-06-16,1986,11099,56.69,2883,59
WEL001382,2020-11-25,1978,15982,36.6,3425,96
WEL000343,2024-06-27,296,7400,18.32,1783,72
WEL001648,2021-07-29,2483,17693,8.77,2152,65
WEL001157,2020-06-13,339,14160,41.44,2579,135
WEL001419,2018-11-21,4787,2711,7.34,1738,165
WEL001821,2020-01-21,4760,12118,42.92,3901,140
WEL002286,2020-04-29,1129,5408,11.7,4021,128
WEL000891,2018-10-21,2519,9834,37.27,3483,70
WEL002805,2023-03-12,3382,15077,18.12,1812,142
WEL000555,2024-03-03,3422,5316,47.96,1034,74
WEL000783,2021-10-03,2358,14355,57.57,3950,165
WEL000015,2023-03-05,2482,5881,17.33,1595,124
WEL000742,2024-09-09,4769,8603,49.57,3896,131
WEL000565,2018-05-27,3174,9640,41.62,3808,131
WEL001072,2020-03-05,1522,17708,20.7,1951,128
WEL001749,2022-01-04,1809,8557,30.85,2961,71
WEL002926,2021-07-12,862,1949,20.83,1367,63
WEL000560,2022-05-14,2792,6726,59.16,3176,127
WEL001960,2023-12-04,3957,4731,41.46,3249,157
WEL001939,2021-07-26,3020,1429,44.0,3702,75
WEL000123,2020-04-28,338,16027,30.41,3245,122
WEL001605,2020-05-04,4550,2879,18.48,4803,51
WEL002483,2022-07-22,3977,18082,11.06,4298,79
WEL001987,2018-11-19,1032,13874,21.29,3383,62
WEL001488,2024-02-11,4248,15132,25.78,1658,120
WEL001801,2019-08-20,2519,6401,5.16,1818,177
WEL001717,2024-02-25,2277,5408,11.77,1833,123
WEL000161,2022-07-19,3189,15647,33.7,3967,92
WEL000793,2023-05-25,2877,5847,6.22,2619,157
WEL000012,2019-12-25,1322,4839,9.12,2930,173
WEL000797,2021-08-18,2430,9842,54.21,4635,73
WEL002186,2018-05-18,3221,6995,58.81,2619,56
WEL000196,2024-02-10,2871,15601,34.65,1280,146
WEL002743,2023-01-31,560,14286,37.08,1703,73
WEL001879,2019-05-19,473,5869,18.53,2325,145
WEL001231,2018-07-30,3555,15524,23.03,1077,169
WEL000728,2018-10-02,1510,17640,45.74,3407,85
WEL000161,2018-09-30,2724,10013,44.28,3305,94
WEL002756,2024-06-22,1999,16906,25.1,1483,133
WEL001064,2022-01-03,3871,18617,55.52,4670,142
WEL000992,2020-07-09,747,15715,32.21,2791,76
WEL001788,2021-01-03,1077,8891,45.64,3122,115
WEL000237,2019-12-01,731,15626,51.95,1500,137
WEL000845,2023-08-06,3444,4721,47.34,2955,160
WEL000452,2023-09-01,1752,7944,36.69,3855,166
WEL000411,2023-07-31,578,10997,47.81,4785,97
WEL002500,2021-04-06,4320,16460,13.91,3203,70
WEL001431,2020-03-13,4596,13674,28.82,3633,110
WEL002969,2021-05-04,243,4577,40.91,4496,155
WEL001890,2019-03-23,4910,1832,22.14,2376,51
WEL001812,2020-08-26,3049,10867,17.08,3011,86
WEL000568,2019-10-19,1161,3964,23.14,4157,120
WEL002160,2021-06-21,872,17237,7.11,2836,136
WEL001756,2020-09-09,607,18147,41.09,3245,87
WEL002787,2023-04-12,1461,6235,49.45,3949,93
WEL002012,2018-07-28,2965,9568,19.47,2306,114
WEL002258,2021-12-20,130,10320,42.5,3183,151
WEL001184,2018-10-11,2528,16493,40.57,1309,167
WEL000164,2024-07-05,611,2017,49.16,1471,141
WEL001013,2022-09-26,4091,8548,29.15,3544,114
WEL001152,2020-05-06,391,19259,18.03,1622,80
WEL001644,2018-01-29,1085,9564,20.89,2958,113
WEL002873,2024-04-05,4604,13634,46.41,3663,68
WEL001753,2020-07-03,3491,11046,42.92,1453,88
WEL001628,2024-01-13,1034,12158,55.62,1837,80
WEL001589,2021-11-08,2591,7268,56.59,1980,131
WEL002957,2021-06-14,1292,5715,14.21,2613,50
WEL001836,2022-11-28,2078,16406,20.34,3287,132
WEL002710,2022-03-01,4999,12786,43.02,4773,91
WEL001710,2023-05-08,3576,8801,9.59,3040,108
WEL002743,2018-10-24,1542,5112,54.89,2932,58
WEL001815,2022-07-23,3737,4136,21.37,4377,91
WEL001956,2020-08-04,2187,13441,25.47,3196,141
WEL000838,2023-03-03,2017,6287,39.51,4809,178
WEL000896,2019-12-10,2054,16807,55.85,4228,129
WEL000233,2020-06-08,287,17194,11.58,1644,59
WEL002022,2021-08-03,2700,6640,40.72,4543,122
WEL000406,2021-06-04,4097,3410,44.1,3447,154
WEL001389,2019-04-12,3194,9404,36.12,2755,93
WEL001032,2024-05-24,1472,16183,40.22,4866,145
WEL001131,2023-10-08,3597,19387,16.27,4283,152
WEL000785,2024-12-13,4293,16446,8.24,1112,98
WEL000831,2021-05-30,3818,6510,22.05,2832,101
WEL002798,2020-02-13,468,18119,56.31,1552,163
WEL000460,2023-08-22,3826,15952,8.66,3002,121
WEL001363,2024-09-30,1065,1485,43.29,4698,57
WEL000530,2024-04-06,1173,17451,20.26,3447,115
WEL000023,2019-06-21,1533,7497,49.51,1068,153
WEL002475,2024-05-20,2503,2760,44.72,4923,118
WEL001628,2020-03-20,2071,9348,10.87,1843,120
WEL001048,2021-03-10,4159,6553,23.83,3958,109
WEL001477,2023-12-28,1894,16483,48.98,4360,65
WEL001297,2022-07-13,2755,2000,6.75,1853,166
WEL002228,2018-09-16,1527,3203,17.07,3050,55
WEL000752,2020-03-01,1239,16132,13.18,4840,51
WEL001416,2020-01-18,3199,9336,59.21,2878,78
WEL002299,2022-09-12,1212,5323,41.72,4669,124
WEL002891,2020-06-16,3299,18399,14.61,3703,116
WEL002938,2019-07-19,1138,14435,44.86,2087,88
WEL000175,2020-10-03,790,15430,9.02,4158,69
WEL000557,2022-06-23,4658,500,16.53,2641,54
WEL000481,2018-09-02,4136,7978,33.83,1969,166
WEL001758,2020-08-30,4919,9896,16.93,2588,140
WEL000424,2020-12-22,3436,13503,39.0,3070,100
WEL002181,2020-08-25,1218,2460,45.66,4167,166
WEL000635,2021-10-29,3204,18153,23.02,3622,157
WEL002919,2021-12-29,727,16559,20.8,1971,177
WEL000994,2020-02-02,3506,19428,43.31,3699,151
WEL001950,2019-12-14,3551,11796,55.32,2679,78
WEL001449,2020-05-02,715,1879,31.43,4767,94
WEL002092,2022-02-03,1439,3879,52.51,4334,52
WEL001471,2023-08-12,1506,8862,45.56,4021,67
WEL000651,2019-09-14,4720,7824,15.06,1716,57
WEL001077,2020-05-07,2355,4894,22.29,1606,77
WEL000506,2023-10-19,1418,3556,24.81,1916,86
WEL001798,2020-04-07,1720,13338,40.31,1040,104
WEL001493,2020-01-16,4098,9948,53.57,3431,81
WEL001054,2023-03-24,3542,2926,10.7,4718,133
WEL000172,2019-07-11,2190,5252,34.72,4690,160
WEL000019,2020-06-24,805,8487,21.72,4009,150
WEL001657,2018-02-20,509,8914,5.08,2284,64
WEL002328,2022-09-18,1239,16677,42.58,4899,70
WEL002939,2021-12-16,3245,6033,55.73,1733,166
WEL000759,2018-06-30,211,13783,46.19,1310,159
WEL002612,2023-03-02,2297,12681,6.49,4934,108
WEL002573,2020-12-24,2752,11837,27.64,3688,111
WEL002270,2021-10-30,438,9394,43.84,2840,113
WEL002832,2023-02-15,119,19214,23.3,3991,69
WEL000062,2023-06-04,333,2257,12.42,4292,120
WEL000414,2021-06-27,2358,969,19.72,1268,75
WEL000470,2018-01-11,840,14721,9.43,2183,120
WEL001386,2018-11-16,1605,2453,27.22,3803,156
WEL001595,2018-04-21,2949,6364,20.64,2062,59
WEL000467,2024-09-18,4626,9836,27.62,2958,154
WEL001747,2019-07-10,1672,18958,49.98,1393,55
WEL002468,2020-08-31,2318,4186,41.4,1293,116
WEL002061,2019-01-27,4952,10340,43.78,3057,61
WEL002185,2022-05-06,425,11590,17.22,1264,51
WEL002223,2023-05-16,4884,6343,56.29,3272,136
WEL001161,2024-11-03,766,9261,55.01,1728,123
WEL000810,2021-09-01,4839,3917,46.69,2119,125
WEL002451,2021-02-12,4442,10001,53.17,4859,82
WEL002600,2019-11-23,2879,16360,10.75,3738,129
WEL001703,2021-05-31,3361,14477,50.04,2543,85
WEL001961,2019-06-15,2338,19086,12.95,1259,72
WEL000151,2024-07-26,888,15769,38.08,3147,175
WEL001594,2024-09-01,2667,9891,43.63,3747,70
WEL000593,2024-02-03,1208,9429,26.0,3981,173
WEL001643,2018-08-02,980,7668,46.32,3439,172
WEL002727,2020-03-25,3648,12000,47.39,1037,63
WEL001367,2021-08-24,1114,13703,25.73,4429,76
WEL001858,2022-07-22,4521,7654,25.49,2014,161
WEL002009,2021-06-25,793,1740,48.98,2162,50
WEL001416,2018-06-03,4333,6229,47.02,2541,106
WEL002753,2018-03-24,3701,11418,13.2,2258,63
WEL000366,2024-11-23,4816,2051,51.51,1371,69
WEL001391,2021-02-17,2225,18128,13.75,3377,126
WEL002092,2020-10-17,4679,10448,35.4,4669,136
WEL001898,2021-10-03,361,7541,54.23,4051,61
WEL000590,2018-02-13,2727,16588,51.59,2592,76
WEL001394,2021-02-04,422,15813,29.57,1271,110
WEL002198,2021-06-30,3902,16351,5.84,2754,116
WEL000159,2022-09-17,1038,3390,31.59,2696,146
WEL000275,2020-01-19,1935,6085,37.6,2011,52
WEL002315,2020-10-02,4709,6272,29.79,4922,139
WEL002980,2019-10-12,724,17435,54.38,1487,176
WEL002981,2022-08-15,2231,2440,43.01,3046,83
WEL002007,2024-10-04,4329,17844,41.91,2316,59
WEL002387,2023-08-12,4456,4355,47.17,1654,151
WEL002235,2023-12-25,1266,11768,40.76,4229,53
WEL002519,2023-10-19,3611,5963,18.07,2196,127
WEL000961,2024-11-21,1895,15225,20.02,1181,60
WEL002291,2021-03-31,4222,7279,43.63,4010,59
WEL000655,2018-07-24,2062,19038,49.76,1945,141
WEL002212,2021-09-17,4312,5235,28.77,3383,121
WEL000370,2019-11-26,1799,503,10.88,3864,83
WEL001503,2018-08-01,294,9442,27.52,1338,117
WEL000720,2020-08-01,996,10812,45.68,2723,166
WEL001677,2019-02-09,4349,5174,52.01,3114,74
WEL000224,2023-10-11,1145,18536,17.99,2972,159
WEL002812,2020-08-26,2276,3523,43.19,2464,166
WEL001526,2023-06-08,2312,15524,7.92,2472,138
WEL001082,2023-11-10,4580,16516,25.66,4027,149
WEL002137,2019-03-04,1907,16526,38.39,1658,146
WEL000599,2024-06-24,4949,17793,24.85,3526,165
WEL001199,2020-11-26,2925,12420,28.81,4595,144
WEL000398,2019-07-23,1451,7721,13.83,2425,95
WEL000530,2024-07-29,2670,19537,9.61,4487,112
WEL000403,2019-02-25,3014,4354,34.98,1426,98
WEL001685,2021-04-15,4165,833,59.41,2068,123
WEL001337,2020-02-14,1683,5070,51.39,3919,99
WEL002590,2021-03-21,2044,17132,46.85,2814,54
WEL001476,2023-07-20,1346,19872,55.58,1114,105
WEL001371,2020-10-06,3447,4456,22.4,4849,91
WEL002017,2023-08-27,1337,12647,51.8,4396,149
WEL002844,2020-02-05,797,8324,59.4,4319,65
WEL000899,2022-09-08,3612,10509,9.51,1163,174
WEL001773,2019-08-21,1638,4699,28.71,4721,121
WEL001344,2018-12-03,3021,12392,53.51,1673,51
WEL000989,2018-03-28,3627,18710,32.69,4041,140
WEL000747,2022-06-21,4846,12849,7.1,1707,73
WEL000021,2023-07-17,1140,15928,54.15,2535,91
WEL002369,2019-06-10,1128,18134,51.91,3537,89
WEL001221,2018-01-20,3157,5465,18.49,1084,101
WEL000360,2018-10-29,2251,3450,28.99,1429,95
WEL000558,2024-09-11,1434,7329,7.64,1808,66
WEL002410,2021-12-25,4699,8747,37.83,4060,131
WEL000019,2020-05-30,4545,2844,34.37,2229,171
WEL000479,2023-10-07,3439,7035,38.44,4929,148
WEL000776,2022-05-24,3902,5868,29.42,3352,113
WEL002123,2022-10-28,529,2221,19.77,3720,81
WEL001329,2022-10-17,2702,12373,44.3,1502,140
WEL002361,2022-03-14,3627,19304,33.33,1371,136
WEL000844,2018-11-18,3653,16289,51.48,4851,115
WEL001887,2024-05-09,4993,9462,28.39,2462,53
WEL002817,2022-12-18,761,4216,25.34,2620,93
WEL002071,2020-10-06,4212,17868,13.55,1227,78
WEL002106,2020-03-09,175,17860,57.45,4687,122
WEL001441,2020-02-13,1879,19330,57.56,1820,167
WEL000531,2018-04-14,199,9179,8.08,2271,121
WEL001187,2021-03-16,206,4032,59.89,4172,139
WEL000008,2024-06-28,650,14167,58.92,4274,87
WEL000095,2021-08-03,1673,2884,59.0,4055,129
WEL002885,2022-07-23,939,9714,23.09,2068,104
WEL001188,2020-04-17,1860,13072,21.55,3617,109
WEL000477,2018-02-15,1844,769,45.02,2533,127
WEL002684,2018-05-31,2721,6405,40.58,4366,154
WEL000157,2019-11-17,2579,8597,16.89,2165,64
WEL000340,2019-03-01,3590,13639,21.19,3027,160
WEL002418,2018-04-29,2848,6538,34.49,4160,172
WEL002270,2019-08-07,1785,16061,48.68,3510,150
WEL001556,2020-09-22,4394,14021,34.92,3265,139
WEL000024,2022-07-26,4007,11418,22.5,3802,125
WEL001478,2020-11-21,4210,1221,17.13,1664,58
WEL000474,2021-08-22,4468,2814,14.45,2867,167
WEL001098,2020-12-14,1368,1210,45.48,2868,84
WEL000588,2020-10-13,2645,15981,37.08,4278,68
WEL000160,2020-05-02,2842,2156,24.49,2439,71
WEL001415,2020-01-27,441,15758,41.38,2714,175
WEL002648,2022-02-25,4361,4461,28.88,4034,131
WEL000297,2019-11-17,2875,4427,52.91,1205,176
WEL001812,2021-11-24,1798,8112,30.9,1873,93
WEL000838,2023-09-24,4144,13854,30.65,4868,140
WEL002288,2019-09-06,1357,8223,40.5,4563,122
WEL002796,2020-01-08,1790,8903,6.83,2784,51
WEL001075,2018-03-08,3224,7255,32.38,4715,73
WEL002229,2022-11-30,4784,18382,33.41,2313,143
WEL002489,2022-08-02,1874,19361,55.45,3520,90
WEL000559,2023-05-13,2146,13180,57.6,4663,52
WEL002698,2022-08-03,4786,19208,53.16,3745,143
WEL000761,2021-01-05,2015,17992,25.87,2079,123
WEL000407,2023-06-25,3366,19545,31.57,2454,170
WEL000586,2024-12-01,2326,19251,10.73,3103,147
WEL001307,2023-01-27,4117,12703,13.13,2696,145
WEL000340,2020-09-27,3532,15810,55.61,2609,158
WEL003000,2024-12-28,4118,5014,29.46,2183,103
WEL000758,2022-02-25,2946,3243,53.12,1231,63
WEL002263,2021-12-25,3644,3203,51.54,3671,152
WEL002358,2019-11-13,3183,14281,59.48,1465,60
WEL000901,2024-04-24,4987,3498,29.68,2497,108
WEL001255,2023-05-18,1742,4673,20.2,1104,70
WEL000516,2022-09-22,1317,8343,23.91,2777,89
WEL001846,2021-09-02,4037,5731,48.35,4041,66
WEL001152,2021-01-24,2140,11164,58.21,1337,50
WEL001759,2023-07-25,1663,10098,59.96,4825,115
WEL002843,2024-08-09,1551,6631,44.47,4993,136
WEL002824,2024-12-22,1693,4170,31.79,3859,54
WEL002039,2022-09-15,1180,2678,54.14,1587,170
WEL001206,2022-09-24,4894,13927,25.39,2645,162
WEL002356,2020-05-30,132,16172,39.78,2773,147
WEL000353,2020-01-04,4984,16261,36.7,3793,51
WEL002299,2019-08-06,912,667,40.92,4468,101
WEL002361,2024-06-03,776,17721,30.56,4590,53
WEL000162,2018-04-11,1688,4152,34.05,2774,137
WEL002872,2022-08-20,276,11699,9.71,4596,145
WEL002561,2020-12-01,1936,10416,30.47,1003,114
WEL002959,2023-11-07,4139,15607,44.2,3833,103
WEL001718,2019-10-04,2423,13950,30.53,2432,126
WEL001945,2019-05-10,231,3946,24.77,4521,57
WEL001665,2019-06-09,4125,16813,34.9,3416,79
WEL001222,2019-07-01,1893,11542,32.93,3187,128
WEL002648,2019-11-02,4855,9055,19.78,1795,84
WEL001048,2023-07-01,1138,9339,24.99,2990,97
WEL000554,2023-07-26,2210,1183,52.72,4231,130
WEL001851,2024-12-21,3339,3263,28.13,2537,109
WEL002325,2020-03-21,214,5424,38.92,3832,131
WEL002462,2021-01-18,976,14390,33.55,2680,157
WEL001896,2018-06-26,1680,9848,48.36,2286,139
WEL000736,2018-05-24,1606,1467,55.15,4398,175
WEL000621,2021-12-31,1294,2406,46.63,4820,70
WEL002723,2020-03-31,805,4021,34.07,2656,106
WEL002853,2021-09-28,3087,11920,47.37,1762,135
WEL000686,2020-09-30,4180,18377,33.37,1574,52
WEL000418,2019-12-15,4158,13655,29.44,2160,94
WEL002831,2021-04-29,1509,3147,40.76,2689,86
WEL001917,2019-07-14,4795,4124,32.1,2850,143
WEL002771,2023-02-13,2825,1819,58.95,1449,119
WEL001141,2022-12-07,1804,7083,24.37,2403,106
WEL002207,2022-10-14,343,2650,51.28,1905,144
WEL002679,2020-05-26,1003,4472,44.64,3417,161
WEL000900,2022-10-26,1281,17718,19.13,4294,136
WEL002963,2021-11-04,1492,8188,35.03,3359,164
WEL000454,2022-02-24,883,3975,58.27,4504,61
WEL000525,2018-10-30,4626,6330,5.47,1788,105
WEL001555,2020-02-01,2006,12261,26.12,3537,135
WEL002232,2018-10-13,1200,11662,13.47,4627,129
WEL000240,2020-02-11,1756,7225,50.79,2778,158
WEL001559,2021-05-14,1424,8593,23.43,3367,118
WEL000542,2021-07-06,3750,5006,59.81,2106,82
WEL002948,2018-06-02,4670,11990,59.17,4981,162
WEL001180,2024-01-25,2210,5767,30.21,1326,165
WEL002809,2018-11-06,1088,4929,21.11,4616,53
WEL001884,2018-02-18,1981,10221,34.17,1845,151
WEL001788,2024-02-13,3619,12534,34.5,4189,137
WEL001127,2022-10-02,2905,16086,41.81,1419,124
WEL000814,2018-07-11,2868,15658,47.45,1077,73
WEL002638,2021-10-16,724,17629,6.34,2901,92
WEL000561,2023-02-11,575,1365,36.38,4415,118
WEL000611,2018-04-15,2331,8922,7.88,4193,80
WEL001106,2022-10-24,1837,14459,39.31,1688,71
WEL002875,2019-07-31,4297,5416,32.64,3553,170
WEL002236,2020-04-20,3162,5598,51.39,2929,70
WEL001774,2020-11-25,3018,16904,51.03,4435,135
WEL000342,2019-08-06,1191,16063,27.98,4650,171
WEL000028,2021-07-09,307,795,45.61,1223,137
WEL001007,2021-11-17,1387,6856,35.77,4049,92
WEL002792,2023-12-04,3254,14641,41.42,3733,135
WEL001468,2021-10-24,2968,18221,13.99,3894,142
WEL000056,2022-10-28,1265,8841,6.4,2640,70
WEL002027,2018-06-10,3120,6755,54.15,4244,102
WEL001251,2018-12-26,679,11351,56.91,1673,129
WEL002493,2022-11-09,4413,2019,46.75,1673,129
WEL002105,2019-08-22,3486,1250,45.85,3677,169
WEL001643,2019-12-03,211,9915,22.79,3310,90
WEL002412,2020-02-26,4304,15451,54.59,1939,151
WEL002185,2018-04-24,4109,17100,6.03,4365,116
WEL002744,2023-06-27,2386,3296,58.0,2151,127
WEL001945,2019-10-20,1705,11598,39.23,1067,168
WEL001382,2023-11-30,2550,1341,20.2,1457,154
WEL000620,2023-10-22,1474,903,29.69,4022,51
WEL002382,2019-02-15,3089,5951,47.25,4912,76
WEL000282,2022-10-31,1200,3097,56.39,2352,160
WEL002079,2024-12-26,3249,7738,26.73,3993,75
WEL002258,2019-07-12,2443,18402,45.69,4529,53
WEL002464,2021-09-15,696,9427,41.19,1853,51
WEL002574,2021-04-14,111,5037,43.17,1247,137
WEL002642,2022-12-05,1811,2255,6.73,3776,122
WEL000913,2023-04-07,660,8709,31.33,2860,81
WEL001610,2018-07-27,2576,3098,29.25,3378,68
WEL002441,2024-11-09,2089,5155,53.42,4962,147
WEL001095,2020-11-25,3044,15214,38.28,1352,169
WEL000324,2019-06-18,422,12323,16.81,1263,76
WEL002762,2022-05-29,4704,5686,7.07,3913,139
WEL002405,2020-06-14,1669,14843,26.42,4951,111
WEL002367,2022-06-26,2484,17476,55.15,4890,168
WEL002089,2018-10-08,3591,3826,58.73,1684,86
WEL001466,2023-03-20,2883,4180,48.79,2833,70
WEL002584,2018-05-16,4707,14378,33.5,1181,95
WEL001282,2020-04-11,928,18336,5.77,1492,62
WEL002720,2024-09-09,3530,13388,35.16,2741,109
WEL001973,2020-04-09,1007,11320,30.97,2229,144
WEL000448,2018-02-16,4923,10270,32.78,4940,78
WEL002688,2021-12-15,313,2876,35.65,4149,134
WEL002862,2018-12-23,1349,17523,10.89,3054,120
WEL000571,2020-10-23,2948,14200,48.13,2237,94
WEL002361,2022-05-29,1778,16615,37.36,2189,122
WEL002615,2021-06-16,291,15030,22.21,4878,175
WEL000421,2019-09-24,360,1719,51.74,1977,126
WEL002652,2018-05-09,3493,9923,41.59,3864,62
WEL000756,2023-03-19,2694,6732,30.77,1013,156
WEL001813,2019-04-04,4376,2820,47.06,3746,62
WEL002519,2021-11-12,539,5312,31.61,3315,136
WEL001983,2024-10-23,1429,4132,54.79,2811,169
WEL002887,2024-03-21,3108,5411,25.92,4026,104
WEL001995,2020-01-23,536,5814,22.17,1873,138
WEL000781,2022-08-19,1159,18628,6.89,3179,64
WEL002465,2018-12-21,1913,7300,24.44,2255,82
WEL002493,2021-04-08,1700,19592,21.84,3929,175
WEL000008,2018-03-18,1853,17662,55.43,3054,119
WEL001850,2022-06-13,1020,3636,7.04,2393,77
WEL000149,2023-01-07,4686,15494,56.53,3971,88
WEL002160,2021-03-01,1996,16416,53.51,4431,82
WEL000449,2024-02-12,2971,3415,19.96,1901,131
WEL002757,2022-01-09,4774,11199,44.79,2158,179
WEL001830,2019-03-04,1815,9704,33.56,2870,128
WEL002621,2022-06-07,1165,2613,20.35,2473,108
WEL002182,2022-08-07,2578,15923,55.64,2395,139
WEL000732,2022-12-01,2593,14404,48.42,2572,140
WEL000734,2019-11-08,1685,5968,23.85,2686,54
WEL002186,2022-08-06,1867,10708,14.96,2037,59
WEL000689,2019-04-26,882,3145,33.83,4281,143
WEL000180,2022-09-08,1092,2424,56.25,4574,86
WEL001389,2024-04-21,2758,18472,58.81,2098,110
WEL001428,2023-12-07,642,1432,42.62,3233,99
WEL002659,2018-12-17,3979,13594,54.15,3814,177
WEL000501,2018-07-25,122,7316,44.98,1191,169
WEL002694,2021-04-12,1295,13585,47.52,1141,112
WEL000679,2022-01-31,2043,3206,43.49,2234,141
WEL000472,2023-04-11,4623,9306,20.11,4010,55
WEL001709,2020-09-29,637,4840,29.81,4966,60
WEL001326,2018-03-07,2789,2749,11.96,2961,58
WEL001089,2024-07-30,154,18914,19.19,4622,167
WEL001155,2018-07-20,3584,6392,6.21,1512,141
WEL001827,2022-10-04,973,2631,14.09,3585,107
WEL000729,2019-08-24,694,774,14.15,2150,130
WEL002906,2019-10-12,1010,15618,8.66,4313,167
WEL000380,2024-12-30,2518,7415,52.87,4227,163
WEL002961,2019-06-22,2365,18235,17.37,1664,103
WEL000746,2021-08-02,4905,12453,18.74,3791,72
WEL000434,2018-05-28,2542,5272,52.66,4220,155
WEL001076,2020-11-14,4442,19705,52.21,1319,172
WEL001217,2024-01-02,1034,6846,30.52,4816,113
WEL001614,2023-11-03,1251,2284,33.45,3643,96
WEL000166,2022-04-19,4100,15151,43.54,2558,105
WEL000305,2018-02-12,1537,9837,15.8,4815,72
WEL002775,2022-12-13,243,920,27.61,4947,135
WEL000094,2021-10-13,980,8148,22.54,3440,148
WEL001941,2018-12-02,2885,2901,25.73,2086,83
WEL002705,2022-01-03,3930,18741,26.66,4752,144
WEL000368,2021-08-08,3604,3120,22.51,3639,135
WEL000430,2024-08-20,1087,4281,5.17,2109,92
WEL001033,2023-10-23,525,12503,54.6,3538,108
WEL000201,2019-08-04,1198,8196,21.14,3496,136
WEL000963,2020-12-26,806,8791,34.66,2217,126
WEL000989,2020-05-24,1383,11581,25.63,3185,154
WEL002146,2022-08-08,4329,15875,9.07,2544,52
WEL002139,2021-12-25,767,10767,30.61,3092,119
WEL002177,2018-05-16,3279,8977,31.84,1505,154
WEL000172,2024-12-14,1372,1875,5.78,4079,148
WEL000141,2020-07-29,959,19142,16.89,2198,151
WEL002093,2018-09-21,3401,4894,12.61,4141,99
WEL000820,2023-05-10,438,12699,13.54,3461,59
WEL000336,2024-08-06,4799,10271,25.95,4013,58
WEL000219,2024-12-09,1125,19724,42.8,3651,176
WEL001492,2021-11-05,655,2237,35.24,3530,119
WEL001851,2019-04-10,2867,6570,50.13,1236,105
WEL001148,2023-02-21,1229,2434,14.43,3392,95
WEL001162,2023-02-09,3512,14302,34.31,2632,143
WEL001835,2020-06-05,3544,14469,40.36,4109,154
WEL000013,2022-02-07,2731,9892,30.73,2279,63
WEL000087,2019-10-28,3880,8766,14.45,4560,109
WEL000543,2020-03-21,4437,15603,12.19,2954,132
WEL000735,2022-10-21,2482,16482,7.02,1265,75
WEL000763,2022-05-16,3836,17994,24.5,1716,177
WEL002336,2021-03-06,4469,1088,47.7,4201,111
WEL002185,2024-09-09,3204,13939,15.89,4194,173
WEL001792,2018-02-14,3852,6738,28.96,3530,64
WEL002668,2024-01-12,955,18865,49.04,2769,136
WEL001904,2020-09-12,1755,13169,18.19,2476,127
WEL001411,2024-11-21,2065,6107,28.78,1990,90
WEL001711,2023-10-18,3753,19288,55.02,4901,65
WEL001069,2019-10-10,2997,18212,7.36,3113,179
WEL000256,2022-11-26,4378,4212,43.08,3972,72
WEL001602,2018-05-06,4989,9537,41.25,2165,75
WEL000568,2024-11-28,535,13312,36.66,2156,102
WEL001902,2024-10-22,2794,10464,15.2,3116,119
WEL001801,2018-02-02,1141,7511,33.39,3390,177
WEL000595,2022-10-24,2133,4513,30.36,4648,117
WEL002718,2018-05-05,4049,3378,55.26,4908,101
WEL001039,2022-05-08,2214,6404,33.06,1032,115
WEL001089,2021-06-22,4328,12950,9.11,4798,142
WEL000326,2019-04-19,955,17906,6.57,2593,65
WEL000085,2019-09-23,1994,18800,29.36,1906,152
WEL002669,2023-09-28,2978,8576,47.86,4699,68
WEL001538,2020-11-24,353,5157,31.09,4801,156
WEL000588,2021-12-21,4793,8912,6.8,3461,146
WEL000773,2019-05-24,2588,4822,17.46,1205,93
WEL001472,2022-07-13,3652,2491,5.82,4170,128
WEL000331,2019-09-20,848,5710,55.3,1873,150
WEL002771,2024-02-11,1794,9564,49.2,2236,63
WEL000297,2024-10-14,454,5291,19.72,3746,172
WEL002924,2019-11-01,1831,5982,9.03,4916,161
WEL000395,2024-06-07,2890,3645,24.49,2168,176
WEL002008,2021-08-31,790,5238,24.65,4649,104
WEL000062,2020-12-27,1956,11869,43.49,1723,76
WEL000019,2021-10-23,1005,10665,25.26,4499,158
WEL000870,2020-05-24,4624,913,51.4,3296,59
WEL002743,2018-10-09,2576,14679,42.96,4464,150
WEL000633,2023-02-28,4629,550,26.37,2555,102
WEL001022,2019-08-15,3610,8754,39.84,4144,159
WEL002208,2021-05-18,2875,8816,37.6,1717,155
WEL001306,2020-03-06,3740,10315,13.81,1098,179
WEL002394,2018-08-23,1596,7204,40.26,4292,108
WEL002204,2023-12-22,3502,11461,20.67,3917,179
WEL001622,2019-06-08,102,11459,40.55,1034,122
WEL000150,2024-01-29,4571,6305,43.83,2120,81
WEL002956,2019-06-02,3537,19838,36.23,1109,94
WEL001351,2020-12-26,3546,8029,34.75,4820,74
WEL000300,2020-11-21,2328,19736,53.93,1066,152
WEL002414,2024-09-13,382,16679,13.53,1922,80
WEL000817,2018-09-25,4028,16351,36.13,2523,110
WEL001346,2018-06-17,2393,9078,7.06,4984,132
WEL001273,2020-10-27,4619,18799,34.01,1184,127
WEL001124,2022-01-08,3386,6318,39.43,1356,80
WEL002278,2018-08-03,3743,13879,10.3,1507,91
WEL000287,2022-02-02,1266,4663,26.37,4126,171
WEL001743,2020-12-07,3168,2118,23.05,4380,113
WEL002438,2024-07-22,4238,14208,15.48,1409,64
WEL000451,2021-03-11,295,1795,57.86,4485,123
WEL001302,2020-10-10,3959,6714,52.77,3657,135
WEL002668,2019-12-15,2644,1430,15.36,1301,80
WEL000075,2023-07-12,482,10163,45.48,3609,135
WEL002422,2021-03-16,687,8278,37.49,2009,164
WEL002565,2022-05-28,3684,7909,11.2,2133,53
WEL000431,2020-04-20,3964,2737,38.14,4767,148
WEL000519,2018-11-03,4686,15207,11.75,2679,96
WEL000088,2021-04-16,180,7810,23.26,4257,81
WEL002373,2018-02-05,2560,1127,28.74,1117,56
WEL002829,2018-09-06,4681,17315,54.46,2165,166
WEL001734,2023-03-01,2473,3087,41.57,3300,114
WEL001725,2020-03-25,4164,13196,49.05,2276,74
WEL001396,2018-03-01,2285,5928,37.61,4466,53
WEL001084,2018-06-11,3435,16437,13.0,3556,170
WEL001698,2023-03-24,3667,3032,21.41,2640,158
WEL001153,2024-03-08,3375,11121,46.83,1321,60
WEL002195,2022-09-22,3195,14086,22.38,1486,82
WEL000843,2019-01-09,514,4290,20.1,3566,129
WEL001815,2018-01-06,4685,18270,48.3,2430,174
WEL000445,2022-04-08,1920,5793,58.9,3865,69
WEL002010,2018-04-12,3803,8709,13.09,2024,71
WEL000590,2024-07-31,2649,7526,16.65,2639,100
WEL002372,2021-04-14,3432,1584,50.42,4084,68
WEL002040,2018-11-16,4348,7360,46.39,3784,69
WEL000240,2020-07-05,1361,3159,24.78,2743,155
WEL000929,2022-11-26,4745,1493,20.15,3731,161
WEL000567,2021-01-15,1431,5305,49.42,1586,140
WEL000676,2023-06-03,4465,10265,35.21,3343,57
WEL000831,2021-01-16,834,6512,45.67,2612,151
WEL002788,2024-09-17,3905,1699,34.46,4705,164
WEL002205,2022-12-12,546,18062,50.66,1612,91
WEL000321,2022-03-13,341,6979,35.29,4794,144
WEL001562,2023-02-22,4107,19215,23.91,3970,170
WEL000475,2018-08-05,1180,13967,54.06,4339,73
WEL002556,2020-12-26,2752,11305,42.37,4811,59
WEL002046,2024-01-03,2933,8655,8.79,1178,176
WEL001412,2019-10-18,4709,16167,17.15,3674,164
WEL000843,2024-11-05,3065,19851,13.54,4340,66
WEL000411,2023-04-20,2022,18393,51.1,1235,92
WEL002241,2020-06-03,844,4436,56.75,4702,113
WEL001619,2021-09-01,3444,1530,33.92,4744,150
WEL001850,2018-04-12,2038,17626,10.56,4639,64
WEL002008,2022-04-07,2718,11522,26.65,1455,53
WEL000394,2018-06-05,2037,16664,32.77,1515,162
WEL001770,2022-10-31,754,6416,58.3,4209,128
WEL002520,2024-03-23,4142,3220,25.95,4521,163
WEL002022,2024-09-10,801,1846,24.57,4066,123
WEL000445,2023-01-13,1931,15607,50.49,4986,58
WEL000403,2018-06-17,1435,7297,26.9,3396,89
WEL000509,2023-09-17,1394,5902,14.56,2345,106
WEL000411,2022-12-28,3028,6972,9.58,2986,72
WEL001107,2023-06-09,385,18947,48.17,3387,74
WEL000467,2020-10-12,3823,11935,11.91,4714,73
WEL002344,2018-10-10,2152,7814,23.01,4512,155
WEL001427,2022-11-06,292,9280,15.2,1573,109
WEL002617,2019-12-22,3153,16622,23.93,4804,121
WEL001330,2018-07-12,742,17705,48.32,1431,122
WEL001687,2022-11-22,924,19103,16.01,3844,70
WEL001856,2022-11-20,2689,7372,30.72,3129,83
WEL001106,2024-07-02,1907,2924,7.44,1769,172
WEL001082,2019-08-05,641,14185,48.19,1163,143
WEL002765,2020-03-05,1376,18267,9.46,4889,140
WEL001217,2019-03-07,2169,8324,54.7,2591,171
WEL001485,2020-08-07,2161,17129,49.54,3935,92
WEL002590,2023-02-19,1178,11531,10.21,4677,174
WEL000311,2019-02-19,4859,8716,11.21,3859,85
WEL000749,2023-10-14,1276,15087,55.29,4524,56
WEL001941,2022-07-28,1209,8923,7.49,4520,147
WEL002380,2019-11-13,4810,18139,40.71,2328,152
WEL002827,2022-01-05,1524,2682,13.45,3891,113
WEL002045,2020-11-10,3207,17634,6.34,1758,167
WEL001939,2018-08-14,3726,11944,59.42,4890,98
WEL000076,2023-06-30,1501,16266,31.25,3038,88
WEL001744,2021-07-19,3191,896,34.75,1896,111
WEL001478,2023-05-28,2876,4760,55.52,1277,79
WEL000766,2018-08-04,1441,8384,58.15,3954,119
WEL000433,2020-05-05,2700,5124,28.12,1053,115
WEL000835,2019-11-25,705,16025,42.04,3309,152
WEL000121,2021-04-19,1276,3770,28.76,2184,111
WEL000395,2021-12-13,4356,1345,45.42,3764,121
WEL001461,2021-11-02,151,9248,39.64,4987,63
WEL000966,2023-07-18,575,1307,53.02,2567,172
WEL000578,2019-12-03,3171,7673,28.26,3877,145
WEL002732,2020-08-11,3755,17299,39.87,3930,158
WEL001867,2018-05-22,2887,19475,53.12,4079,91
WEL003000,2023-04-24,2895,4417,58.93,2204,111
WEL002745,2019-05-09,3621,6553,7.84,1544,63
WEL002090,2020-01-07,3879,6367,38.04,2638,121
WEL002007,2021-10-18,1076,11062,26.14,4010,179
WEL002341,2018-07-03,1071,16984,21.93,4061,140
WEL002991,2018-05-23,248,17778,45.69,4792,124
WEL002682,2019-07-14,4665,7727,20.7,1845,158
WEL001560,2023-11-23,4654,9437,31.6,1983,132
WEL002789,2018-07-31,4937,16324,19.91,2930,147
WEL001725,2024-08-26,4687,15514,40.9,1301,80
WEL001869,2021-07-27,1272,3539,42.41,1554,144
WEL001519,2018-05-21,767,5539,13.14,2339,179
WEL002217,2023-05-29,1490,11187,49.21,2958,148
WEL002983,2020-04-06,4502,9843,57.38,1947,70
WEL001902,2023-05-11,1300,5980,59.9,1499,130
WEL000936,2023-03-18,4358,18745,57.81,2921,112
WEL002965,2024-04-26,4523,9548,37.05,3791,71
WEL002166,2019-11-29,423,7610,50.02,4622,148
WEL002968,2024-11-27,3059,4983,46.1,4294,64
WEL001028,2021-06-26,3009,1434,53.14,1491,129
WEL001507,2022-10-10,2940,755,47.26,3868,166
WEL002968,2020-05-24,1570,1390,42.68,2262,91
WEL001536,2022-07-21,3231,4548,37.55,3376,105
WEL000178,2018-07-26,4421,6169,29.99,3881,111
WEL001310,2019-01-14,2411,3240,18.94,2929,147
WEL002924,2024-12-20,2495,7135,39.14,2030,152
WEL002708,2018-07-14,3708,2329,58.92,1390,141
WEL002599,2022-04-16,4245,19321,44.57,2591,137
WEL002457,2022-11-19,4294,2202,58.44,1885,76
WEL000740,2019-04-29,3987,3684,41.8,3467,70
WEL001347,2021-09-14,3459,11231,54.59,2110,67
WEL000826,2023-11-29,3289,17166,42.89,3098,114
WEL001476,2020-10-11,3321,2341,49.66,3142,81
WEL000974,2022-06-06,3673,17746,12.61,2455,157
WEL000644,2022-07-26,2010,6973,7.24,3881,84
WEL000152,2022-06-13,1255,15613,22.0,2058,164
WEL001296,2024-11-16,2338,6197,23.17,1425,137
WEL000920,2023-12-09,865,6352,10.76,4094,139
WEL000938,2020-04-04,1161,16421,19.23,2364,76
WEL001844,2024-03-27,4816,9723,44.19,1032,140
WEL001091,2019-01-30,2363,14785,34.27,2975,108
WEL000782,2023-07-02,2814,7055,17.98,2489,67
WEL000399,2019-08-03,659,9202,44.52,1111,61
WEL002728,2022-06-04,353,18818,24.75,3789,156
WEL002768,2024-12-29,2903,13895,13.57,4714,74
WEL000448,2020-11-30,1734,12949,45.53,4364,95
WEL002571,2018-12-09,1516,17891,19.08,3884,147
WEL001133,2024-08-19,2126,4751,45.37,4283,142
WEL001715,2019-12-23,3591,8651,15.25,4907,78
WEL001872,2020-10-26,3781,15003,15.97,1517,124
WEL001961,2019-05-14,1826,10597,6.41,1494,173
WEL002399,2020-10-14,573,6592,57.61,2262,77
WEL001653,2018-02-21,1699,1785,51.52,4180,107
WEL001045,2024-09-15,1797,18671,14.44,2144,68
WEL000144,2024-01-29,4784,9899,9.37,3527,152
WEL001633,2024-04-22,2514,16998,32.04,3199,115
WEL002169,2023-09-11,2324,1511,40.4,2779,50
WEL000348,2023-09-16,4706,1971,8.56,2245,102
WEL000366,2023-06-22,3661,4774,30.74,3564,55
WEL002464,2023-10-25,3549,7651,40.36,1458,117
WEL001866,2019-12-25,2453,7766,53.59,1019,163
WEL000194,2023-11-19,4537,19790,39.34,1881,104
WEL000332,2022-01-03,2213,15679,35.19,4987,142
WEL001355,2020-04-08,4015,2416,16.78,4977,70
WEL002226,2024-03-03,2106,14604,27.81,2998,84
WEL002227,2020-06-01,2808,18919,28.28,1742,121
WEL002823,2022-03-24,537,7565,17.39,1816,141
WEL002889,2021-11-19,4064,2885,16.98,1511,159
WEL002843,2019-03-02,3069,5966,14.49,4350,132
WEL002549,2019-05-14,3617,8512,16.63,3265,135
WEL001012,2022-08-16,4508,15619,7.5,2890,51
WEL001675,2019-07-21,4165,19828,41.52,2535,94
WEL000212,2018-05-18,2067,3995,53.84,2725,98
WEL002983,2018-02-03,4049,8327,21.12,3979,69
WEL002594,2020-09-14,567,16621,27.21,3339,96
WEL001049,2020-12-30,1313,8610,40.85,4955,64
WEL000329,2022-10-27,2720,3751,15.76,2578,119
WEL001537,2018-02-28,1551,7467,55.95,4093,82
WEL001105,2023-10-30,1316,10618,9.24,4308,64
WEL002850,2023-02-15,2690,16124,50.29,4943,164
WEL000434,2020-05-13,2632,14038,10.8,4659,137
WEL001031,2019-04-16,4085,9016,32.71,4565,57
WEL002745,2024-08-03,212,8590,23.89,2872,78
WEL001887,2023-09-26,401,3259,38.05,4532,92
WEL000748,2021-12-01,556,12154,38.38,2553,147
WEL002251,2023-09-28,2726,11178,11.12,1860,73
WEL002609,2019-12-22,4999,2334,33.5,1057,167
WEL000741,2022-04-11,237,18966,13.47,4328,66
WEL002476,2018-07-14,3741,7598,27.19,4351,166
WEL000118,2021-12-31,4304,6764,37.61,4599,155
WEL001357,2021-12-22,722,9865,41.42,2470,120
WEL001964,2021-01-19,1847,14618,55.77,3437,52
WEL001296,2019-08-26,2477,811,10.37,4406,138
WEL001677,2021-03-13,1594,15136,50.77,4677,168
WEL001210,2021-11-03,2824,3065,47.4,1165,165
WEL002755,2022-09-08,4728,8204,30.17,4307,157
WEL002993,2024-02-10,1460,10332,23.9,4852,146
WEL001469,2018-05-19,1687,18089,30.89,3725,172
WEL000919,2018-04-21,4363,15218,35.96,4909,101
WEL002010,2020-07-17,870,17161,46.09,3894,67
WEL002929,2024-12-14,1626,721,8.8,4835,172
WEL002115,2024-05-18,3608,9641,22.37,4296,59
WEL001722,2020-09-06,2436,17626,40.75,3737,65
WEL001738,2018-09-16,3980,11515,43.94,2274,53
WEL000195,2021-05-18,4019,3230,32.44,3461,144
WEL002338,2021-02-08,1075,7876,43.24,2876,80
WEL000419,2024-10-31,4883,6168,22.16,3491,82
WEL002516,2024-07-12,1549,13298,38.34,2598,155
WEL002579,2021-12-02,4007,9754,24.25,2980,133
WEL001814,2021-09-30,3034,10994,11.77,4272,160
WEL002807,2018-05-27,2385,11383,21.4,1646,103
WEL000648,2024-01-08,1598,5058,15.63,1826,163
WEL001606,2023-07-24,3562,815,7.59,1356,71
WEL000214,2023-11-27,3003,18559,42.98,2117,111
WEL002627,2021-12-09,2675,19381,33.5,4715,50
WEL001203,2018-11-03,805,17675,10.35,3444,55
WEL000434,2022-08-15,4030,13383,57.07,4036,159
WEL002052,2019-05-10,228,16967,58.87,4386,170
WEL002091,2018-03-04,1494,10659,52.7,1265,123
WEL000888,2018-08-20,1256,11991,59.02,2588,117
WEL001567,2022-10-22,4112,15602,56.93,2767,129
WEL000950,2021-12-17,4470,3439,34.74,1003,151
WEL000531,2020-04-16,1967,11107,16.68,4009,66
WEL002502,2024-05-31,4131,2155,41.88,1559,171
WEL001848,2018-01-25,138,12868,52.07,1020,101
WEL002243,2020-08-02,4966,11250,23.85,3967,108
WEL000566,2022-03-17,3728,7149,34.86,3568,135
WEL001207,2024-09-22,1292,3474,28.74,2883,88
WEL001086,2019-05-06,3786,2021,5.08,4763,137
WEL001585,2021-06-07,3401,11086,53.04,4447,129
WEL002442,2024-02-22,2943,3592,36.14,3906,116
WEL000867,2018-01-25,2626,9622,25.7,2225,117
WEL000855,2021-09-14,4366,937,43.16,1902,107
WEL000753,2024-04-23,2570,11573,25.83,4863,88
WEL000248,2020-01-22,2835,12994,39.39,1025,70
WEL001633,2024-02-25,4921,18245,57.42,1470,177
WEL001764,2023-01-21,3582,6453,5.08,4258,166
WEL002758,2022-08-04,1759,9015,9.49,3971,166
WEL000827,2023-11-20,3849,8577,44.97,1704,108
WEL001562,2021-02-17,284,9884,33.41,3545,93
WEL000097,2019-04-11,3666,4825,30.39,1414,135
WEL000653,2019-10-08,2441,19086,35.59,2626,169
WEL000675,2018-09-10,4749,2029,47.01,4278,62
WEL001356,2023-11-14,1580,11216,43.38,2344,120
WEL001807,2023-12-06,3556,13642,31.73,3002,160
WEL000084,2018-02-03,2171,15622,55.39,4701,84
WEL001241,2020-02-07,641,11155,58.53,1694,81
WEL002525,2018-03-16,432,6441,52.17,3755,166
WEL000529,2020-03-11,1585,11828,50.83,2782,103
WEL000480,2021-04-11,2479,12515,49.89,1201,152
WEL001794,2021-05-14,1676,10867,52.28,2338,152
WEL000899,2023-11-18,795,11491,31.5,2077,135
WEL002018,2019-11-16,3861,7929,50.69,3545,112
WEL001882,2024-12-02,2843,4192,14.89,2846,163
WEL000590,2021-10-24,2293,1649,30.02,2014,114
WEL001919,2018-09-05,598,6817,21.48,3746,91
WEL001405,2018-11-25,1002,5647,43.76,4044,98
WEL001088,2020-07-07,3157,7071,19.85,1100,77
WEL002511,2022-03-09,4822,16803,47.9,3465,149
WEL000656,2020-12-25,2613,19076,54.29,4846,175
WEL002076,2019-04-25,1063,3287,32.91,4825,173
WEL002797,2023-12-19,721,703,33.1,4948,95
WEL000735,2020-01-16,3586,14246,50.62,4135,58
WEL000819,2022-01-17,2010,10303,27.73,4143,176
WEL002355,2018-05-26,3471,1588,56.71,2056,147
WEL001570,2024-11-01,3279,6687,25.57,4978,67
WEL002999,2024-04-21,1167,19889,27.56,3524,58
WEL000867,2022-10-14,2011,14427,38.49,1898,169
WEL000419,2024-10-28,1264,17766,56.69,1515,56
WEL001136,2023-09-12,3439,8615,5.76,4172,132
WEL001745,2022-12-30,1046,6500,18.04,2045,108
WEL000965,2020-05-28,3140,17829,32.1,1460,162
WEL002751,2022-11-02,573,16173,32.48,4711,154
WEL000094,2020-01-14,4964,18049,37.12,3214,85
WEL000485,2024-05-18,1902,15041,48.52,3072,136
WEL002351,2023-01-09,3997,14135,24.78,2930,72
WEL000985,2021-08-18,2319,2165,24.7,3933,92
WEL000666,2018-10-28,1229,3982,19.07,1263,117
WEL002096,2020-09-01,792,19748,56.26,4234,62
WEL000957,2019-08-28,1971,10085,45.47,3781,111
WEL000011,2022-02-17,4825,10286,37.73,2912,61
WEL001967,2020-04-16,3761,16649,5.99,2928,168
WEL001620,2020-03-06,2991,3784,50.11,4787,157
WEL001884,2024-04-04,1725,1581,8.09,1830,150
WEL002044,2020-03-12,2092,12688,28.5,1412,62
WEL000308,2018-03-17,144,19461,21.17,4135,123
WEL002226,2022-03-25,131,12087,10.56,3985,62
WEL001167,2024-09-26,2827,7137,59.72,1393,148
WEL000588,2018-05-03,940,18667,15.01,2803,143
WEL000326,2023-04-18,1565,11120,38.3,1364,122
WEL001401,2021-10-13,4068,4056,21.05,4815,89
WEL001221,2019-07-19,1174,2814,46.02,1318,88
WEL000986,2023-09-25,3586,1528,6.67,1091,169
WEL001549,2019-03-19,1926,10758,8.04,3925,117
WEL001486,2023-03-03,1578,2961,7.63,2548,147
WEL000853,2019-06-10,4361,15893,15.48,1200,59
WEL002078,2024-03-27,1803,5235,30.73,3398,158
WEL001291,2018-12-30,4719,2794,54.82,1553,153
WEL000060,2023-09-08,2349,6973,54.65,4598,170
WEL001319,2023-03-01,1480,9512,57.95,4228,154
WEL001725,2018-12-19,351,19641,37.16,2865,171
WEL000174,2021-09-13,640,11721,31.8,2980,81
WEL002287,2024-05-05,4027,19827,36.62,4789,97
WEL002350,2022-10-21,286,15442,8.04,1226,72
WEL000007,2022-10-05,2024,9117,11.08,3654,89
WEL001278,2021-11-29,3810,3774,56.44,3321,51
WEL002329,2021-09-24,1233,7781,17.61,4562,104
WEL000402,2019-06-14,1440,14438,16.84,4656,103
WEL002964,2020-10-09,4955,10095,31.75,1094,78
WEL000370,2024-11-15,4516,3146,56.12,4035,130
WEL002769,2024-04-14,1678,17230,12.46,3551,59
WEL000156,2019-09-25,226,4503,53.3,4447,128
WEL002246,2024-03-31,3247,6866,23.61,3220,102
WEL000055,2019-06-25,2594,9793,43.89,4667,167
WEL000107,2019-08-10,1838,3078,26.68,1199,139
WEL001399,2020-12-14,440,7407,43.91,3590,83
WEL000270,2018-09-09,4346,5081,50.45,3610,146
WEL001299,2021-08-27,845,17329,13.09,3680,58
WEL002038,2020-03-17,129,12448,8.8,2678,174
WEL000165,2024-08-14,2656,2943,55.54,1444,86
WEL000008,2023-12-12,3749,16383,8.9,1733,141
WEL000147,2018-09-07,2150,6796,29.26,2049,77
WEL000735,2020-07-10,2648,14004,16.3,1970,173
WEL001656,2024-01-10,1790,18153,15.26,1601,120
WEL000654,2023-03-19,3740,5113,44.14,3202,68
WEL002256,2023-05-30,3482,6849,19.55,4066,162
WEL002241,2019-02-04,4656,11563,48.98,2831,53
WEL002560,2021-08-16,832,19825,15.19,4924,72
WEL001234,2019-10-15,1342,1494,50.95,2665,64
WEL002335,2024-08-15,3945,19799,24.9,2669,111
WEL001187,2021-11-17,2402,16460,40.83,4406,148
WEL001410,2020-09-15,4823,13331,10.4,4122,112
WEL001969,2022-03-02,1851,5690,41.26,1114,71
WEL000149,2020-02-22,392,7095,54.92,2427,125
WEL001196,2024-09-30,1864,14636,42.5,2469,146
WEL001951,2022-01-22,429,8790,35.5,4172,164
WEL000351,2020-03-04,2834,7462,23.32,3013,73
WEL000420,2019-08-10,1942,11813,37.41,3051,109
WEL000446,2023-11-28,460,9457,51.99,2663,153
WEL000744,2018-10-11,4809,10369,59.25,1592,56
WEL002570,2024-09-03,1551,16932,49.55,1085,85
WEL001005,2019-11-13,2214,803,49.95,1649,164
WEL002467,2020-08-03,2669,9595,7.34,3097,109
WEL000333,2024-06-14,1374,17226,46.0,1211,144
WEL000370,2018-12-06,3173,11859,14.63,2168,107
WEL002359,2024-01-11,4658,8879,53.73,2087,52
WEL002699,2022-03-06,1646,17270,45.42,2187,146
WEL001008,2019-01-24,1846,12540,11.57,2406,169
WEL002247,2020-09-12,3003,14743,38.32,3910,133
WEL000313,2018-01-28,4497,11893,27.81,1637,83
WEL001538,2020-03-08,1813,5536,33.0,2631,163
WEL001385,2020-09-05,4581,1627,5.48,4538,131
WEL001661,2020-02-19,4287,15083,30.94,4403,86
WEL002957,2022-01-21,3352,2335,32.22,4288,157
WEL001194,2022-07-16,4162,15238,8.23,2538,136
WEL001668,2019-05-05,1157,14107,15.05,3359,125
WEL001008,2019-06-02,858,7803,20.07,3316,117
WEL002055,2022-11-29,3856,19696,20.86,4137,103
WEL002258,2019-05-14,3875,18303,23.73,2586,109
WEL002326,2021-03-13,3208,12508,34.09,2172,103
WEL000076,2020-07-15,2389,11455,18.38,3358,73
WEL000584,2018-03-17,1676,18076,43.47,3882,160
WEL000616,2019-06-14,4650,15773,25.03,3982,96
WEL001154,2022-02-14,1377,12057,6.06,4252,76
WEL001214,2023-07-25,3123,12754,35.68,2830,97
WEL002436,2022-12-18,2243,11426,17.66,1118,165
WEL001003,2023-09-02,957,1984,9.61,3637,98
WEL001614,2023-03-30,4122,16802,14.67,3221,53
WEL000816,2022-12-28,534,6806,22.91,1049,123
WEL002951,2023-05-01,1735,14599,7.23,2530,158
WEL000202,2022-07-07,3573,13044,55.96,1797,78
WEL001290,2024-06-07,1745,15718,46.14,4746,56
WEL001136,2018-01-26,916,3165,28.49,1831,74
WEL002430,2019-06-19,4416,19296,46.15,3161,93
WEL001121,2021-06-21,2491,9270,48.12,4231,165
WEL000503,2019-07-16,4443,10759,39.62,2365,146
WEL001009,2022-05-18,912,5010,42.61,2043,75
WEL002374,2022-01-16,3472,10137,47.47,2345,156
WEL001398,2022-03-20,3888,971,22.31,1817,174
WEL002858,2020-06-05,249,19553,12.25,4820,144
WEL001536,2020-03-04,4939,4139,48.67,1004,55
WEL000178,2023-07-01,4894,16134,33.67,2766,163
WEL001021,2020-08-08,4663,5884,47.48,3669,96
WEL000288,2021-01-06,322,16291,36.32,2228,171
WEL001706,2020-04-01,4776,5830,20.37,4167,60
WEL000768,2023-01-09,4844,13460,26.1,4645,70
WEL002709,2019-05-19,240,11460,20.7,1100,157
WEL002607,2018-04-29,1504,19580,46.51,2167,91
WEL002978,2018-02-07,4179,17492,17.21,2278,134
WEL002861,2022-09-03,4278,9289,31.67,1392,118
WEL000644,2020-12-12,2464,19610,52.31,1757,75
WEL001534,2024-04-10,3502,3849,27.97,1201,50
WEL001756,2019-07-02,3886,15185,18.88,1642,162
WEL002315,2018-10-06,3019,7048,29.25,1718,93
WEL000401,2022-02-04,4973,12604,9.62,3487,118
WEL002768,2019-01-07,2396,10929,55.76,4335,94
WEL000742,2018-02-02,1397,7506,22.89,2781,169
WEL001109,2020-06-05,3312,9074,41.44,3656,61
WEL002142,2023-07-07,2613,11998,54.13,3437,120
WEL002402,2022-04-16,385,18741,18.08,2832,57
WEL002825,2022-05-02,286,17759,33.59,2566,174
WEL001089,2022-09-01,3340,9020,57.03,4589,66
WEL001948,2019-05-14,1377,3892,6.44,4029,156
WEL002258,2022-02-20,4033,12741,25.88,3630,135
WEL001633,2024-04-23,4339,16240,45.23,2251,167
WEL000018,2020-12-17,108,11707,25.3,4348,172
WEL001568,2024-07-27,1131,8782,20.12,1817,105
WEL002753,2020-04-14,3224,16480,41.71,1814,137
WEL001601,2022-03-26,2210,6896,6.03,1441,54
WEL000408,2022-04-11,4578,17192,35.24,3773,155
WEL001598,2020-08-07,803,6769,24.37,2886,109
WEL000226,2020-08-15,2050,5348,8.98,3042,174
WEL002152,2018-04-07,2949,13691,55.88,1570,83
WEL002226,2019-10-23,3771,4093,13.44,2609,88
WEL002801,2021-07-07,2157,5685,58.83,1550,87
WEL002050,2021-07-17,3031,1128,53.6,4581,154
WEL002610,2023-05-27,3608,9303,52.81,1257,155
WEL002577,2022-05-10,4738,9368,50.32,4277,178
WEL002699,2018-12-17,2480,5170,27.61,3915,112
WEL001928,2018-11-18,4138,8329,40.56,4473,164
WEL001851,2020-11-29,4109,8272,37.86,1443,164
WEL000214,2024-11-06,4711,12752,50.17,4494,79
WEL002296,2018-02-10,4066,9424,5.35,3798,145
WEL000357,2019-07-07,1843,17838,35.63,3811,116
WEL000155,2022-06-10,1264,7778,13.69,1655,108
WEL000867,2021-10-16,2919,3630,59.76,2926,56
WEL000543,2018-09-12,1876,19916,41.45,4705,170
WEL001954,2024-05-31,713,14987,23.31,4520,127
WEL002007,2024-08-12,1655,12300,55.71,4093,163
WEL001427,2019-11-30,4420,17296,42.11,3164,85
WEL000127,2022-01-12,3392,18365,55.83,1552,72
WEL002771,2020-09-04,4158,6290,52.44,4275,134
WEL001153,2020-10-08,3803,2351,56.67,4366,146
WEL000261,2020-09-13,1207,19395,32.08,3155,133
WEL000575,2020-09-06,2475,6343,7.79,3152,108
WEL000201,2019-08-12,1965,9040,24.19,3177,85
WEL001276,2018-04-09,1635,4946,32.81,4502,155
WEL001128,2022-07-26,2223,1937,13.61,3249,84
WEL001121,2021-04-08,4116,15722,37.07,1684,51
WEL002696,2022-08-09,2587,4903,35.59,4977,171
WEL001348,2021-08-14,483,3704,10.76,4781,92
WEL000108,2022-02-13,2870,16407,51.44,3182,170
WEL002300,2020-06-02,433,10035,31.78,4442,78
WEL001090,2022-12-15,2177,4171,21.62,4693,83
WEL002221,2024-09-24,2516,10883,33.98,2297,54
WEL002430,2023-08-01,4216,14063,48.27,1467,120
WEL000116,2019-03-15,824,9481,11.82,2886,64
WEL000023,2020-12-27,4028,11308,52.2,4112,102
WEL000769,2023-12-01,4993,11519,13.12,3570,61
WEL001532,2020-03-02,3028,19358,49.75,3715,109
WEL000694,2024-05-18,314,9641,9.29,1360,153
WEL002004,2019-01-01,3976,2838,42.62,2292,70
WEL002013,2022-11-18,4509,12637,18.46,3817,74
WEL000103,2024-02-29,3622,4728,51.1,3169,161
WEL000097,2024-12-07,234,17807,14.5,4500,120
WEL002187,2024-05-21,4483,19245,31.16,2982,145
WEL002208,2019-10-26,3190,5127,12.96,4944,85
WEL001307,2018-04-06,3337,5194,57.73,3591,55
WEL000594,2023-12-04,3880,15607,29.81,2315,76
WEL002353,2021-02-04,336,3897,26.93,4047,135
WEL002479,2018-07-08,4419,9321,38.34,4759,60
WEL000536,2022-05-30,637,15067,38.65,3704,75
WEL001693,2024-10-16,2163,3251,50.66,4224,158
WEL002946,2020-01-02,4830,9697,40.3,1193,63
WEL001654,2019-08-03,954,2110,45.12,3425,101
WEL001144,2020-08-25,4475,2847,48.72,1202,127
WEL000641,2019-10-17,2486,4543,40.83,2261,106
WEL002837,2023-04-18,578,18301,21.54,1101,117
WEL002188,2024-11-03,1628,12201,29.42,3220,138
WEL001681,2023-07-25,1510,6428,58.77,2260,124
WEL000126,2019-03-11,3036,12003,44.16,3282,141
WEL001589,2020-07-17,2896,11688,20.23,1526,126
WEL000811,2020-07-16,3970,14869,15.24,3188,87
WEL000176,2023-05-28,2610,16003,50.1,3718,65
WEL000211,2018-02-26,1244,16047,10.02,1054,102
WEL001298,2019-02-07,2112,10402,21.06,2920,151
WEL002980,2024-05-16,4240,3430,49.79,3751,109
WEL000768,2022-11-02,831,14894,43.19,3865,154
WEL002034,2020-02-09,4451,8634,14.73,3175,178
WEL000830,2024-08-10,4893,5458,43.07,4206,135
WEL000786,2023-07-18,313,14913,57.02,3544,109
WEL001077,2023-04-27,3518,9555,8.5,3549,123
WEL000735,2023-12-31,648,7121,38.89,1483,151
WEL001988,2024-07-25,195,7712,25.83,3930,89
WEL001649,2023-08-26,1159,9165,41.58,1089,91
WEL001595,2022-12-20,1055,15062,56.67,2981,129
WEL002900,2020-06-11,3707,2923,56.85,2241,107
WEL002651,2021-02-01,883,8594,24.48,1240,136
WEL002911,2024-11-16,1172,10655,40.77,2700,158
WEL000529,2018-02-28,1914,7646,59.85,1689,179
WEL002390,2021-09-13,324,19963,14.04,1853,121
WEL002891,2020-06-22,1131,12900,15.33,1212,175
WEL002792,2023-03-31,1641,9041,45.89,3175,98
WEL002622,2018-12-25,2258,18716,18.39,1015,92
WEL001141,2018-04-04,3691,17827,16.96,4321,176
WEL001178,2024-06-30,4356,7811,44.81,3535,58
WEL002946,2023-08-17,1362,5634,29.16,4196,99
WEL001870,2022-02-18,1474,17259,31.5,1647,160
WEL002378,2019-05-11,3135,17688,13.02,4854,110
WEL002827,2019-07-16,1140,8454,54.61,2849,147
WEL000308,2019-11-01,4698,16787,11.7,1244,103
WEL001446,2018-06-03,408,6832,37.31,1371,167
WEL001789,2023-02-02,797,14694,56.43,1022,83
WEL001662,2020-02-05,1083,15114,27.77,4405,158
WEL001385,2018-03-26,3127,3465,22.07,4989,70
WEL002008,2021-02-19,4869,19819,26.38,2067,94
WEL001888,2023-03-16,803,15309,36.83,4850,139
WEL000982,2023-10-13,4182,18499,21.33,1657,148
WEL002008,2018-08-02,4870,11955,18.79,1938,168
WEL001768,2018-01-17,4351,2514,36.2,2330,88
WEL001192,2021-11-23,2307,18610,48.32,4019,138
WEL002980,2022-10-25,3719,15397,28.96,3512,50
WEL001239,2023-04-29,4922,18535,59.07,1945,53
WEL001469,2024-08-21,639,18315,41.74,2000,115
WEL002358,2022-01-16,3599,8176,18.45,4617,113
WEL000025,2021-04-11,2254,3559,9.52,1488,101
WEL001923,2022-01-01,2192,7115,36.72,1114,61
WEL001020,2021-09-01,1978,16878,21.5,4566,78
WEL000162,2022-09-17,3228,12761,49.3,4774,90
WEL002105,2023-01-27,2033,12928,37.33,3049,162
WEL000468,2019-08-26,1737,3056,17.01,1760,89
WEL002685,2020-05-09,3825,11353,57.08,1492,98
WEL000886,2018-03-04,4988,10630,59.26,1339,146
WEL002100,2019-05-10,2499,6433,13.84,4859,107
WEL001740,2019-08-24,711,19715,18.15,2205,159
WEL002524,2020-08-19,4393,18527,59.03,2725,119
WEL002709,2024-09-02,4406,7061,11.16,3983,114
WEL002986,2023-08-11,4085,17620,16.78,3443,164
WEL001212,2024-04-18,119,17351,42.2,2657,144
WEL002624,2022-08-14,2808,11674,46.35,1911,84
WEL000974,2022-09-30,1550,16545,25.0,3530,129
WEL001598,2022-08-28,3258,13111,50.7,4941,177
WEL002487,2020-01-26,1631,15006,11.63,2951,127
WEL001860,2019-08-23,690,10362,37.93,1025,141
WEL000499,2022-07-10,4858,18691,35.93,1314,140
WEL000704,2020-11-07,1790,12014,57.57,4647,115
WEL001887,2023-02-08,4089,13531,56.2,1310,89
WEL000867,2021-04-08,4826,15122,25.61,4390,151
WEL000680,2024-07-04,2887,2951,44.59,4373,50
WEL001488,2021-09-16,3479,976,15.12,3925,66
WEL002383,2019-10-04,1343,8208,59.21,1859,155
WEL000262,2018-04-17,2709,17273,56.74,1598,127
WEL002240,2023-07-25,1685,13454,49.8,3601,176
WEL002710,2019-02-16,858,1968,37.25,1956,108
WEL000783,2020-09-11,4956,16888,6.9,3554,60
WEL000447,2019-05-01,1368,17525,28.49,3124,51
WEL002840,2021-10-07,1401,7647,51.4,3332,179
WEL001309,2024-08-07,527,13045,39.09,2390,59
WEL000204,2021-09-05,1542,10261,33.93,1841,60
WEL000822,2018-05-30,4586,4058,8.92,2582,103
WEL002921,2020-04-08,2549,19885,25.35,4917,78
WEL001262,2022-02-06,1142,15214,11.39,2820,54
WEL001009,2019-10-22,4094,1075,21.13,1015,157
WEL002643,2024-06-13,492,19579,35.19,2635,119
WEL001335,2019-04-27,2502,15008,5.04,3847,174
WEL001055,2024-08-14,4242,15847,22.8,3050,68
WEL002999,2018-02-12,371,18566,35.61,2854,172
WEL001022,2018-04-12,1947,6576,24.99,4554,79
WEL001122,2022-07-30,4408,1625,44.48,4214,56
WEL001028,2021-09-14,4799,14248,32.74,3110,83
WEL001967,2019-08-27,2870,13840,57.93,3215,55
WEL001563,2021-01-13,2123,15771,12.8,2331,54
WEL001453,2019-05-19,1128,14662,43.03,2339,166
WEL000534,2020-07-13,2256,4423,36.06,2367,117
WEL000091,2020-03-12,4577,17182,43.32,2669,104
WEL000637,2019-06-21,152,18290,12.51,2697,158
WEL002573,2021-11-16,2910,7735,47.01,3373,92
WEL001360,2021-01-11,2393,3053,48.42,1203,175
WEL000792,2020-11-10,1353,15994,50.07,4140,128
WEL001983,2019-09-18,204,6034,29.58,4219,97
WEL001347,2022-01-22,4130,9597,20.15,1269,63
WEL002413,2023-03-02,4421,16879,55.74,1304,142
WEL000421,2023-02-02,4315,12144,18.9,2994,155
WEL000219,2019-04-13,2198,15037,54.27,3477,55
WEL000215,2019-07-15,1257,9644,34.9,1187,130
WEL002542,2020-07-05,147,6187,33.91,1837,84
WEL001034,2019-05-10,1708,2455,34.49,2526,78
WEL002631,2021-04-28,4861,17908,5.43,4525,123
WEL000873,2019-01-19,363,4763,55.86,3100,61
WEL001057,2021-06-26,1720,14994,53.58,1420,94
WEL002776,2018-03-04,4811,4685,32.78,2771,124
WEL000907,2021-10-04,4839,5551,42.04,4489,67
WEL002227,2020-01-19,4624,19013,54.93,1102,102
WEL000238,2021-09-05,682,5635,17.05,2943,128
WEL002477,2019-05-21,179,2248,34.78,2297,92
WEL002521,2019-10-30,3546,19265,56.99,4315,121
WEL002801,2022-07-25,2282,4561,49.12,2864,58
WEL000476,2023-10-20,4574,10597,43.73,2928,140
WEL000590,2021-02-17,1168,11015,37.83,1262,68
WEL000682,2020-12-22,2079,18170,6.39,1568,152
WEL000685,2022-04-16,100,5548,12.9,1371,172
WEL000774,2024-01-25,493,16476,21.38,3937,130
WEL001130,2018-02-16,4222,14496,51.13,4288,139
WEL002891,2021-12-04,2694,16764,19.57,1469,142
WEL002653,2024-10-12,1062,11126,39.81,3028,92
WEL002315,2024-05-12,2240,2008,24.88,4373,175
WEL000159,2022-12-01,2372,17021,9.27,2049,72
WEL000887,2023-10-16,3385,8150,19.71,2650,81
WEL001283,2020-05-10,790,10062,33.9,2533,131
WEL001638,2024-11-29,2604,19506,28.9,3560,153
WEL000422,2024-04-20,1591,14306,35.76,1303,144
WEL000374,2018-09-03,417,4740,6.6,3822,179
WEL001953,2024-08-19,3794,1457,42.9,2505,177
WEL002471,2020-05-19,3548,12200,47.68,4292,52
WEL001196,2023-01-29,498,9731,27.27,3467,132
WEL001445,2022-01-06,4999,19029,54.72,4294,137
WEL000940,2018-10-18,491,12692,41.67,2830,87
WEL002115,2018-02-18,1212,5050,39.71,1362,125
WEL000846,2023-06-27,2805,9946,34.58,3422,129
WEL000302,2023-07-11,2055,12239,5.99,4440,102
WEL001490,2020-09-24,2233,17537,55.53,4534,74
WEL002131,2023-10-25,865,11741,28.01,2564,85
WEL000927,2021-06-23,4587,12622,9.56,4866,60
WEL001635,2021-09-10,945,11461,18.65,3529,125
WEL002447,2022-10-02,4277,14403,31.16,2043,119
WEL002646,2023-08-16,3867,9125,41.37,1507,130
WEL002752,2024-08-25,1999,15579,40.42,2858,85
WEL002153,2023-11-10,1177,9943,19.98,3628,166
WEL002256,2019-01-07,4092,19730,7.06,4238,112
WEL000896,2022-12-22,3742,6978,22.24,3809,131
WEL000004,2024-07-17,2597,2145,37.2,1426,112
WEL001429,2024-07-16,537,3879,8.5,2836,165
WEL002324,2023-03-19,2926,1087,57.56,1186,169
WEL001387,2021-03-31,653,14575,50.27,2213,165
WEL000466,2022-12-05,3938,7652,38.97,3132,110
WEL001795,2022-04-23,4844,1592,8.83,3404,65
WEL001370,2018-08-12,620,15047,54.75,1624,104
WEL002305,2021-02-11,3432,4543,44.19,1883,133
WEL002611,2022-06-28,278,5424,13.27,2004,164
WEL000338,2019-06-27,2780,14405,46.87,1819,100
WEL000458,2021-01-22,373,3751,52.34,3668,129
WEL000690,2023-05-16,4823,8211,25.51,3899,79
WEL001504,2022-07-19,2488,9643,52.32,1100,141
WEL001199,2023-09-30,3415,7722,28.5,4031,84
WEL000315,2020-06-09,3769,10895,6.2,3770,170
WEL000081,2020-01-11,2389,11019,34.12,2286,158
WEL000880,2023-07-04,2906,6869,17.86,1018,83
WEL001187,2021-12-21,3408,14551,9.07,4884,145
WEL002787,2021-03-20,831,18261,38.59,4115,156
WEL000378,2019-10-01,2183,18491,56.03,2607,128
WEL002716,2018-11-12,1812,909,51.18,4242,87
WEL001149,2018-11-13,1732,8777,10.99,2339,106
WEL002569,2022-03-22,1661,13948,16.62,2319,152
WEL000193,2020-07-10,2675,11331,59.01,4619,146
WEL000205,2021-05-28,2422,17342,38.17,4477,164
WEL002548,2019-06-29,117,1983,44.62,2544,108
WEL000329,2024-02-04,642,14887,27.62,4440,130
WEL000961,2019-01-04,3961,8751,50.8,2314,145
WEL002988,2019-03-18,1959,14379,51.06,3861,51
WEL000555,2018-10-09,2370,15823,34.43,2969,91
WEL002101,2022-06-13,3423,5907,6.82,2902,56
WEL002377,2022-09-13,2910,5649,54.47,3675,55
WEL002024,2022-02-02,2984,6626,39.36,1383,160
WEL000569,2021-01-27,155,13019,56.88,2639,76
WEL001714,2023-11-13,3919,2885,5.2,2505,54
WEL002063,2022-12-19,3299,9473,43.96,1405,137
WEL002387,2024-05-30,3318,6584,25.82,2417,53
WEL000131,2018-10-25,3182,10818,41.79,4392,94
WEL000812,2021-03-06,1846,5785,27.97,1153,73
WEL002659,2019-02-23,4070,793,56.01,3194,82
WEL000033,2020-12-17,4609,18746,17.07,1980,92
WEL001053,2019-07-29,2403,866,20.73,4655,135
WEL001135,2024-05-16,4794,5075,14.8,1901,77
WEL000695,2021-05-08,1567,10176,15.55,3058,120
WEL002366,2021-06-07,3261,13495,54.23,3464,92
WEL002209,2021-11-18,2112,7862,48.69,3484,89
WEL000383,2022-09-18,3870,13448,15.91,1503,160
WEL002401,2018-01-27,189,11266,48.39,1007,74
WEL000577,2024-08-13,4782,13317,35.62,1979,91
WEL000171,2018-06-15,1490,1032,51.44,1416,81
WEL001269,2022-04-05,373,11821,32.44,3060,159
WEL000310,2019-05-01,3611,11708,58.97,4228,57
WEL000941,2022-07-14,4581,16521,12.07,2150,115
WEL000427,2020-07-23,3186,1404,36.51,2880,169
WEL001404,2018-10-12,309,10226,7.26,1701,62
WEL001875,2022-04-30,2420,15865,36.19,2042,63
WEL001660,2018-10-16,2270,16907,30.96,2627,141
WEL000617,2021-05-15,4403,14407,16.21,1352,78
WEL002202,2022-07-15,955,7437,9.77,3164,155
WEL001542,2020-06-02,1433,8048,6.97,1952,94
WEL001393,2024-11-20,730,18234,35.29,3724,93
WEL000497,2022-10-24,1698,1936,39.91,4714,100
WEL001684,2018-11-18,207,7362,6.4,2494,74
WEL002912,2024-06-17,1524,19005,16.06,4604,76
WEL000440,2021-10-04,2159,8429,16.61,2677,174
WEL001667,2022-08-20,526,1503,19.33,2800,118
WEL000495,2020-08-05,4405,2133,32.87,3701,146
WEL002110,2023-07-10,2508,9293,39.6,3857,99
WEL000336,2018-02-10,4320,15070,20.58,3995,141
WEL000763,2020-09-19,2020,17359,40.45,1919,82
WEL002734,2024-06-21,4774,13090,57.65,4933,142
WEL001490,2022-09-19,2440,2547,43.22,1714,145
WEL000471,2023-10-11,1684,6284,17.1,3729,128
WEL001764,2021-08-23,4577,2145,43.57,1885,99
WEL002578,2024-01-23,3181,1008,49.6,3098,90
WEL002079,2023-05-12,1119,8064,34.52,4330,160
WEL000557,2023-11-16,402,19503,48.18,3895,141
WEL001489,2021-10-09,4638,16686,38.05,2899,143
WEL002370,2018-08-22,1421,6130,57.7,1104,63
WEL001796,2018-07-25,2575,18645,12.13,3697,85
WEL000685,2019-06-29,3375,13603,54.35,3798,170
WEL001835,2023-03-16,353,7396,36.65,2987,141
WEL002404,2019-12-31,477,937,7.1,1269,59
WEL001354,2021-08-05,3452,2891,19.84,2311,122
WEL002407,2019-06-09,2961,17809,50.25,4626,118
WEL002954,2020-01-04,4887,3372,52.11,3222,65
WEL000817,2019-02-04,4197,15753,21.33,3844,139
WEL000314,2020-11-03,1305,3362,56.74,1299,95
WEL001914,2024-02-11,1958,7473,28.2,1743,62
WEL000671,2021-02-17,3850,4439,32.17,1093,85
WEL002393,2020-06-03,3868,6026,8.28,4416,143
WEL001513,2018-08-25,2107,5036,53.47,1410,65
WEL001806,2023-05-22,3197,14662,56.0,3885,115
WEL001943,2021-08-14,2374,3347,50.98,1420,110
WEL001478,2018-09-07,3680,5288,6.74,4981,96
WEL002562,2021-12-21,2004,4907,23.56,2496,111
WEL002438,2023-07-04,2720,12294,7.3,2310,149
WEL001232,2018-08-23,2090,17196,46.04,4827,114
WEL002102,2022-05-31,2809,2571,25.63,1572,136
WEL000063,2022-08-20,4930,15471,10.2,2156,96
WEL000374,2021-07-01,976,10807,46.75,3623,55
WEL000426,2019-04-19,1359,2331,25.07,3005,102
WEL002592,2019-05-17,1607,7884,45.26,1125,102
WEL002164,2018-10-06,4220,7384,58.85,4357,82
WEL002042,2021-10-07,4359,16913,59.32,2418,59
WEL000279,2018-05-30,2010,17408,14.6,4002,177
WEL001600,2018-05-14,4994,2708,57.34,4723,93
WEL001566,2021-01-16,484,5818,51.07,3910,135
WEL002993,2022-03-22,645,1608,19.62,1114,96
WEL001665,2019-06-08,2486,17097,49.89,4283,77
WEL001945,2021-05-01,793,5294,51.81,3500,133
WEL001042,2021-07-09,2873,7408,10.12,3883,70
WEL001637,2022-12-25,3644,9230,57.95,1736,134
WEL001299,2022-06-06,4345,9418,43.42,3172,108
WEL002740,2018-08-19,3108,13787,55.59,4335,118
WEL002153,2021-02-28,802,19945,13.8,3103,60
WEL001062,2018-06-20,1367,12602,6.53,3650,51
WEL002177,2020-07-22,4724,18202,45.06,1868,82
WEL001027,2022-11-27,4013,16422,26.31,4760,137
WEL002736,2019-11-21,1593,9269,40.31,1979,112
WEL000241,2018-03-12,3941,7481,43.24,3414,119
WEL001934,2020-02-13,3528,13697,10.54,4572,122
WEL002780,2020-07-17,4596,11081,52.94,4266,78
WEL002394,2022-10-18,602,10776,19.81,4965,87
WEL001167,2022-12-09,4809,14910,13.52,1310,163
WEL002032,2019-04-25,1729,17437,25.54,3414,58
WEL000777,2020-07-18,1374,14328,48.02,4428,70
WEL002779,2024-01-31,274,11825,25.4,3788,112
WEL002493,2018-05-08,3976,17733,6.51,1953,106
WEL001704,2023-06-30,2073,15474,44.32,1742,72
WEL002478,2020-11-04,2256,9372,8.7,4552,152
WEL000374,2024-01-16,4989,4669,29.52,3210,134
WEL000907,2018-08-08,3353,17132,24.1,2438,106
WEL001392,2023-04-05,4128,13776,32.02,3253,62
WEL000214,2022-06-06,4631,14935,21.3,1869,112
WEL002311,2022-12-29,1908,9464,13.27,3628,108
WEL000035,2021-03-16,1104,12019,45.09,1072,74
WEL002268,2022-09-01,1971,9122,55.68,1267,77
WEL000628,2024-10-29,4805,515,43.58,1973,122
WEL001001,2018-08-09,4785,17379,35.99,3337,125
WEL001361,2022-11-26,3918,8067,56.64,4832,144
WEL001331,2020-06-06,2876,17885,47.82,1030,113
WEL001429,2024-04-19,1639,12786,35.58,2161,167
WEL001598,2019-03-30,4439,12391,54.89,3522,163
WEL000303,2018-04-18,4283,4626,33.01,2844,89
WEL000767,2023-07-23,2083,13917,9.44,3836,128
WEL002295,2020-01-29,1748,4481,24.46,4132,175
WEL000422,2023-06-05,592,17011,42.06,3562,149
WEL002442,2021-11-03,4647,14814,31.62,3145,167
WEL000385,2018-02-25,3245,17037,34.15,1271,140
WEL001226,2021-04-12,1285,12164,24.11,3237,157
WEL001962,2020-12-21,2238,7479,19.49,4505,169
WEL000698,2023-04-16,474,1320,21.36,1495,119
WEL001661,2020-08-04,3248,18900,34.82,2019,112
WEL002515,2021-08-28,1632,2667,14.05,3332,105
WEL000368,2023-05-17,2579,18292,40.16,2477,149
WEL000049,2020-01-29,2362,9429,59.3,2223,84
WEL000728,2024-07-29,1258,6279,10.95,1332,80
WEL002711,2018-05-20,4828,9931,44.31,1651,144
WEL000877,2024-04-22,1175,5857,8.28,2931,76
WEL001355,2018-01-13,3095,16626,58.11,4450,101
WEL002256,2021-05-21,153,6959,19.34,1262,122
WEL001303,2019-12-13,4745,5406,5.65,1831,116
WEL000394,2021-02-14,1080,3392,26.35,4612,177
WEL002239,2022-05-05,2377,13300,37.72,3447,66
WEL000725,2021-04-30,4534,3656,10.03,4287,165
WEL002194,2023-08-16,4162,9755,48.58,4649,152
WEL002874,2023-09-13,2750,17229,21.43,2443,161
WEL001574,2019-05-23,4248,12879,49.97,3054,52
WEL001985,2021-01-29,3405,19608,57.12,2226,149
WEL002387,2022-04-18,1396,17935,22.7,3382,168
WEL000471,2021-01-02,2335,4709,6.22,3621,63
WEL000530,2023-07-30,2773,3894,33.48,4299,170
WEL002010,2024-09-17,3856,15098,6.51,4870,177
WEL000208,2019-05-23,1402,17482,49.87,2876,179
WEL001590,2018-07-05,2317,8100,30.37,3523,160
WEL002346,2022-08-19,815,18345,19.75,1510,101
WEL001835,2021-03-18,4984,13970,26.86,4774,94
WEL001545,2024-05-31,4978,8651,32.33,3890,82
WEL000654,2022-02-04,4631,17447,48.98,1442,95
WEL001599,2022-10-15,4393,3980,36.16,3027,67
WEL000544,2020-07-30,2263,16389,39.91,4346,161
WEL001268,2022-12-09,412,17693,23.61,3649,90
WEL001456,2023-08-16,1932,9349,34.1,1128,87
WEL002834,2019-09-29,2625,17559,7.69,1144,59
WEL000502,2018-11-24,1508,17568,23.35,4353,163
WEL002332,2024-11-12,2429,10235,28.84,2023,107
WEL000432,2020-09-19,3557,924,37.13,1560,51
WEL000946,2023-02-02,1316,17490,27.41,1313,87
WEL000901,2023-05-30,207,7064,40.21,3997,107
WEL001778,2023-02-09,4146,7057,29.16,3159,142
WEL002274,2023-04-02,1668,15332,9.87,2726,66
WEL001448,2018-11-15,2747,16984,57.8,2292,130
WEL002145,2020-05-05,3266,14582,24.7,4335,57
WEL000129,2023-10-05,2924,17301,11.34,1585,129
WEL000972,2018-01-20,4330,521,59.65,2938,82
WEL002383,2022-08-31,4188,8462,59.2,1226,130
WEL001915,2022-07-11,3716,15177,44.55,4853,62
WEL001195,2020-05-25,590,19200,59.52,4151,56
WEL002413,2019-07-31,4092,6174,59.74,2496,94
WEL002029,2019-03-21,3824,3755,59.76,4979,121
WEL001941,2022-08-18,1702,12838,16.8,4584,155
WEL002299,2018-01-26,1387,19769,41.84,3756,131
WEL000896,2022-07-26,4937,13133,45.07,1177,72
WEL000599,2022-04-19,1760,6947,45.13,3878,164
WEL001993,2018-10-16,765,3478,32.48,3588,167
WEL002226,2024-04-23,2673,5743,50.86,2637,52
WEL001060,2018-08-25,2023,18763,13.33,4848,70
WEL001123,2021-11-09,977,3165,40.57,2442,83
WEL000682,2019-12-28,3356,6798,38.51,1794,128
WEL001113,2021-06-04,4133,14738,42.24,4477,60
WEL000652,2019-12-10,4442,8212,44.41,4791,123
WEL000048,2023-03-05,1049,4285,29.45,2325,131
WEL000709,2020-02-25,1750,15907,48.22,4733,171
WEL001575,2021-04-01,4637,6347,19.03,3052,164
WEL000863,2023-10-24,4628,14491,51.7,1218,134
WEL001783,2021-03-09,1252,3119,56.5,4946,111
WEL001631,2024-05-20,3350,10001,44.21,2388,77
WEL002287,2023-06-26,1102,3048,46.9,1918,51
WEL000287,2021-01-24,1961,19914,23.51,4269,153
WEL000560,2020-02-16,3129,15609,23.89,2354,173
WEL002416,2023-11-22,3707,15373,59.46,3070,163
WEL001274,2021-11-29,2638,19155,34.42,4465,64
WEL001781,2019-12-14,298,1207,13.16,4358,99
WEL002180,2022-06-28,3225,16677,8.37,4083,145
WEL001346,2020-11-18,4835,10953,28.59,3416,153
WEL002346,2019-08-29,960,14882,55.83,2832,58
WEL002174,2021-09-28,1456,17408,31.62,3784,166
WEL000585,2021-12-10,821,1596,29.74,1794,108
WEL001514,2018-12-02,506,18748,21.83,3733,85
WEL000972,2023-01-15,2897,6827,33.04,3665,125
WEL001898,2019-04-19,4430,13306,59.24,2382,117
WEL001345,2022-10-16,2881,7568,44.75,1451,66
WEL001166,2021-04-15,2725,3746,55.64,1367,68
WEL001030,2020-04-01,1140,3393,57.55,2103,171
WEL001740,2024-11-17,1574,14075,38.3,1166,123
WEL000391,2020-01-26,2662,2996,31.88,1781,50
WEL002350,2018-05-20,915,1801,8.62,4970,83
WEL001502,2023-12-14,2584,9580,29.92,1710,154
WEL001896,2023-10-08,3598,19582,16.92,3885,105
WEL002841,2019-04-17,3304,18484,42.44,2913,52
WEL000752,2020-02-07,1575,18370,35.94,1295,53
WEL001377,2024-02-12,4047,14894,5.97,3797,91
WEL001220,2018-10-19,4227,6978,35.33,1061,106
WEL000978,2022-10-31,2941,18961,23.25,2045,173
WEL002211,2023-03-30,4722,7541,45.3,1086,157
WEL002588,2023-10-23,2702,5739,8.16,2253,124
WEL000407,2018-09-02,1076,2713,51.97,1716,150
WEL001175,2022-12-24,943,9374,19.99,2120,100
WEL002830,2022-11-17,2313,11139,13.38,2064,135
WEL001683,2024-05-27,2534,10151,30.53,2442,125
WEL000144,2023-08-28,211,3877,41.0,3713,165
WEL001920,2024-10-13,3573,5695,58.0,4328,63
WEL000976,2023-08-23,3537,11422,6.12,4219,69
WEL001991,2019-12-30,3605,1530,24.57,4279,138
WEL002876,2022-11-06,4244,11726,18.05,2702,81
WEL000697,2019-07-25,3483,5541,57.17,3472,153
WEL000231,2019-02-03,2280,10054,26.55,4899,124
WEL001024,2019-06-24,4361,8915,13.69,3019,88
WEL000106,2018-01-04,4864,9411,26.47,4608,79
WEL002396,2024-01-10,2728,10826,42.23,3505,51
WEL001514,2021-05-28,1307,7206,55.15,4423,171
WEL002528,2020-08-21,1010,13944,47.92,2680,67
WEL002605,2021-07-13,4001,10906,22.95,2413,70
WEL000567,2023-10-05,3081,5906,25.04,2403,147
WEL001910,2021-05-13,1737,16492,42.71,1728,143
WEL000771,2024-02-11,2746,19527,58.3,4148,73
WEL002708,2022-04-07,2477,15336,31.72,3558,140
WEL001240,2019-02-20,2444,8444,57.7,1281,144
WEL001906,2022-03-19,641,7826,7.87,4046,99
WEL001804,2021-02-20,4056,7280,53.57,1942,126
WEL000184,2023-08-29,399,10388,17.96,1997,98
WEL001529,2018-04-22,3406,12860,13.28,4178,141
WEL001831,2018-06-14,4231,15328,20.5,2838,52
WEL002963,2022-10-31,2001,500,7.1,1347,125
WEL001449,2020-05-02,2384,14638,38.14,4181,177
WEL001687,2019-11-19,197,9371,30.32,2079,135
WEL001107,2020-11-30,3923,12200,9.87,1800,160
WEL002571,2020-05-20,181,11952,31.37,1044,161
WEL002062,2018-03-20,3141,12159,43.3,4764,117
WEL000380,2018-04-29,3542,9504,11.17,1467,123
WEL000010,2023-04-22,2972,14109,57.0,3050,123
WEL001340,2021-08-11,764,3964,12.83,3957,179
WEL000612,2021-10-01,4680,12928,24.25,2855,158
WEL002311,2018-02-14,4783,17308,19.8,1836,143
WEL002281,2020-02-20,4122,9456,14.9,3799,63
WEL001752,2020-12-05,527,13924,27.14,3926,132
WEL000361,2022-03-06,3042,4594,12.18,4820,154
WEL002220,2021-11-01,2224,12903,6.35,1511,85
WEL002347,2024-01-19,3694,7437,49.75,1879,110
WEL001740,2021-03-23,702,2407,21.89,2449,167
WEL001426,2022-08-26,3138,7300,59.2,2846,70
WEL002959,2024-04-10,3290,7049,59.9,1215,116
WEL000285,2021-02-09,703,13799,7.96,2348,50
WEL000191,2018-07-22,3580,19179,20.95,2547,151
WEL002713,2020-06-03,1847,16017,48.3,2621,95
WEL001509,2021-02-07,981,19319,30.14,1543,63
WEL002581,2024-03-26,2106,3157,21.69,3641,91
WEL002081,2022-12-05,4396,19632,22.21,2755,55
WEL002275,2019-06-23,4068,14796,59.77,4600,176
WEL002340,2019-07-13,4648,16242,21.6,3598,92
WEL001187,2024-03-18,2682,10496,17.21,4784,151
WEL002827,2022-01-08,166,12902,24.95,3356,88
WEL000376,2018-11-19,3012,4060,46.51,1838,122
WEL001866,2022-04-04,2237,13116,46.49,2929,130
WEL001701,2020-07-09,3470,9369,38.62,2243,163
WEL000298,2018-08-16,4095,13895,8.96,3488,72
WEL000775,2022-10-08,2106,17652,33.18,3425,66
WEL001426,2020-02-27,2537,16781,59.13,1964,117
WEL002089,2021-07-01,1524,13085,37.34,2156,89
WEL000855,2024-03-26,3172,18109,27.19,4666,88
WEL000250,2021-05-04,2961,19133,10.85,4335,75
WEL002354,2021-12-03,3179,12156,14.26,3306,109
WEL002274,2018-12-31,3033,13635,18.82,3208,144
WEL001285,2022-05-19,3700,6713,23.54,2424,124
WEL000446,2020-11-10,2630,13200,33.32,2694,147
WEL001245,2022-01-09,1624,19982,30.97,2150,152
WEL001109,2018-03-18,1120,18020,18.32,3864,154
WEL002220,2021-07-06,2889,3555,57.63,2285,166
WEL000001,2024-06-08,2105,7676,59.23,1350,54
WEL001178,2021-07-11,3883,18880,10.38,2342,170
WEL000150,2020-01-05,965,11104,42.69,3451,89
WEL002633,2023-01-21,4249,2400,5.05,3213,84
WEL000414,2024-04-23,4152,19692,5.65,3848,77
WEL000701,2023-11-03,2767,7851,56.83,1839,121
WEL000496,2020-02-13,1760,13161,6.75,3487,87
WEL001063,2018-08-10,360,18055,34.87,4718,72
WEL000129,2018-01-15,3803,18811,58.46,4821,150
WEL000417,2021-02-20,3097,1148,59.91,3514,81
WEL001571,2024-01-18,644,13356,16.03,4379,148
WEL000508,2023-04-17,1380,7865,40.65,1329,175
WEL002735,2023-07-24,3560,1186,47.15,4712,156
WEL001793,2022-10-31,619,10191,51.54,2920,81
WEL001469,2020-08-10,1955,19746,13.83,2130,118
WEL001636,2019-12-05,3722,19416,19.56,4941,101
WEL001091,2024-05-07,3659,2593,23.93,4182,115
WEL002692,2019-01-09,4445,8650,5.09,4977,69
WEL000602,2019-11-22,2173,11582,58.43,1127,129
WEL000387,2018-06-15,325,16469,6.58,4915,54
WEL001092,2022-09-25,950,8107,18.21,4513,65
WEL002701,2021-09-04,1291,3341,16.81,3656,158
WEL000188,2021-05-13,954,2497,49.38,4065,98
WEL000745,2019-04-07,2826,4335,9.85,1266,136
WEL002178,2024-05-19,3994,3380,42.08,4764,93
WEL001609,2024-12-11,192,13555,41.48,4846,109
WEL001346,2024-08-07,857,17683,18.1,3532,152
WEL002404,2024-04-28,311,14986,41.73,1528,174
WEL000248,2024-07-17,2540,6680,11.03,2969,165
WEL000795,2022-08-20,3444,18212,30.55,4077,111
WEL000037,2019-08-20,1651,5479,51.15,3767,98
WEL002885,2022-08-12,1901,11314,12.58,2717,176
WEL000466,2023-05-08,3016,767,42.3,2494,86
WEL002125,2024-08-10,826,14935,46.08,4807,157
WEL001848,2023-04-21,2111,16342,19.6,2606,89
WEL001461,2020-01-29,3270,8308,53.54,2004,95
WEL001802,2023-06-25,4158,11872,29.81,4418,70
WEL001238,2024-01-04,1483,3410,42.99,4166,172
WEL002631,2018-12-19,925,18929,57.92,2564,137
WEL001191,2020-01-20,2658,16842,47.87,1791,89
WEL002086,2022-05-24,4615,19903,48.03,2124,101
WEL001390,2024-01-14,321,6292,54.45,4499,75
WEL002373,2021-10-23,3193,14319,45.35,4560,120
WEL001843,2023-11-23,1980,3927,13.02,3218,95
WEL001652,2020-09-24,1504,10306,13.81,4530,77
WEL001182,2018-02-03,1239,6569,41.63,1228,77
WEL002317,2024-08-17,2431,12059,44.99,4501,137
WEL002352,2024-09-24,745,15435,37.35,1124,70
WEL001797,2022-07-11,4591,11037,13.4,4111,168
WEL001663,2020-09-26,2105,19834,48.11,4312,69
WEL000511,2022-05-21,3585,8536,36.43,4430,66
WEL000421,2019-02-21,205,16772,41.89,1628,140
WEL001949,2019-10-27,3906,9527,45.14,3095,121
WEL000711,2022-01-21,3238,8223,48.83,1926,103
WEL000099,2018-07-29,3551,19858,13.24,4993,71
WEL002347,2018-06-30,1220,11352,30.92,3691,96
WEL002388,2021-03-09,3908,6056,10.64,2490,93
WEL001991,2018-12-03,3989,5218,51.68,1940,137
WEL001208,2024-03-09,1894,8868,17.37,2038,82
WEL001878,2020-05-30,269,9161,12.12,1539,140
WEL001366,2021-11-21,123,9490,28.17,1253,99
WEL002678,2021-09-13,3692,17429,5.37,2274,119
WEL001114,2023-11-16,2509,8443,38.24,4384,136
WEL001687,2022-06-05,3577,11444,56.88,4319,83
WEL001878,2023-02-16,3038,2689,20.68,2837,110
WEL001388,2024-07-25,4940,3948,16.8,4081,53
WEL001330,2018-02-06,3403,8179,11.8,2788,86
WEL002556,2024-08-12,3514,7300,32.26,3798,174
WEL002259,2018-01-20,3712,19204,26.11,2392,159
WEL001520,2018-11-23,1947,14969,21.62,2757,160
WEL001665,2020-07-29,297,12304,41.23,4183,92
WEL000639,2022-08-25,1632,19425,29.8,2305,151
WEL002331,2024-12-08,2711,12483,27.55,1949,137
WEL002751,2024-10-01,1215,6129,10.78,4570,175
WEL001869,2023-11-11,2632,4459,57.73,1081,134
WEL001636,2023-06-12,4971,9152,34.28,2128,173
WEL000472,2020-11-09,3346,11232,50.74,1620,58
WEL001809,2023-01-18,1023,10026,48.9,2481,69
WEL002780,2024-04-26,607,3939,59.41,3967,82
WEL001465,2020-10-31,816,18496,12.0,3588,90
WEL001378,2019-03-09,767,19057,58.86,3492,89
WEL002818,2018-06-05,1003,10048,26.74,3821,119
WEL002216,2024-11-05,1542,13018,40.61,4864,90
WEL001617,2018-09-15,638,6185,29.09,3567,148
WEL001642,2023-06-07,591,13891,16.12,2633,105
WEL001977,2024-10-19,4944,11292,8.09,3931,135
WEL001518,2021-08-29,553,16704,16.74,3767,133
WEL001667,2020-11-21,490,6947,46.23,3679,160
WEL002510,2020-04-18,3351,17367,16.03,1429,60
WEL001215,2023-10-21,1589,8776,9.24,4218,121
WEL000156,2022-04-16,1972,11000,59.96,4589,71
WEL002909,2018-12-05,4073,18350,32.89,1730,57
WEL002082,2024-06-30,1512,2316,5.45,2824,90
WEL000951,2021-04-13,2513,16506,34.37,1930,122
WEL001429,2019-04-13,3041,4542,17.34,4849,114
WEL002750,2019-06-27,195,13160,29.55,3267,140
WEL002546,2023-06-24,614,11317,30.83,2503,112
WEL001412,2021-04-02,1940,16411,27.42,1988,111
WEL000521,2019-08-29,275,5290,29.75,4258,67
WEL002804,2020-12-26,3389,19647,56.19,2404,95
WEL001212,2024-07-08,2000,4681,24.5,1735,52
WEL002384,2024-08-12,4743,4970,35.71,4215,140
WEL001687,2019-06-17,3104,13468,55.67,3432,108
WEL002376,2019-02-28,3570,13049,25.38,3354,59
WEL001145,2022-02-04,994,4798,20.38,2881,89
WEL001709,2018-07-12,4606,14246,17.29,4936,79
WEL002317,2021-12-21,4021,9357,58.66,3620,63
WEL000438,2022-10-13,2166,13499,14.56,3163,124
WEL000371,2023-05-31,198,3084,5.29,2790,160
WEL001089,2022-07-24,1054,12898,27.59,3871,106
WEL002215,2024-04-19,4414,10050,19.04,1947,63
WEL002642,2022-04-06,2335,16244,11.1,4541,90
WEL000421,2024-06-19,3074,1069,13.82,3216,165
WEL002382,2024-09-30,1743,1453,31.47,3842,138
WEL000279,2023-05-25,2061,2165,33.2,2843,80
WEL002942,2018-03-04,1844,5242,18.63,2815,53
WEL001366,2018-06-03,4958,16819,5.72,1011,131
WEL000279,2019-05-04,4058,12597,40.82,3673,165
WEL002165,2021-02-06,2471,2334,21.7,2152,159
WEL000559,2021-11-14,1518,1083,11.63,2684,93
WEL001269,2023-12-25,4705,17021,28.3,1124,52
WEL002926,2022-04-23,145,18212,45.34,4356,111
WEL001886,2024-02-17,1760,5858,20.75,2457,73
WEL002633,2024-02-07,1892,17923,27.42,1270,137
WEL002341,2021-05-23,4031,9122,51.45,3578,152
WEL002936,2023-10-18,2227,10387,6.57,4006,123
WEL001059,2023-08-01,4116,1966,21.57,2999,63
WEL001389,2024-10-17,151,18902,54.45,3278,108
WEL000314,2023-09-27,2622,17193,31.14,4445,136
WEL001702,2023-09-16,2776,18302,28.24,1248,179
WEL000476,2022-05-03,3530,922,13.51,3485,144
WEL001343,2019-04-24,1422,16297,35.83,3317,72
WEL001340,2023-04-09,1813,8239,36.27,2062,70
WEL002566,2019-12-11,1839,3529,39.58,3383,139
WEL000020,2023-05-23,4115,17761,34.26,1049,148
WEL001995,2021-12-23,259,18336,6.0,3158,134
WEL002494,2018-12-05,428,4529,6.75,4562,93
WEL002931,2022-05-01,499,3632,32.64,1674,97
WEL000695,2023-07-16,1831,4095,36.39,3377,169
WEL001172,2024-04-23,4804,6201,45.54,3683,154
WEL000377,2024-11-25,4742,2101,39.92,1392,132
WEL001968,2018-02-23,4593,11880,25.4,2256,161
WEL002903,2018-06-15,3422,7892,58.15,1770,130
WEL001110,2018-12-22,4776,6731,18.47,3528,67
WEL000622,2022-10-30,1709,8615,38.0,3237,73
WEL001029,2019-07-12,183,12180,9.53,2347,106
WEL001153,2020-06-09,1850,3119,6.6,3118,142
WEL002091,2024-08-12,4409,19134,50.45,4690,101
WEL000812,2018-04-29,3531,10385,51.72,4171,175
WEL001508,2021-06-01,3975,9804,38.05,2087,170
WEL001490,2023-01-10,758,2452,22.96,4340,129
WEL002970,2019-02-20,1887,12411,14.3,1482,150
WEL001119,2022-12-30,1980,2803,11.79,3078,130
WEL001806,2022-03-24,1444,3287,50.75,2670,83
WEL002522,2019-08-07,1091,14961,23.53,3800,68
WEL001645,2024-12-09,4147,10006,12.8,2124,140
WEL000709,2022-06-16,2311,9602,5.74,4313,114
WEL000988,2020-09-26,2536,3341,42.82,2303,66
WEL002903,2024-10-04,2998,2444,25.75,4322,110
WEL000532,2020-01-11,2316,769,35.91,3648,72
WEL002042,2023-03-08,3705,6862,16.78,3448,108
WEL000564,2018-02-01,4035,7751,16.74,4313,88
WEL000426,2024-06-17,919,13537,11.51,3592,113
WEL001384,2018-06-02,2912,16317,12.19,1772,101
WEL001565,2024-10-19,4904,10585,19.99,4794,58
WEL001978,2023-02-20,945,6577,31.8,4614,60
WEL000818,2024-02-01,2349,10116,38.08,3920,126
WEL002022,2020-03-18,2249,8803,53.37,4848,160
WEL001941,2019-05-11,361,6539,46.34,1970,128
WEL000822,2019-01-31,3350,14800,32.41,2201,152
WEL000941,2023-03-01,4809,10854,32.42,4059,169
WEL000553,2019-12-07,4942,9968,36.78,2929,50
WEL001492,2020-10-11,2863,19890,20.94,3398,169
WEL001507,2023-05-22,4140,6713,6.95,3635,62
WEL001525,2019-06-17,4349,19165,16.03,1764,172
WEL000415,2018-10-10,1539,5679,22.74,4558,71
WEL000171,2023-12-05,671,5440,32.74,2756,138
WEL002309,2019-08-10,3824,9045,24.75,1201,124
WEL000591,2021-09-02,1863,8484,17.91,1088,135
WEL001293,2020-11-12,3258,6498,43.81,4154,126
WEL002901,2021-03-06,661,15130,59.45,2348,100
WEL000871,2020-04-26,4110,12038,15.12,3088,91
WEL002838,2022-06-28,381,12536,59.1,3823,121
WEL000859,2022-04-01,1179,4181,50.19,2715,53
WEL002509,2024-08-16,1032,4720,57.18,1482,153
WEL002707,2019-05-02,3562,3892,32.99,2802,103
WEL002342,2023-10-11,1015,9913,24.37,3373,150
WEL000619,2023-05-05,1219,11352,17.06,1552,127
WEL000190,2020-11-30,2843,2204,34.8,1413,179
WEL000268,2021-10-14,985,15805,59.96,3420,178
WEL002838,2023-12-07,2140,6747,59.44,1871,91
WEL000663,2018-08-11,1969,17100,59.81,1454,153
WEL000008,2018-07-31,1416,17744,45.09,4062,130
WEL001391,2024-07-04,4827,11255,6.06,2328,85
WEL001954,2024-10-03,834,9785,56.96,2927,52
WEL000395,2020-10-04,4500,9756,57.0,1080,72
WEL002532,2018-06-04,117,13826,5.85,4299,144
WEL001841,2022-07-25,2208,19027,35.86,2302,120
WEL001042,2019-08-07,3460,6636,51.05,2497,52
WEL000861,2023-09-27,2656,6759,40.01,1899,162
WEL002539,2018-10-05,3042,2982,57.87,1864,116
WEL000487,2023-11-08,4412,8958,21.84,4834,114
WEL002260,2018-01-23,394,19478,21.17,4153,60
WEL002377,2024-07-03,610,10709,34.23,1218,128
WEL002837,2021-05-13,3995,9132,16.65,2900,166
WEL001956,2020-11-15,4833,19867,50.2,1893,156
WEL001816,2020-12-20,2653,19068,25.57,1340,136
WEL001097,2023-05-03,1690,18896,16.87,3337,148
WEL000679,2019-10-13,2566,1378,33.68,3490,163
WEL001534,2022-05-07,4889,2143,14.1,3692,57
WEL001399,2022-03-18,4519,7991,42.13,4763,102
WEL000902,2023-09-06,3213,15993,17.03,4601,121
WEL001455,2020-10-28,1719,15713,33.55,2449,91
WEL000847,2020-07-07,2491,8882,47.16,4956,72
WEL001298,2023-08-01,740,11951,47.03,4364,102
WEL002990,2023-01-01,4700,8053,38.68,3102,89
WEL001952,2018-02-05,2502,10518,25.71,1405,110
WEL000041,2024-01-19,3186,18234,42.02,3675,143
WEL001128,2019-02-18,2883,13773,57.07,3042,169
WEL002953,2018-04-21,4099,12914,52.62,1166,95
WEL000349,2024-11-26,3199,4081,56.98,4226,65
WEL001893,2019-09-24,1467,10271,40.48,4620,141
WEL001507,2023-08-26,3460,3146,51.44,4528,130
WEL002779,2024-09-30,2364,9281,55.6,4774,74
WEL001604,2023-04-24,170,13011,26.5,2850,163
WEL002678,2018-04-21,2663,9427,56.18,1255,168
WEL002059,2021-08-23,4718,19925,44.8,3948,82
WEL000324,2018-07-11,3687,3517,18.57,2301,137
WEL001912,2023-12-19,4016,13335,6.91,4322,166
WEL001470,2022-03-31,1988,16894,56.96,2870,58
WEL001088,2022-03-10,2359,10899,59.41,4110,72
WEL002608,2018-06-30,1262,6549,59.86,2332,158
WEL002323,2021-01-22,232,6115,26.51,3355,153
WEL000258,2018-10-01,1105,2629,27.54,3193,103
WEL002517,2021-05-05,2095,11721,23.44,2260,89
WEL001477,2018-07-05,4492,15849,15.09,4297,102
WEL002611,2023-01-08,1410,13131,8.2,4189,62
WEL001397,2018-11-18,1787,5830,9.15,4449,143
WEL000642,2023-08-03,2170,3240,55.8,4770,74
WEL002741,2024-02-12,3460,6897,46.57,3672,141
WEL001676,2021-04-12,1907,1568,47.8,2806,169
WEL002078,2020-11-09,105,11267,39.13,1363,113
WEL001831,2018-10-28,4739,13284,5.69,2192,104
WEL001705,2021-03-17,1105,14315,16.59,1001,98
WEL001096,2022-04-05,4891,14662,55.73,1562,64
WEL001670,2019-01-31,4302,13296,5.26,3059,55
WEL001649,2023-11-19,698,10252,21.18,3845,71
WEL002545,2018-08-12,658,16277,45.4,1138,165
WEL001712,2023-03-23,1255,17514,59.61,2820,133
WEL002352,2020-04-17,2339,12694,55.82,2326,51
WEL002767,2018-10-08,3048,13613,16.35,3610,79
WEL002546,2021-10-17,224,14162,54.51,2373,159
WEL002872,2021-03-26,2672,1341,40.56,3970,53
WEL001207,2023-11-14,1626,12004,18.65,2314,119
WEL000991,2020-10-03,1891,11213,7.28,1430,93
WEL000378,2024-10-16,1606,2054,51.13,2093,164
WEL000746,2021-04-10,424,16190,18.89,1074,144
WEL001160,2019-06-22,1880,7927,27.51,1266,164
WEL001518,2020-05-23,3743,13365,53.13,1359,141
WEL001391,2019-10-28,666,9903,47.74,4199,121
WEL001645,2020-06-05,965,3682,50.77,2093,142
WEL001923,2020-09-24,904,14279,38.72,1348,74
WEL001206,2018-08-03,1536,2321,36.76,4266,105
WEL000885,2024-07-26,884,7819,5.19,4039,63
WEL000433,2022-02-25,312,9379,7.1,3368,156
WEL000383,2021-01-05,4075,1260,45.95,2103,127
WEL002413,2020-05-20,4763,6477,20.72,1576,86
WEL000967,2024-11-22,2923,759,13.94,3172,108
WEL000309,2022-11-27,581,15047,44.69,2458,64
WEL002334,2023-06-21,4122,1545,26.98,3512,78
WEL000181,2021-06-09,2201,19919,9.42,1362,119
WEL001957,2020-08-15,295,15068,18.32,4536,166
WEL000514,2024-03-09,4973,7637,55.49,4495,145
WEL002132,2024-12-18,2257,4510,50.32,3391,73
WEL000016,2019-10-27,1108,9977,50.73,1686,159
WEL000695,2021-12-15,741,17757,21.39,1817,55
WEL000108,2020-05-19,1925,11983,45.18,4754,144
WEL001841,2022-01-18,4743,1970,6.9,2313,76
WEL001997,2020-11-22,4215,1408,12.98,4281,95
WEL000493,2018-05-23,534,11098,17.42,3746,123
WEL002509,2019-10-11,401,6707,32.7,2333,58
WEL000646,2019-01-10,2752,6621,41.61,2630,145
WEL000684,2022-03-20,1397,12606,10.2,4370,63
WEL000038,2024-12-04,2224,5210,45.45,2425,87
WEL002443,2022-06-02,4789,3335,32.53,4446,160
WEL001992,2021-08-27,4283,5295,13.72,4499,83
WEL000586,2021-10-08,1661,18216,51.53,3807,99
WEL001203,2018-04-14,2369,5892,33.42,2688,146
WEL000685,2021-03-18,164,14021,53.61,2199,178
WEL000526,2022-12-17,4406,16084,33.14,1850,55
WEL000037,2020-06-09,4986,13311,33.26,2708,61
WEL002888,2020-08-15,1425,6010,16.43,3113,118
WEL001236,2024-10-09,3885,8046,5.67,3072,147
WEL002735,2024-01-27,647,7641,21.63,3704,74
WEL000203,2018-07-31,1971,14429,31.31,4553,151
WEL002640,2023-03-02,2879,11653,36.49,4987,136
WEL002889,2019-09-30,2331,19457,37.29,4152,112
WEL001804,2021-04-04,531,16956,49.0,4743,114
WEL000147,2022-07-03,398,7674,54.53,1115,52
WEL001128,2018-05-25,1368,1274,31.67,3073,142
WEL002933,2019-04-11,771,19473,40.96,2310,160
WEL001670,2020-05-12,3142,9361,19.67,4582,57
WEL001110,2020-01-10,3726,15100,10.15,2573,137
WEL001005,2020-06-22,3795,12978,51.15,2417,77
WEL000959,2019-06-10,1444,14763,46.96,2058,138
WEL000199,2020-05-26,3315,4487,46.77,1121,130
WEL002851,2023-09-01,2280,16885,17.54,1334,86
WEL002680,2023-09-03,3024,1880,57.88,3450,143
WEL001031,2024-11-23,4267,4916,48.28,2067,79
WEL002077,2019-05-11,2368,6672,49.75,1090,130
WEL001983,2021-01-15,903,1327,30.4,2097,82
WEL002923,2022-01-05,2733,11378,18.03,3056,161
WEL000538,2024-05-16,2796,13164,42.17,2349,154
WEL001563,2020-05-04,3165,19021,49.49,4768,160
WEL000170,2024-10-01,4237,7251,21.36,1330,57
